Run,ReleaseDate,LoadDate,spots,bases,spots_with_mates,avgLength,size_MB,AssemblyName,download_path,Experiment,LibraryName,LibraryStrategy,LibrarySelection,LibrarySource,LibraryLayout,InsertSize,InsertDev,Platform,Model,SRAStudy,BioProject,Study_Pubmed_id,ProjectID,Sample,BioSample,SampleType,TaxID,ScientificName,SampleName,g1k_pop_code,source,g1k_analysis_group,Subject_ID,Sex,Disease,Tumor,Affection_Status,Analyte_Type,Histological_Type,Body_Site,CenterName,Submission,dbgap_study_accession,Consent,RunHash,ReadHash
SRR29398425,2024-06-13 14:23:59,2024-06-13 14:17:48,39667978,11622717554,39667978,293,4092,,https://sra-downloadb.be-md.ncbi.nlm.nih.gov/sos6/sra-pub-zq-40/SRR029/29398/SRR29398425/SRR29398425.lite.1,SRX24912291,UMB13_06_hsRNA_full,WGS,RANDOM,METATRANSCRIPTOMIC,PAIRED,0,0,ILLUMINA,Illumina NovaSeq 6000,SRP117119,PRJNA400628,,400628,SRS2500043,SAMN07583927,simple,408170,human gut metagenome,UMB13_06,,,,,,,no,,,,,BROAD INSTITUTE,SRA1897874,,public,3D1144161A02F4837140EA0255DC1CFE,141821DDADEB75BA1ABC84CB1477D38D
SRR29398426,2024-06-13 14:16:10,2024-06-13 14:12:40,20147668,5903266724,20147668,293,2028,,https://sra-downloadb.be-md.ncbi.nlm.nih.gov/sos6/sra-pub-zq-40/SRR029/29398/SRR29398426/SRR29398426.lite.1,SRX24912290,UMB13_00_hsRNA_full,WGS,RANDOM,METATRANSCRIPTOMIC,PAIRED,0,0,ILLUMINA,Illumina NovaSeq 6000,SRP117119,PRJNA400628,,400628,SRS2500060,SAMN07583921,simple,408170,human gut metagenome,UMB13_00,,,,,,,no,,,,,BROAD INSTITUTE,SRA1897874,,public,5F52BCCC27C62A5EC45F0F8A07CBDD0C,D0EB0232BCCEA25608CF4EEFF9ECB257
SRR29398423,2024-06-13 14:16:10,2024-06-13 14:12:53,20790955,6091749815,20790955,293,2129,,https://sra-downloadb.be-md.ncbi.nlm.nih.gov/sos6/sra-pub-zq-40/SRR029/29398/SRR29398423/SRR29398423.lite.1,SRX24912293,UMB15_09_hsRNA_full,WGS,RANDOM,METATRANSCRIPTOMIC,PAIRED,0,0,ILLUMINA,Illumina NovaSeq 6000,SRP117119,PRJNA400628,,400628,SRS2500077,SAMN07583946,simple,408170,human gut metagenome,UMB15_09,,,,,,,no,,,,,BROAD INSTITUTE,SRA1897874,,public,CCA430BFCFB67E3A683FC92181BDAB58,4D9C0163CDEB4A95CD059C5C1D0EA32A
SRR29398424,2024-06-13 14:16:10,2024-06-13 14:13:07,21292908,6238822044,21292908,293,2286,,https://sra-downloadb.be-md.ncbi.nlm.nih.gov/sos6/sra-pub-zq-40/SRR029/29398/SRR29398424/SRR29398424.lite.1,SRX24912292,UMB13_12_hsRNA_full,WGS,RANDOM,METATRANSCRIPTOMIC,PAIRED,0,0,ILLUMINA,Illumina NovaSeq 6000,SRP117119,PRJNA400628,,400628,SRS9254154,SAMN07583933,simple,408170,human gut metagenome,UMB13_12,,,,,,,no,,,,,BROAD INSTITUTE,SRA1897874,,public,05DF07711BCFB9486CC609EF23117BF5,679961A4356517AABC3BFD2C3C599A99
SRR29398422,2024-06-13 14:17:23,2024-06-13 14:14:36,29573686,8665089998,29573686,293,3051,,https://sra-downloadb.be-md.ncbi.nlm.nih.gov/sos6/sra-pub-zq-40/SRR029/29398/SRR29398422/SRR29398422.lite.1,SRX24912294,UMB15_12_hsRNA_full,WGS,RANDOM,METATRANSCRIPTOMIC,PAIRED,0,0,ILLUMINA,Illumina NovaSeq 6000,SRP117119,PRJNA400628,,400628,SRS9254155,SAMN07583949,simple,408170,human gut metagenome,UMB15_12,,,,,,,no,,,,,BROAD INSTITUTE,SRA1897874,,public,FC46F302A5BBB3838686776C374577CD,28B73EF7918AFFE8ECAFBD53C1AF1500
SRR29398431,2024-06-13 14:17:22,2024-06-13 14:15:09,19317709,5660088737,19317709,293,2016,,https://sra-downloadb.be-md.ncbi.nlm.nih.gov/sos6/sra-pub-zq-40/SRR029/29398/SRR29398431/SRR29398431.lite.1,SRX24912285,UMB06_00_hsRNA_full,WGS,RANDOM,METATRANSCRIPTOMIC,PAIRED,0,0,ILLUMINA,Illumina NovaSeq 6000,SRP117119,PRJNA400628,,400628,SRS2499955,SAMN07583834,simple,408170,human gut metagenome,UMB06_00,,,,,,,no,,,,,BROAD INSTITUTE,SRA1897874,,public,1749526A520EBB853A5A77E777CE8E4A,33692609AACC90682859B26454660B45
SRR29398429,2024-06-13 14:16:10,2024-06-13 14:12:03,18078578,5297023354,18078578,293,1900,,https://sra-downloadb.be-md.ncbi.nlm.nih.gov/sos6/sra-pub-zq-40/SRR029/29398/SRR29398429/SRR29398429.lite.1,SRX24912287,UMB07_11_hsRNA_full,WGS,RANDOM,METATRANSCRIPTOMIC,PAIRED,0,0,ILLUMINA,Illumina NovaSeq 6000,SRP117119,PRJNA400628,,400628,SRS2500002,SAMN07583856,simple,408170,human gut metagenome,UMB07_11,,,,,,,no,,,,,BROAD INSTITUTE,SRA1897874,,public,DCC63F5D2773FB6863561D06E7165C3E,237908DF4379137627C11FC420C34B59
SRR29398430,2024-06-13 14:16:10,2024-06-13 14:13:11,22467319,6582924467,22467319,293,2357,,https://sra-downloadb.be-md.ncbi.nlm.nih.gov/sos6/sra-pub-zq-40/SRR029/29398/SRR29398430/SRR29398430.lite.1,SRX24912286,UMB07_06_hsRNA_full,WGS,RANDOM,METATRANSCRIPTOMIC,PAIRED,0,0,ILLUMINA,Illumina NovaSeq 6000,SRP117119,PRJNA400628,,400628,SRS2500003,SAMN07583851,simple,408170,human gut metagenome,UMB07_06,,,,,,,no,,,,,BROAD INSTITUTE,SRA1897874,,public,0AA48FA54BA03A82C889751C125E239C,E3D6889AD1A834127407412ADA4F1041
SRR29398428,2024-06-13 14:16:10,2024-06-13 14:10:49,16705279,4894646747,16705279,293,1747,,https://sra-downloadb.be-md.ncbi.nlm.nih.gov/sos6/sra-pub-zq-40/SRR029/29398/SRR29398428/SRR29398428.lite.1,SRX24912288,UMB08_09_hsRNA_full,WGS,RANDOM,METATRANSCRIPTOMIC,PAIRED,0,0,ILLUMINA,Illumina NovaSeq 6000,SRP117119,PRJNA400628,,400628,SRS2500008,SAMN07583868,simple,408170,human gut metagenome,UMB08_09,,,,,,,no,,,,,BROAD INSTITUTE,SRA1897874,,public,9054FD029FEC4C72E3BD9D09909D9B6F,AF0EAFFF2A5B389E76D1CB75D06305CB
SRR29398427,2024-06-13 14:16:10,2024-06-13 14:11:24,21372704,6262202272,21372704,293,2149,,https://sra-downloadb.be-md.ncbi.nlm.nih.gov/sos6/sra-pub-zq-40/SRR029/29398/SRR29398427/SRR29398427.lite.1,SRX24912289,UMB12_09_hsRNA_full,WGS,RANDOM,METATRANSCRIPTOMIC,PAIRED,0,0,ILLUMINA,Illumina NovaSeq 6000,SRP117119,PRJNA400628,,400628,SRS9254151,SAMN07583917,simple,408170,human gut metagenome,UMB12_09,,,,,,,no,,,,,BROAD INSTITUTE,SRA1897874,,public,8E9A17DB4BD69C4CC98A799F4D9AE4FD,1BB2B1088FE5451BBC0E361A5D24B2E8
SRR29398434,2024-06-13 14:16:10,2024-06-13 14:11:14,15470727,4532923011,15470727,293,1604,,https://sra-downloadb.be-md.ncbi.nlm.nih.gov/sos6/sra-pub-zq-40/SRR029/29398/SRR29398434/SRR29398434.lite.1,SRX24912282,UMB01_10_hsRNA_full,WGS,RANDOM,METATRANSCRIPTOMIC,PAIRED,0,0,ILLUMINA,Illumina NovaSeq 6000,SRP117119,PRJNA400628,,400628,SRS2499913,SAMN07583774,simple,408170,human gut metagenome,UMB01_10,,,,,,,no,,,,,BROAD INSTITUTE,SRA1897874,,public,89EC9B51A54B4660DFB4DC43C7A87C7A,2CDDA38CFECFFBDBFD8F5AA17A5D2DB2
SRR29398435,2024-06-13 14:16:10,2024-06-13 14:09:56,16589429,4860702697,16589429,293,1737,,https://sra-downloadb.be-md.ncbi.nlm.nih.gov/sos6/sra-pub-zq-40/SRR029/29398/SRR29398435/SRR29398435.lite.1,SRX24912281,UMB01_03_hsRNA_full,WGS,RANDOM,METATRANSCRIPTOMIC,PAIRED,0,0,ILLUMINA,Illumina NovaSeq 6000,SRP117119,PRJNA400628,,400628,SRS2499918,SAMN07583767,simple,408170,human gut metagenome,UMB01_03,,,,,,,no,,,,,BROAD INSTITUTE,SRA1897874,,public,8389D7C07F9CD61DFCF64ACBE9F5AEE3,44F7227EC456B3897EC4ACB693A1A455
SRR29398433,2024-06-13 14:16:10,2024-06-13 14:12:18,17496743,5126545699,17496743,293,1827,,https://sra-downloadb.be-md.ncbi.nlm.nih.gov/sos6/sra-pub-zq-40/SRR029/29398/SRR29398433/SRR29398433.lite.1,SRX24912283,UMB03_04_hsRNA_full,WGS,RANDOM,METATRANSCRIPTOMIC,PAIRED,0,0,ILLUMINA,Illumina NovaSeq 6000,SRP117119,PRJNA400628,,400628,SRS2499928,SAMN07583794,simple,408170,human gut metagenome,UMB03_04,,,,,,,no,,,,,BROAD INSTITUTE,SRA1897874,,public,91A5C6EE2C5384269ECD3EF480D182FF,BDD3121E4DACFC84374BFA87FF1A68E1
SRR29398436,2024-06-13 14:16:09,2024-06-13 14:09:33,16168759,4882965218,16168759,302,1788,,https://sra-downloadb.be-md.ncbi.nlm.nih.gov/sos6/sra-pub-zq-40/SRR029/29398/SRR29398436/SRR29398436.lite.1,SRX24912280,UMB31_05_hsDNA_full,WGS,RANDOM,METAGENOMIC,PAIRED,0,0,ILLUMINA,Illumina NovaSeq 6000,SRP117119,PRJNA400628,,400628,SRS2500669,SAMN07584134,simple,408170,human gut metagenome,UMB31_05,,,,,,,no,,,,,BROAD INSTITUTE,SRA1897874,,public,FE223AFD17DDA7808FDFFE34E59CF858,F7683FF261ED857DABE07104BD4BDAAE
SRR29398432,2024-06-13 14:23:59,2024-06-13 14:18:57,37068714,11194751628,37068714,302,4119,,https://sra-downloadb.be-md.ncbi.nlm.nih.gov/sos6/sra-pub-zq-40/SRR029/29398/SRR29398432/SRR29398432.lite.1,SRX24912284,UMB03_05_hsDNA_full,WGS,RANDOM,METAGENOMIC,PAIRED,0,0,ILLUMINA,Illumina NovaSeq 6000,SRP117119,PRJNA400628,,400628,SRS2500874,SAMN07583795,simple,408170,human gut metagenome,UMB03_05,,,,,,,no,,,,,BROAD INSTITUTE,SRA1897874,,public,3F6EF2A8503C46384D073A4622A019AA,B8765895183F631E0E2CCB5696D99B93
SRR29398441,2024-06-13 14:16:09,2024-06-13 14:09:01,10016468,3024973336,10016468,302,1108,,https://sra-downloadb.be-md.ncbi.nlm.nih.gov/sos6/sra-pub-zq-40/SRR029/29398/SRR29398441/SRR29398441.lite.1,SRX24912275,UMB27_12_hsDNA_full,WGS,RANDOM,METAGENOMIC,PAIRED,0,0,ILLUMINA,Illumina NovaSeq 6000,SRP117119,PRJNA400628,,400628,SRS9254199,SAMN07584144,simple,408170,human gut metagenome,UMB27_12,,,,,,,no,,,,,BROAD INSTITUTE,SRA1897874,,public,C5305C7A1827D33911ED5337416C119C,E02A22F89487822CCFB39C2DA57E7CFE
SRR29398440,2024-06-13 14:16:09,2024-06-13 14:09:33,14677452,4432590504,14677452,302,1647,,https://sra-downloadb.be-md.ncbi.nlm.nih.gov/sos6/sra-pub-zq-40/SRR029/29398/SRR29398440/SRR29398440.lite.1,SRX24912276,UMB28_04_hsDNA_full,WGS,RANDOM,METAGENOMIC,PAIRED,0,0,ILLUMINA,Illumina NovaSeq 6000,SRP117119,PRJNA400628,,400628,SRS2500647,SAMN07584109,simple,408170,human gut metagenome,UMB28_04,,,,,,,no,,,,,BROAD INSTITUTE,SRA1897874,,public,A530A4705F38AB3F5995C0D2B39BACDF,7C1EC6BD674FDC5EBDB8979EBAB3E2B2
SRR29398439,2024-06-13 14:16:09,2024-06-13 14:09:30,14462002,4367524604,14462002,302,1627,,https://sra-downloadb.be-md.ncbi.nlm.nih.gov/sos6/sra-pub-zq-40/SRR029/29398/SRR29398439/SRR29398439.lite.1,SRX24912277,UMB28_05_hsDNA_full,WGS,RANDOM,METAGENOMIC,PAIRED,0,0,ILLUMINA,Illumina NovaSeq 6000,SRP117119,PRJNA400628,,400628,SRS2500650,SAMN07584110,simple,408170,human gut metagenome,UMB28_05,,,,,,,no,,,,,BROAD INSTITUTE,SRA1897874,,public,7EC3D32BA954CA6E3C0385C64FE6075F,3796D45FE8572BF22A31E841FCCB8574
SRR29398438,2024-06-13 14:16:09,2024-06-13 14:09:26,13995466,4226630732,13995466,302,1532,,https://sra-downloadb.be-md.ncbi.nlm.nih.gov/sos6/sra-pub-zq-40/SRR029/29398/SRR29398438/SRR29398438.lite.1,SRX24912278,UMB28_06_hsDNA_full,WGS,RANDOM,METAGENOMIC,PAIRED,0,0,ILLUMINA,Illumina NovaSeq 6000,SRP117119,PRJNA400628,,400628,SRS2500658,SAMN07584111,simple,408170,human gut metagenome,UMB28_06,,,,,,,no,,,,,BROAD INSTITUTE,SRA1897874,,public,834094A9D02C84484258110E24225172,919B18FFAA8B2A4ED410BD9D069F905C
SRR29398437,2024-06-13 14:16:09,2024-06-13 14:09:52,10018576,3025609952,10018576,302,1139,,https://sra-downloadb.be-md.ncbi.nlm.nih.gov/sos6/sra-pub-zq-40/SRR029/29398/SRR29398437/SRR29398437.lite.1,SRX24912279,UMB29_04_hsDNA_full,WGS,RANDOM,METAGENOMIC,PAIRED,0,0,ILLUMINA,Illumina NovaSeq 6000,SRP117119,PRJNA400628,,400628,SRS2500663,SAMN07584119,simple,408170,human gut metagenome,UMB29_04,,,,,,,no,,,,,BROAD INSTITUTE,SRA1897874,,public,38D9741B3ECFCFDD6A79239381BFD7FA,150493A8B50A7A9BA292CBD8F1824C31
SRR29398443,2024-06-13 14:16:09,2024-06-13 14:09:11,11493566,3471056932,11493566,302,1290,,https://sra-downloadb.be-md.ncbi.nlm.nih.gov/sos6/sra-pub-zq-40/SRR029/29398/SRR29398443/SRR29398443.lite.1,SRX24912273,UMB03_04_hsDNA_full,WGS,RANDOM,METAGENOMIC,PAIRED,0,0,ILLUMINA,Illumina NovaSeq 6000,SRP117119,PRJNA400628,,400628,SRS2499928,SAMN07583794,simple,408170,human gut metagenome,UMB03_04,,,,,,,no,,,,,BROAD INSTITUTE,SRA1897874,,public,1A281165F2F5384E3836396434AF5A6E,AD4D35C311BEA581865F91703BF0B2BE
SRR29398446,2024-06-14 01:17:42,2024-06-13 14:28:23,108879706,32881671212,108879706,302,11943,,https://sra-downloadb.be-md.ncbi.nlm.nih.gov/sos6/sra-pub-zq-40/SRR029/29398/SRR29398446/SRR29398446.lite.1,SRX24912270,UMB26_03_hsDNA_full,WGS,RANDOM,METAGENOMIC,PAIRED,0,0,ILLUMINA,Illumina NovaSeq 6000,SRP117119,PRJNA400628,,400628,SRS2500122,SAMN07584085,simple,408170,human gut metagenome,UMB26_03,,,,,,,no,,,,,BROAD INSTITUTE,SRA1897874,,public,54A584FCD76D81E6AE0EFB268E5CA55C,723A167EAF5C33DE869402F05AF4303B
SRR29398444,2024-06-13 14:16:09,2024-06-13 14:13:18,21106870,6374274740,21106870,302,2315,,https://sra-downloadb.be-md.ncbi.nlm.nih.gov/sos6/sra-pub-zq-40/SRR029/29398/SRR29398444/SRR29398444.lite.1,SRX24912272,UMB26_05_hsDNA_full,WGS,RANDOM,METAGENOMIC,PAIRED,0,0,ILLUMINA,Illumina NovaSeq 6000,SRP117119,PRJNA400628,,400628,SRS2500127,SAMN07584087,simple,408170,human gut metagenome,UMB26_05,,,,,,,no,,,,,BROAD INSTITUTE,SRA1897874,,public,E868860428B4BF30C514022799C01E95,660A31A729B9C42BD6B0C5C95ED0965F
SRR29398445,2024-06-13 14:16:09,2024-06-13 14:10:12,18974328,5730247056,18974328,302,2126,,https://sra-downloadb.be-md.ncbi.nlm.nih.gov/sos6/sra-pub-zq-40/SRR029/29398/SRR29398445/SRR29398445.lite.1,SRX24912271,UMB26_04_hsDNA_full,WGS,RANDOM,METAGENOMIC,PAIRED,0,0,ILLUMINA,Illumina NovaSeq 6000,SRP117119,PRJNA400628,,400628,SRS2500169,SAMN07584086,simple,408170,human gut metagenome,UMB26_04,,,,,,,no,,,,,BROAD INSTITUTE,SRA1897874,,public,CBAA6A5B0D7FD1753CBB4A8EF987D1DC,6C22A3B20DA9A5241AF9E50340B0A971
SRR29398442,2024-06-13 14:16:09,2024-06-13 14:09:54,17455759,5271639218,17455759,302,1924,,https://sra-downloadb.be-md.ncbi.nlm.nih.gov/sos6/sra-pub-zq-40/SRR029/29398/SRR29398442/SRR29398442.lite.1,SRX24912274,UMB26_08_hsDNA_full,WGS,RANDOM,METAGENOMIC,PAIRED,0,0,ILLUMINA,Illumina NovaSeq 6000,SRP117119,PRJNA400628,,400628,SRS9254189,SAMN07584090,simple,408170,human gut metagenome,UMB26_08,,,,,,,no,,,,,BROAD INSTITUTE,SRA1897874,,public,CBE218C89061DB9AEBBF93EFD4E56A40,B6B29BD1DC77C4DE37867572B22CF67D
SRR29398451,2024-06-13 14:16:09,2024-06-13 14:14:07,28760032,8685529664,28760032,302,3227,,https://sra-downloadb.be-md.ncbi.nlm.nih.gov/sos6/sra-pub-zq-40/SRR029/29398/SRR29398451/SRR29398451.lite.1,SRX24912265,UMB06_00_hsDNA_full,WGS,RANDOM,METAGENOMIC,PAIRED,0,0,ILLUMINA,Illumina NovaSeq 6000,SRP117119,PRJNA400628,,400628,SRS2499955,SAMN07583834,simple,408170,human gut metagenome,UMB06_00,,,,,,,no,,,,,BROAD INSTITUTE,SRA1897874,,public,8D20B95214520D931B62C018E6CAEB0F,A88F907633A57BA069DF2FEEE2916A24
SRR29398450,2024-06-13 14:16:09,2024-06-13 14:09:15,11565345,3492734190,11565345,302,1304,,https://sra-downloadb.be-md.ncbi.nlm.nih.gov/sos6/sra-pub-zq-40/SRR029/29398/SRR29398450/SRR29398450.lite.1,SRX24912266,UMB07_06_hsDNA_full,WGS,RANDOM,METAGENOMIC,PAIRED,0,0,ILLUMINA,Illumina NovaSeq 6000,SRP117119,PRJNA400628,,400628,SRS2500003,SAMN07583851,simple,408170,human gut metagenome,UMB07_06,,,,,,,no,,,,,BROAD INSTITUTE,SRA1897874,,public,EA27C0AAB5F1BD1CF737DECFD137E08A,CAC73A6AB232BE57A398DEE28443E69E
SRR29398449,2024-06-13 14:16:09,2024-06-13 14:10:00,17003670,5135108340,17003670,302,1911,,https://sra-downloadb.be-md.ncbi.nlm.nih.gov/sos6/sra-pub-zq-40/SRR029/29398/SRR29398449/SRR29398449.lite.1,SRX24912267,UMB25_11_hsDNA_full,WGS,RANDOM,METAGENOMIC,PAIRED,0,0,ILLUMINA,Illumina NovaSeq 6000,SRP117119,PRJNA400628,,400628,SRS9254186,SAMN07584082,simple,408170,human gut metagenome,UMB25_11,,,,,,,no,,,,,BROAD INSTITUTE,SRA1897874,,public,448C61C282523A092866D77B2155489B,8D2CC25A117B561ED6656F0B2FAD741C
SRR29398448,2024-06-13 14:16:09,2024-06-13 14:11:56,32645633,9858981166,32645633,302,3635,,https://sra-downloadb.be-md.ncbi.nlm.nih.gov/sos6/sra-pub-zq-40/SRR029/29398/SRR29398448/SRR29398448.lite.1,SRX24912268,UMB26_01_hsDNA_full,WGS,RANDOM,METAGENOMIC,PAIRED,0,0,ILLUMINA,Illumina NovaSeq 6000,SRP117119,PRJNA400628,,400628,SRS2500164,SAMN07584083,simple,408170,human gut metagenome,UMB26_01,,,,,,,no,,,,,BROAD INSTITUTE,SRA1897874,,public,C9163DB34C696AE145514453BD244089,44BC0F535B1124AC66AD31B3435411CF
SRR29398447,2024-06-13 14:19:10,2024-06-13 14:15:21,50693089,15309312878,50693089,302,5649,,https://sra-downloadb.be-md.ncbi.nlm.nih.gov/sos6/sra-pub-zq-40/SRR029/29398/SRR29398447/SRR29398447.lite.1,SRX24912269,UMB26_02_hsDNA_full,WGS,RANDOM,METAGENOMIC,PAIRED,0,0,ILLUMINA,Illumina NovaSeq 6000,SRP117119,PRJNA400628,,400628,SRS2500168,SAMN07584084,simple,408170,human gut metagenome,UMB26_02,,,,,,,no,,,,,BROAD INSTITUTE,SRA1897874,,public,61078C244C993445C41259549958157D,1E9A3592E7BAFF7E71CA5060FA8CA5A5
SRR29398454,2024-06-13 14:16:09,2024-06-13 14:12:29,21746867,6371832031,21746867,293,2284,,https://sra-downloadb.be-md.ncbi.nlm.nih.gov/sos6/sra-pub-zq-40/SRR029/29398/SRR29398454/SRR29398454.lite.1,SRX24912262,UMB28_04_hsRNA_full,WGS,RANDOM,METATRANSCRIPTOMIC,PAIRED,0,0,ILLUMINA,Illumina NovaSeq 6000,SRP117119,PRJNA400628,,400628,SRS2500647,SAMN07584109,simple,408170,human gut metagenome,UMB28_04,,,,,,,no,,,,,BROAD INSTITUTE,SRA1897874,,public,E77F20D756AD434D39322B3726909068,C77EA6447E1EE66992942053F0140589
SRR29398455,2024-06-13 14:16:08,2024-06-13 14:12:43,17058355,4998098015,17058355,293,1698,,https://sra-downloadb.be-md.ncbi.nlm.nih.gov/sos6/sra-pub-zq-40/SRR029/29398/SRR29398455/SRR29398455.lite.1,SRX24912261,UMB28_03_hsRNA_full,WGS,RANDOM,METATRANSCRIPTOMIC,PAIRED,0,0,ILLUMINA,Illumina NovaSeq 6000,SRP117119,PRJNA400628,,400628,SRS2500649,SAMN07584108,simple,408170,human gut metagenome,UMB28_03,,,,,,,no,,,,,BROAD INSTITUTE,SRA1897874,,public,DDE980FC24B6C7D9D9F488C9CE60067E,CD20168FDD74C4E545FC469BDE3C5EFE
SRR29398456,2024-06-13 14:33:25,2024-06-13 14:28:34,75535594,22131929042,75535594,293,7505,,https://sra-downloadb.be-md.ncbi.nlm.nih.gov/sos6/sra-pub-zq-40/SRR029/29398/SRR29398456/SRR29398456.lite.1,SRX24912260,UMB28_01_hsRNA_full,WGS,RANDOM,METATRANSCRIPTOMIC,PAIRED,0,0,ILLUMINA,Illumina NovaSeq 6000,SRP117119,PRJNA400628,,400628,SRS2500653,SAMN07584106,simple,408170,human gut metagenome,UMB28_01,,,,,,,no,,,,,BROAD INSTITUTE,SRA1897874,,public,11E1FA206D82FE5A01C5A1753D29B5C3,0B1D0F8C59F7FAE8467C2C515D6B5EA4
SRR29398453,2024-06-13 14:16:09,2024-06-13 14:09:51,15273946,4475266178,15273946,293,1578,,https://sra-downloadb.be-md.ncbi.nlm.nih.gov/sos6/sra-pub-zq-40/SRR029/29398/SRR29398453/SRR29398453.lite.1,SRX24912263,UMB28_06_hsRNA_full,WGS,RANDOM,METATRANSCRIPTOMIC,PAIRED,0,0,ILLUMINA,Illumina NovaSeq 6000,SRP117119,PRJNA400628,,400628,SRS2500658,SAMN07584111,simple,408170,human gut metagenome,UMB28_06,,,,,,,no,,,,,BROAD INSTITUTE,SRA1897874,,public,56C207DF97C260D93EDBD7A71C7F5AD6,BAD93CBC547352DD4ECF98D01F3BC8D9
SRR29398452,2024-06-13 14:16:09,2024-06-13 14:11:25,28415415,8325716595,28415415,293,2817,,https://sra-downloadb.be-md.ncbi.nlm.nih.gov/sos6/sra-pub-zq-40/SRR029/29398/SRR29398452/SRR29398452.lite.1,SRX24912264,UMB28_07_hsRNA_full,WGS,RANDOM,METATRANSCRIPTOMIC,PAIRED,0,0,ILLUMINA,Illumina NovaSeq 6000,SRP117119,PRJNA400628,,400628,SRS9254200,SAMN07584112,simple,408170,human gut metagenome,UMB28_07,,,,,,,no,,,,,BROAD INSTITUTE,SRA1897874,,public,C50451692AB3C7A9C80877292C9D8C31,5B0D02F7E9ADC4A813557F6CBA8F2DD2
SRR29398459,2024-06-13 14:16:08,2024-06-13 14:10:16,17444960,5268377920,17444960,302,1929,,https://sra-downloadb.be-md.ncbi.nlm.nih.gov/sos6/sra-pub-zq-40/SRR029/29398/SRR29398459/SRR29398459.lite.1,SRX24912257,UMB03_11_hsDNA_full,WGS,RANDOM,METAGENOMIC,PAIRED,0,0,ILLUMINA,Illumina NovaSeq 6000,SRP117119,PRJNA400628,,400628,SRS2499938,SAMN07583801,simple,408170,human gut metagenome,UMB03_11,,,,,,,no,,,,,BROAD INSTITUTE,SRA1897874,,public,71F82DB57BA24369727CF0431BDBB9E8,A11C28B09213E7F444E830F9B348A93E
SRR29398461,2024-06-13 14:16:08,2024-06-13 14:13:39,21600423,6328923939,21600423,293,2244,,https://sra-downloadb.be-md.ncbi.nlm.nih.gov/sos6/sra-pub-zq-40/SRR029/29398/SRR29398461/SRR29398461.lite.1,SRX24912255,UMB25_07_hsRNA_full,WGS,RANDOM,METATRANSCRIPTOMIC,PAIRED,0,0,ILLUMINA,Illumina NovaSeq 6000,SRP117119,PRJNA400628,,400628,SRS9254182,SAMN07584078,simple,408170,human gut metagenome,UMB25_07,,,,,,,no,,,,,BROAD INSTITUTE,SRA1897874,,public,E93C2F6D77009078A3ED85B02784C16E,920A36AABB7101787B8B0B401BAAA974
SRR29398460,2024-06-13 14:16:08,2024-06-13 14:12:09,20046525,5873631825,20046525,293,2115,,https://sra-downloadb.be-md.ncbi.nlm.nih.gov/sos6/sra-pub-zq-40/SRR029/29398/SRR29398460/SRR29398460.lite.1,SRX24912256,UMB27_00_hsRNA_full,WGS,RANDOM,METATRANSCRIPTOMIC,PAIRED,0,0,ILLUMINA,Illumina NovaSeq 6000,SRP117119,PRJNA400628,,400628,SRS2500131,SAMN07584094,simple,408170,human gut metagenome,UMB27_00,,,,,,,no,,,,,BROAD INSTITUTE,SRA1897874,,public,BFEE19D5F97D6D1A629BF887CEEEF88D,417E2DA2BE7292380242CA6E685C0567
SRR29398458,2024-06-13 14:19:10,2024-06-13 14:16:10,39194356,11483946308,39194356,293,4025,,https://sra-downloadb.be-md.ncbi.nlm.nih.gov/sos6/sra-pub-zq-40/SRR029/29398/SRR29398458/SRR29398458.lite.1,SRX24912258,UMB27_05_hsRNA_full,WGS,RANDOM,METATRANSCRIPTOMIC,PAIRED,0,0,ILLUMINA,Illumina NovaSeq 6000,SRP117119,PRJNA400628,,400628,SRS2500654,SAMN07584098,simple,408170,human gut metagenome,UMB27_05,,,,,,,no,,,,,BROAD INSTITUTE,SRA1897874,,public,3F9BD74CC9C26061C7115CB32CEDE044,4F837574EEE09E4499F426974D1910BC
SRR29398457,2024-06-13 14:16:08,2024-06-13 14:12:21,15837906,4640506458,15837906,293,1661,,https://sra-downloadb.be-md.ncbi.nlm.nih.gov/sos6/sra-pub-zq-40/SRR029/29398/SRR29398457/SRR29398457.lite.1,SRX24912259,UMB27_07_hsRNA_full,WGS,RANDOM,METATRANSCRIPTOMIC,PAIRED,0,0,ILLUMINA,Illumina NovaSeq 6000,SRP117119,PRJNA400628,,400628,SRS9254193,SAMN07584100,simple,408170,human gut metagenome,UMB27_07,,,,,,,no,,,,,BROAD INSTITUTE,SRA1897874,,public,62AF2174783AD06DEE7DE95E2B603656,25A29D503FD8E1ADEA51129C332C3F58
SRR29398466,2024-06-13 14:16:08,2024-06-13 14:11:08,27473787,8049819591,27473787,293,2862,,https://sra-downloadb.be-md.ncbi.nlm.nih.gov/sos6/sra-pub-zq-40/SRR029/29398/SRR29398466/SRR29398466.lite.1,SRX24912250,UMB20_01.2_hsRNA_full,WGS,RANDOM,METATRANSCRIPTOMIC,PAIRED,0,0,ILLUMINA,Illumina NovaSeq 6000,SRP117119,PRJNA400628,,400628,SRS2500167,SAMN07583998,simple,408170,human gut metagenome,UMB20_01.2,,,,,,,no,,,,,BROAD INSTITUTE,SRA1897874,,public,3F4418FEDC9BB3BBD52E2431CCEC81BD,1E35521318D69C864304066C44D3B2A8
SRR29398465,2024-06-13 14:16:08,2024-06-13 14:10:19,24723394,7243954442,24723394,293,2521,,https://sra-downloadb.be-md.ncbi.nlm.nih.gov/sos6/sra-pub-zq-40/SRR029/29398/SRR29398465/SRR29398465.lite.1,SRX24912251,UMB22_04_hsRNA_full,WGS,RANDOM,METATRANSCRIPTOMIC,PAIRED,0,0,ILLUMINA,Illumina NovaSeq 6000,SRP117119,PRJNA400628,,400628,SRS2500116,SAMN07584031,simple,408170,human gut metagenome,UMB22_04,,,,,,,no,,,,,BROAD INSTITUTE,SRA1897874,,public,6B163F1E1F3F23ED1CA87062649CF568,109FD02B0047795D6E3A3BA6C4B72AAB
SRR29398464,2024-06-13 14:16:08,2024-06-13 14:14:02,16513586,4838480698,16513586,293,1802,,https://sra-downloadb.be-md.ncbi.nlm.nih.gov/sos6/sra-pub-zq-40/SRR029/29398/SRR29398464/SRR29398464.lite.1,SRX24912252,UMB24_02_hsRNA_full,WGS,RANDOM,METATRANSCRIPTOMIC,PAIRED,0,0,ILLUMINA,Illumina NovaSeq 6000,SRP117119,PRJNA400628,,400628,SRS2500118,SAMN07584058,simple,408170,human gut metagenome,UMB24_02,,,,,,,no,,,,,BROAD INSTITUTE,SRA1897874,,public,81D5354A898FD0F25272CFED4603B106,FD7D0CB7B6139170DE4931814139E3F6
SRR29398463,2024-06-13 14:23:59,2024-06-13 14:17:59,37595068,11015354924,37595068,293,3851,,https://sra-downloadb.be-md.ncbi.nlm.nih.gov/sos6/sra-pub-zq-40/SRR029/29398/SRR29398463/SRR29398463.lite.1,SRX24912253,UMB24_03_hsRNA_full,WGS,RANDOM,METATRANSCRIPTOMIC,PAIRED,0,0,ILLUMINA,Illumina NovaSeq 6000,SRP117119,PRJNA400628,,400628,SRS2500108,SAMN07584059,simple,408170,human gut metagenome,UMB24_03,,,,,,,no,,,,,BROAD INSTITUTE,SRA1897874,,public,506D88C2A7DFBC69957804D589869DA7,5A59A699064AC1F0B1FDC58CF9AE064B
SRR29398462,2024-06-13 14:16:08,2024-06-13 14:12:17,19202436,5626313748,19202436,293,2039,,https://sra-downloadb.be-md.ncbi.nlm.nih.gov/sos6/sra-pub-zq-40/SRR029/29398/SRR29398462/SRR29398462.lite.1,SRX24912254,UMB25_02_hsRNA_full,WGS,RANDOM,METATRANSCRIPTOMIC,PAIRED,0,0,ILLUMINA,Illumina NovaSeq 6000,SRP117119,PRJNA400628,,400628,SRS2500154,SAMN07584073,simple,408170,human gut metagenome,UMB25_02,,,,,,,no,,,,,BROAD INSTITUTE,SRA1897874,,public,F629BF772EE55BC849F9BE7479F68C73,109AE29F2F1F721BF2296551D99F9FE4
SRR29398470,2024-06-13 14:16:08,2024-06-13 14:10:28,17152977,5180199054,17152977,302,1893,,https://sra-downloadb.be-md.ncbi.nlm.nih.gov/sos6/sra-pub-zq-40/SRR029/29398/SRR29398470/SRR29398470.lite.1,SRX24912246,UMB03_09_hsDNA_full,WGS,RANDOM,METAGENOMIC,PAIRED,0,0,ILLUMINA,Illumina NovaSeq 6000,SRP117119,PRJNA400628,,400628,SRS2499929,SAMN07583799,simple,408170,human gut metagenome,UMB03_09,,,,,,,no,,,,,BROAD INSTITUTE,SRA1897874,,public,B938EE960BD738948DC6F436DF596F3B,C55D74560AF774FA1BBE9F9AEA807B34
SRR29398469,2024-06-13 14:16:08,2024-06-13 14:10:38,15768865,4620277445,15768865,293,1648,,https://sra-downloadb.be-md.ncbi.nlm.nih.gov/sos6/sra-pub-zq-40/SRR029/29398/SRR29398469/SRR29398469.lite.1,SRX24912247,UMB18_10_hsRNA_full,WGS,RANDOM,METATRANSCRIPTOMIC,PAIRED,0,0,ILLUMINA,Illumina NovaSeq 6000,SRP117119,PRJNA400628,,400628,SRS9254337,SAMN07583979,simple,408170,human gut metagenome,UMB18_10,,,,,,,no,,,,,BROAD INSTITUTE,SRA1897874,,public,07AD8F74C3494160150A0E08FA2BCAD5,45F74FF8365C9D79FC59D82AD3BD0E85
SRR29398468,2024-06-13 14:16:08,2024-06-13 14:14:18,26869282,7872699626,26869282,293,2866,,https://sra-downloadb.be-md.ncbi.nlm.nih.gov/sos6/sra-pub-zq-40/SRR029/29398/SRR29398468/SRR29398468.lite.1,SRX24912248,UMB19_04_hsRNA_full,WGS,RANDOM,METATRANSCRIPTOMIC,PAIRED,0,0,ILLUMINA,Illumina NovaSeq 6000,SRP117119,PRJNA400628,,400628,SRS2500128,SAMN07583986,simple,408170,human gut metagenome,UMB19_04,,,,,,,no,,,,,BROAD INSTITUTE,SRA1897874,,public,4245C8E24C2C74422E7580FDE7271591,9C340AFAB8AAF91881110B78701C5E74
SRR29398467,2024-06-13 14:16:08,2024-06-13 14:11:07,24974976,7317667968,24974976,293,2515,,https://sra-downloadb.be-md.ncbi.nlm.nih.gov/sos6/sra-pub-zq-40/SRR029/29398/SRR29398467/SRR29398467.lite.1,SRX24912249,UMB19_09_hsRNA_full,WGS,RANDOM,METATRANSCRIPTOMIC,PAIRED,0,0,ILLUMINA,Illumina NovaSeq 6000,SRP117119,PRJNA400628,,400628,SRS9254340,SAMN07583991,simple,408170,human gut metagenome,UMB19_09,,,,,,,no,,,,,BROAD INSTITUTE,SRA1897874,,public,7B70D7E4466435C83EC29B7E8FD1DAA8,E0369CA1FA4201BA458888A2FBF37841
SRR29398471,2024-06-13 14:16:08,2024-06-13 14:13:21,29044431,8771418162,29044431,302,3195,,https://sra-downloadb.be-md.ncbi.nlm.nih.gov/sos6/sra-pub-zq-40/SRR029/29398/SRR29398471/SRR29398471.lite.1,SRX24912245,UMB24_12_hsDNA_full,WGS,RANDOM,METAGENOMIC,PAIRED,0,0,ILLUMINA,Illumina NovaSeq 6000,SRP117119,PRJNA400628,,400628,SRS9254181,SAMN07584071,simple,408170,human gut metagenome,UMB24_12,,,,,,,no,,,,,BROAD INSTITUTE,SRA1897874,,public,5255DC8F9561455C850D25FE814ACA76,411153D8ED3112C77FA62D86ECC95D74
SRR29398475,2024-06-13 14:16:08,2024-06-13 14:10:40,16218418,4897962236,16218418,302,1806,,https://sra-downloadb.be-md.ncbi.nlm.nih.gov/sos6/sra-pub-zq-40/SRR029/29398/SRR29398475/SRR29398475.lite.1,SRX24912241,UMB02_10_hsDNA_full,WGS,RANDOM,METAGENOMIC,PAIRED,0,0,ILLUMINA,Illumina NovaSeq 6000,SRP117119,PRJNA400628,,400628,SRS2499930,SAMN07583787,simple,408170,human gut metagenome,UMB02_10,,,,,,,no,,,,,BROAD INSTITUTE,SRA1897874,,public,5B3D744269A1F3BE24C725AF79B0CA19,76235096C81051B738995E9B7EC44855
SRR29398474,2024-06-13 14:16:08,2024-06-13 14:13:48,16996816,5133038432,16996816,302,1881,,https://sra-downloadb.be-md.ncbi.nlm.nih.gov/sos6/sra-pub-zq-40/SRR029/29398/SRR29398474/SRR29398474.lite.1,SRX24912242,UMB24_03_hsDNA_full,WGS,RANDOM,METAGENOMIC,PAIRED,0,0,ILLUMINA,Illumina NovaSeq 6000,SRP117119,PRJNA400628,,400628,SRS2500108,SAMN07584059,simple,408170,human gut metagenome,UMB24_03,,,,,,,no,,,,,BROAD INSTITUTE,SRA1897874,,public,B697B2341B001551291C4007534FC0CC,43BB40DF41E0D5AF053FF4E9558D0CB1
SRR29398476,2024-06-13 14:16:08,2024-06-13 14:09:26,11293421,3410613142,11293421,302,1253,,https://sra-downloadb.be-md.ncbi.nlm.nih.gov/sos6/sra-pub-zq-40/SRR029/29398/SRR29398476/SRR29398476.lite.1,SRX24912240,UMB22_04_hsDNA_full,WGS,RANDOM,METAGENOMIC,PAIRED,0,0,ILLUMINA,Illumina NovaSeq 6000,SRP117119,PRJNA400628,,400628,SRS2500116,SAMN07584031,simple,408170,human gut metagenome,UMB22_04,,,,,,,no,,,,,BROAD INSTITUTE,SRA1897874,,public,60523828A61B12B2B62EC7B974D7970E,79D25541B5BBB9EA3EAE76119F8E3D6F
SRR29398473,2024-06-13 14:23:59,2024-06-13 14:21:18,90622084,27367869368,90622084,302,10155,,https://sra-downloadb.be-md.ncbi.nlm.nih.gov/sos6/sra-pub-zq-40/SRR029/29398/SRR29398473/SRR29398473.lite.1,SRX24912243,UMB24_09.1_hsDNA_full,WGS,RANDOM,METAGENOMIC,PAIRED,0,0,ILLUMINA,Illumina NovaSeq 6000,SRP117119,PRJNA400628,,400628,SRS9254177,SAMN07584066,simple,408170,human gut metagenome,UMB24_09.1,,,,,,,no,,,,,BROAD INSTITUTE,SRA1897874,,public,3B9BF1F583B32BB2B41CAAE5F9DE8DE0,FE48B7D900CE60DB757C76C2456CFE06
SRR29398472,2024-06-13 14:26:23,2024-06-13 14:21:28,98227939,29664837578,98227939,302,11026,,https://sra-downloadb.be-md.ncbi.nlm.nih.gov/sos6/sra-pub-zq-40/SRR029/29398/SRR29398472/SRR29398472.lite.1,SRX24912244,UMB24_10.1_hsDNA_full,WGS,RANDOM,METAGENOMIC,PAIRED,0,0,ILLUMINA,Illumina NovaSeq 6000,SRP117119,PRJNA400628,,400628,SRS9254179,SAMN07584069,simple,408170,human gut metagenome,UMB24_10.1,,,,,,,no,,,,,BROAD INSTITUTE,SRA1897874,,public,B2DD1414C0329B8EEB324EC8A9190E46,0E5EECBFC82C8595575C77E5F04A6AD1
SRR29398480,2024-06-13 14:16:07,2024-06-13 14:12:58,14959582,4517793764,14959582,302,1635,,https://sra-downloadb.be-md.ncbi.nlm.nih.gov/sos6/sra-pub-zq-40/SRR029/29398/SRR29398480/SRR29398480.lite.1,SRX24912236,UMB18_00.1_hsDNA_full,WGS,RANDOM,METAGENOMIC,PAIRED,0,0,ILLUMINA,Illumina NovaSeq 6000,SRP117119,PRJNA400628,,400628,SRS2500030,SAMN07583966,simple,408170,human gut metagenome,UMB18_00.1,,,,,,,no,,,,,BROAD INSTITUTE,SRA1897874,,public,4482917CB322FE23A608A363E6929CF8,0CD6DDD8BAD2E0877311F501D952396A
SRR29398481,2024-06-13 14:16:07,2024-06-13 14:11:41,11245710,3396204420,11245710,302,1258,,https://sra-downloadb.be-md.ncbi.nlm.nih.gov/sos6/sra-pub-zq-40/SRR029/29398/SRR29398481/SRR29398481.lite.1,SRX24912235,UMB15_06_hsDNA_full,WGS,RANDOM,METAGENOMIC,PAIRED,0,0,ILLUMINA,Illumina NovaSeq 6000,SRP117119,PRJNA400628,,400628,SRS2500083,SAMN07583943,simple,408170,human gut metagenome,UMB15_06,,,,,,,no,,,,,BROAD INSTITUTE,SRA1897874,,public,9396C15A22C88C26F34CE951E9198F6C,EA49797990B3627F9E9760DA8AB8CBF8
SRR29398477,2024-06-13 14:16:08,2024-06-13 14:09:26,11363470,3431767940,11363470,302,1257,,https://sra-downloadb.be-md.ncbi.nlm.nih.gov/sos6/sra-pub-zq-40/SRR029/29398/SRR29398477/SRR29398477.lite.1,SRX24912239,UMB20_04.1_hsDNA_full,WGS,RANDOM,METAGENOMIC,PAIRED,0,0,ILLUMINA,Illumina NovaSeq 6000,SRP117119,PRJNA400628,,400628,SRS2508950,SAMN07584005,simple,408170,human gut metagenome,UMB20_04.1,,,,,,,no,,,,,BROAD INSTITUTE,SRA1897874,,public,1BA054EA02823E855C1FB04C3DBF0B42,A3691583C21803629FAB7A31C11A2771
SRR29398478,2024-06-13 14:16:07,2024-06-13 14:11:32,11197233,3381564366,11197233,302,1256,,https://sra-downloadb.be-md.ncbi.nlm.nih.gov/sos6/sra-pub-zq-40/SRR029/29398/SRR29398478/SRR29398478.lite.1,SRX24912238,UMB19_12_hsDNA_full,WGS,RANDOM,METAGENOMIC,PAIRED,0,0,ILLUMINA,Illumina NovaSeq 6000,SRP117119,PRJNA400628,,400628,SRS9254157,SAMN07583994,simple,408170,human gut metagenome,UMB19_12,,,,,,,no,,,,,BROAD INSTITUTE,SRA1897874,,public,3D5937422D5B47C7688B59C454BB4849,B513FD8F51E2544B002C7ADF391BB5FF
SRR29398479,2024-06-13 14:16:07,2024-06-13 14:12:18,19070284,5759225768,19070284,302,2136,,https://sra-downloadb.be-md.ncbi.nlm.nih.gov/sos6/sra-pub-zq-40/SRR029/29398/SRR29398479/SRR29398479.lite.1,SRX24912237,UMB18_12_hsDNA_full,WGS,RANDOM,METAGENOMIC,PAIRED,0,0,ILLUMINA,Illumina NovaSeq 6000,SRP117119,PRJNA400628,,400628,SRS9254338,SAMN07583982,simple,408170,human gut metagenome,UMB18_12,,,,,,,no,,,,,BROAD INSTITUTE,SRA1897874,,public,3B5748AA71A2233D4936250C4F545E9E,0C3BF6F116BB60A135C44F5FDE9B9143
SRR29398486,2024-06-13 14:16:07,2024-06-13 14:11:48,12008970,3626708940,12008970,302,1343,,https://sra-downloadb.be-md.ncbi.nlm.nih.gov/sos6/sra-pub-zq-40/SRR029/29398/SRR29398486/SRR29398486.lite.1,SRX24912230,UMB02_00_hsDNA_full,WGS,RANDOM,METAGENOMIC,PAIRED,0,0,ILLUMINA,Illumina NovaSeq 6000,SRP117119,PRJNA400628,,400628,SRS2499925,SAMN07583777,simple,408170,human gut metagenome,UMB02_00,,,,,,,no,,,,,BROAD INSTITUTE,SRA1897874,,public,46EEA26E4F3F12C5FC3B2D55A2E181E8,D69843E85295C4ADD8BC296D6C3541DF
SRR29398483,2024-06-13 14:19:10,2024-06-13 14:16:52,29460360,8897028720,29460360,302,3350,,https://sra-downloadb.be-md.ncbi.nlm.nih.gov/sos6/sra-pub-zq-40/SRR029/29398/SRR29398483/SRR29398483.lite.1,SRX24912233,UMB15_02_hsDNA_full,WGS,RANDOM,METAGENOMIC,PAIRED,0,0,ILLUMINA,Illumina NovaSeq 6000,SRP117119,PRJNA400628,,400628,SRS2500066,SAMN07583938,simple,408170,human gut metagenome,UMB15_02,,,,,,,no,,,,,BROAD INSTITUTE,SRA1897874,,public,5D89436ACBE6DC9D72740538C87EDAFB,3747869CC4FB2A7BB71B88ABEBDDA402
SRR29398482,2024-06-13 14:16:07,2024-06-13 14:12:01,13040388,3938197176,13040388,302,1454,,https://sra-downloadb.be-md.ncbi.nlm.nih.gov/sos6/sra-pub-zq-40/SRR029/29398/SRR29398482/SRR29398482.lite.1,SRX24912234,UMB15_04_hsDNA_full,WGS,RANDOM,METAGENOMIC,PAIRED,0,0,ILLUMINA,Illumina NovaSeq 6000,SRP117119,PRJNA400628,,400628,SRS2500084,SAMN07583941,simple,408170,human gut metagenome,UMB15_04,,,,,,,no,,,,,BROAD INSTITUTE,SRA1897874,,public,E115DA6B8A3281105DB9C0314A58E074,B813405FACF354D5DBD1E0059D7DC6F4
SRR29398485,2024-06-13 14:16:07,2024-06-13 14:13:36,17196674,5193395548,17196674,302,1906,,https://sra-downloadb.be-md.ncbi.nlm.nih.gov/sos6/sra-pub-zq-40/SRR029/29398/SRR29398485/SRR29398485.lite.1,SRX24912231,UMB11_11_hsDNA_full,WGS,RANDOM,METAGENOMIC,PAIRED,0,0,ILLUMINA,Illumina NovaSeq 6000,SRP117119,PRJNA400628,,400628,SRS2508919,SAMN07583905,simple,408170,human gut metagenome,UMB11_11,,,,,,,no,,,,,BROAD INSTITUTE,SRA1897874,,public,6590020632405487FF9DE99D8B877251,A8842B050066628703615846F4BAB62D
SRR29398484,2024-06-13 14:16:07,2024-06-13 14:13:43,14674386,4431664572,14674386,302,1639,,https://sra-downloadb.be-md.ncbi.nlm.nih.gov/sos6/sra-pub-zq-40/SRR029/29398/SRR29398484/SRR29398484.lite.1,SRX24912232,UMB12_01.2_hsDNA_full,WGS,RANDOM,METAGENOMIC,PAIRED,0,0,ILLUMINA,Illumina NovaSeq 6000,SRP117119,PRJNA400628,,400628,SRS2508939,SAMN07583909,simple,408170,human gut metagenome,UMB12_01.2,,,,,,,no,,,,,BROAD INSTITUTE,SRA1897874,,public,0AA29931191D67ACE7B2045B9C58D077,BE075A3E532A92B8DEDF3FFDA76C933B
SRR29398491,2024-06-13 14:16:07,2024-06-13 14:10:31,18370729,5547960158,18370729,302,2104,,https://sra-downloadb.be-md.ncbi.nlm.nih.gov/sos6/sra-pub-zq-40/SRR029/29398/SRR29398491/SRR29398491.lite.1,SRX24912225,UMB11_03_hsDNA_full,WGS,RANDOM,METAGENOMIC,PAIRED,0,0,ILLUMINA,Illumina NovaSeq 6000,SRP117119,PRJNA400628,,400628,SRS2500025,SAMN07583895,simple,408170,human gut metagenome,UMB11_03,,,,,,,no,,,,,BROAD INSTITUTE,SRA1897874,,public,F49CCE3F1A5A5ED9E38507F798EC220D,459C2A1FC381148B5007BAC679C187A8
SRR29398490,2024-06-13 14:16:07,2024-06-13 14:14:25,19062412,5756848424,19062412,302,2158,,https://sra-downloadb.be-md.ncbi.nlm.nih.gov/sos6/sra-pub-zq-40/SRR029/29398/SRR29398490/SRR29398490.lite.1,SRX24912226,UMB11_03.1_hsDNA_full,WGS,RANDOM,METAGENOMIC,PAIRED,0,0,ILLUMINA,Illumina NovaSeq 6000,SRP117119,PRJNA400628,,400628,SRS2500023,SAMN07583896,simple,408170,human gut metagenome,UMB11_03.1,,,,,,,no,,,,,BROAD INSTITUTE,SRA1897874,,public,DD87D9AB63062574FAEA787CC8E6FC38,4E718767489A2BF5CC91EB41457B098F
SRR29398489,2024-06-13 14:55:06,2024-06-13 14:40:51,102829157,31054405414,102829157,302,11729,,https://sra-downloadb.be-md.ncbi.nlm.nih.gov/sos6/sra-pub-zq-40/SRR029/29398/SRR29398489/SRR29398489.lite.1,SRX24912227,UMB11_06_hsDNA_full,WGS,RANDOM,METAGENOMIC,PAIRED,0,0,ILLUMINA,Illumina NovaSeq 6000,SRP117119,PRJNA400628,,400628,SRS2500027,SAMN07583900,simple,408170,human gut metagenome,UMB11_06,,,,,,,no,,,,,BROAD INSTITUTE,SRA1897874,,public,125F4E2BDD8FFF901A43ABE5D0A2DE58,25E308EDE5A70196E440784A4EE097A9
SRR29398488,2024-06-13 14:16:07,2024-06-13 14:12:32,17631364,5324671928,17631364,302,1980,,https://sra-downloadb.be-md.ncbi.nlm.nih.gov/sos6/sra-pub-zq-40/SRR029/29398/SRR29398488/SRR29398488.lite.1,SRX24912228,UMB11_07_hsDNA_full,WGS,RANDOM,METAGENOMIC,PAIRED,0,0,ILLUMINA,Illumina NovaSeq 6000,SRP117119,PRJNA400628,,400628,SRS2500057,SAMN07583901,simple,408170,human gut metagenome,UMB11_07,,,,,,,no,,,,,BROAD INSTITUTE,SRA1897874,,public,08D30F4E225CF172BCA9E3BC9C442D10,4F8917BB66545D2C5E2B94AF74E0B8BC
SRR29398487,2024-06-13 14:16:07,2024-06-13 14:11:00,10974183,3314203266,10974183,302,1197,,https://sra-downloadb.be-md.ncbi.nlm.nih.gov/sos6/sra-pub-zq-40/SRR029/29398/SRR29398487/SRR29398487.lite.1,SRX24912229,UMB11_08_hsDNA_full,WGS,RANDOM,METAGENOMIC,PAIRED,0,0,ILLUMINA,Illumina NovaSeq 6000,SRP117119,PRJNA400628,,400628,SRS2508918,SAMN07583902,simple,408170,human gut metagenome,UMB11_08,,,,,,,no,,,,,BROAD INSTITUTE,SRA1897874,,public,27E3E74B26F455BB762D980B0BDE382D,62F4294257DF56EFD76B7ACC77BA43B8
SRR29398496,2024-06-13 14:16:07,2024-06-13 14:12:15,17232882,5204330364,17232882,302,1925,,https://sra-downloadb.be-md.ncbi.nlm.nih.gov/sos6/sra-pub-zq-40/SRR029/29398/SRR29398496/SRR29398496.lite.1,SRX24912220,UMB07_07_hsDNA_full,WGS,RANDOM,METAGENOMIC,PAIRED,0,0,ILLUMINA,Illumina NovaSeq 6000,SRP117119,PRJNA400628,,400628,SRS2500004,SAMN07583852,simple,408170,human gut metagenome,UMB07_07,,,,,,,no,,,,,BROAD INSTITUTE,SRA1897874,,public,22EB1DC0CF1CC698D6FCDAC03D931008,0AA9878ADE2CD5351903669FB90C1A9D
SRR29398495,2024-06-13 14:16:07,2024-06-13 14:13:33,16228396,4900975592,16228396,302,1832,,https://sra-downloadb.be-md.ncbi.nlm.nih.gov/sos6/sra-pub-zq-40/SRR029/29398/SRR29398495/SRR29398495.lite.1,SRX24912221,UMB08_02_hsDNA_full,WGS,RANDOM,METAGENOMIC,PAIRED,0,0,ILLUMINA,Illumina NovaSeq 6000,SRP117119,PRJNA400628,,400628,SRS2499995,SAMN07583860,simple,408170,human gut metagenome,UMB08_02,,,,,,,no,,,,,BROAD INSTITUTE,SRA1897874,,public,3B1D80E080325544123D4F1AD75FAF84,88DA0C750752BA009E99DDA1DF658A86
SRR29398494,2024-06-13 14:19:10,2024-06-13 14:16:45,45441984,13723479168,45441984,302,5100,,https://sra-downloadb.be-md.ncbi.nlm.nih.gov/sos6/sra-pub-zq-40/SRR029/29398/SRR29398494/SRR29398494.lite.1,SRX24912222,UMB08_08_hsDNA_full,WGS,RANDOM,METAGENOMIC,PAIRED,0,0,ILLUMINA,Illumina NovaSeq 6000,SRP117119,PRJNA400628,,400628,SRS2500009,SAMN07583867,simple,408170,human gut metagenome,UMB08_08,,,,,,,no,,,,,BROAD INSTITUTE,SRA1897874,,public,29231DA93BBC192C7CD3CB43B8B71C30,9445AE3EE7376D318E2B48074315759F
SRR29398493,2024-06-13 14:16:07,2024-06-13 14:13:20,32862692,9924532984,32862692,302,3635,,https://sra-downloadb.be-md.ncbi.nlm.nih.gov/sos6/sra-pub-zq-40/SRR029/29398/SRR29398493/SRR29398493.lite.1,SRX24912223,UMB10_04_hsDNA_full,WGS,RANDOM,METAGENOMIC,PAIRED,0,0,ILLUMINA,Illumina NovaSeq 6000,SRP117119,PRJNA400628,,400628,SRS2500037,SAMN07583884,simple,408170,human gut metagenome,UMB10_04,,,,,,,no,,,,,BROAD INSTITUTE,SRA1897874,,public,4E1698B2852D49BCB311B39D0B46EF12,9012714F78442251C949FEF0FCA5009C
SRR29398492,2024-06-13 14:16:07,2024-06-13 14:11:52,12582759,3799993218,12582759,302,1394,,https://sra-downloadb.be-md.ncbi.nlm.nih.gov/sos6/sra-pub-zq-40/SRR029/29398/SRR29398492/SRR29398492.lite.1,SRX24912224,UMB11_01_hsDNA_full,WGS,RANDOM,METAGENOMIC,PAIRED,0,0,ILLUMINA,Illumina NovaSeq 6000,SRP117119,PRJNA400628,,400628,SRS2500075,SAMN07583893,simple,408170,human gut metagenome,UMB11_01,,,,,,,no,,,,,BROAD INSTITUTE,SRA1897874,,public,5B51E18A5B4F451CDD612C5B739620DC,FEE7B58CA49D03F500D4B4CA2D7F1354
SRR29398498,2024-06-13 14:16:06,2024-06-13 14:11:58,14235648,4299165696,14235648,302,1615,,https://sra-downloadb.be-md.ncbi.nlm.nih.gov/sos6/sra-pub-zq-40/SRR029/29398/SRR29398498/SRR29398498.lite.1,SRX24912218,UMB01_03_hsDNA_full,WGS,RANDOM,METAGENOMIC,PAIRED,0,0,ILLUMINA,Illumina NovaSeq 6000,SRP117119,PRJNA400628,,400628,SRS2499918,SAMN07583767,simple,408170,human gut metagenome,UMB01_03,,,,,,,no,,,,,BROAD INSTITUTE,SRA1897874,,public,2E085406CF5B064B537E06BC182EF8FB,8100F407A3B0994CF5AF75A8F0E20866
SRR29398497,2024-06-13 14:16:07,2024-06-13 14:12:03,14077700,4251465400,14077700,302,1574,,https://sra-downloadb.be-md.ncbi.nlm.nih.gov/sos6/sra-pub-zq-40/SRR029/29398/SRR29398497/SRR29398497.lite.1,SRX24912219,UMB01_08_hsDNA_full,WGS,RANDOM,METAGENOMIC,PAIRED,0,0,ILLUMINA,Illumina NovaSeq 6000,SRP117119,PRJNA400628,,400628,SRS2499916,SAMN07583772,simple,408170,human gut metagenome,UMB01_08,,,,,,,no,,,,,BROAD INSTITUTE,SRA1897874,,public,776160B3A0D46DA4F5E1206E99DDB8D5,D76F53FE4CAB91F84F463741C549F483
SRR29371416,2024-06-12 14:57:27,2024-06-12 12:56:32,85905624,25085354905,85905624,292,8441,,https://sra-downloadb.be-md.ncbi.nlm.nih.gov/sos6/sra-pub-zq-40/SRR029/29371/SRR29371416/SRR29371416.lite.1,SRX24885853,UMB11_09_metatranscriptome,RNA-Seq,RANDOM,METATRANSCRIPTOMIC,PAIRED,0,0,ILLUMINA,Illumina NovaSeq 6000,SRP117119,PRJNA400628,,400628,SRS21594182,SAMN41801924,simple,408170,human gut metagenome,UMB11_09,,,,,,,no,,,,,THE BROAD INSTITUTE,SRA1896580,,public,D82DC5B734691E1BAB1C06B1B40115C1,F8B0364155888BED91BD076E2EA4D92E
SRR29371415,2024-06-13 13:29:19,2024-06-13 13:24:53,41027156,11978316586,41027156,291,4018,,https://sra-downloadb.be-md.ncbi.nlm.nih.gov/sos6/sra-pub-zq-40/SRR029/29371/SRR29371415/SRR29371415.lite.1,SRX24885854,UMB12_00_metatranscriptome,RNA-Seq,RANDOM,METATRANSCRIPTOMIC,PAIRED,0,0,ILLUMINA,Illumina NovaSeq 6000,SRP117119,PRJNA400628,,400628,SRS21594185,SAMN41801925,simple,408170,human gut metagenome,UMB12_00,,,,,,,no,,,,,THE BROAD INSTITUTE,SRA1896580,,public,8023DB2232609DEAD006CD340D0EB7AE,CEAB6DF941E9751571CFC212C52AEDF8
SRR29371150,2024-06-13 01:06:11,2024-06-12 11:22:38,55001349,16067752684,55001349,292,5107,,https://sra-downloadb.be-md.ncbi.nlm.nih.gov/sos6/sra-pub-zq-40/SRR029/29371/SRR29371150/SRR29371150.lite.1,SRX24885619,UMB21_03_metatranscriptome,RNA-Seq,RANDOM,METATRANSCRIPTOMIC,PAIRED,0,0,ILLUMINA,Illumina NovaSeq 6000,SRP117119,PRJNA400628,,400628,SRS2500148,SAMN07584018,simple,408170,human gut metagenome,UMB21_03,,,,,,,no,,,,,THE BROAD INSTITUTE,SRA1896502,,public,53F7A8EB0A9FB69A04026FD14CC009CF,DF09218A0AA961601C9FE5041D31316E
SRR29370967,2024-06-13 01:06:11,2024-06-12 12:32:42,31697991,9253292709,31697991,291,2943,,https://sra-downloadb.be-md.ncbi.nlm.nih.gov/sos6/sra-pub-zq-40/SRR029/29370/SRR29370967/SRR29370967.lite.1,SRX24885615,UMB04_08_metatranscriptome,RNA-Seq,RANDOM,METATRANSCRIPTOMIC,PAIRED,0,0,ILLUMINA,Illumina NovaSeq 6000,SRP117119,PRJNA400628,,400628,SRS2499945,SAMN07583811,simple,408170,human gut metagenome,UMB04_08,,,,,,,no,,,,,THE BROAD INSTITUTE,SRA1896502,,public,D31F85BD6CF55D47A34EEDDAFE0967A0,D18AFBF114807B92CFA648D395CA0145
SRR29370966,2024-06-13 01:06:11,2024-06-12 11:23:48,54585413,15945027938,54585413,292,5087,,https://sra-downloadb.be-md.ncbi.nlm.nih.gov/sos6/sra-pub-zq-40/SRR029/29370/SRR29370966/SRR29370966.lite.1,SRX24885616,UMB12_06_metatranscriptome,RNA-Seq,RANDOM,METATRANSCRIPTOMIC,PAIRED,0,0,ILLUMINA,Illumina NovaSeq 6000,SRP117119,PRJNA400628,,400628,SRS2500022,SAMN07583914,simple,408170,human gut metagenome,UMB12_06,,,,,,,no,,,,,THE BROAD INSTITUTE,SRA1896502,,public,23CFC624966CC284ADEB2B885F08DDF3,37EF6199F74D10EFE4879DED1DE531FD
SRR29370965,2024-06-12 14:26:55,2024-06-12 11:26:37,104429085,30496038873,104429085,292,10017,,https://sra-downloadb.be-md.ncbi.nlm.nih.gov/sos6/sra-pub-zq-40/SRR029/29370/SRR29370965/SRR29370965.lite.1,SRX24885617,UMB13_10_metatranscriptome,RNA-Seq,RANDOM,METATRANSCRIPTOMIC,PAIRED,0,0,ILLUMINA,Illumina NovaSeq 6000,SRP117119,PRJNA400628,,400628,SRS2500035,SAMN07583931,simple,408170,human gut metagenome,UMB13_10,,,,,,,no,,,,,THE BROAD INSTITUTE,SRA1896502,,public,6471D513D58848AE206959BF16150E40,4B3FAEA3465C67252EFA0A101FCF5E7B
SRR29370968,2024-06-13 01:06:11,2024-06-12 11:29:37,89129527,26038233274,89129527,292,8491,,https://sra-downloadb.be-md.ncbi.nlm.nih.gov/sos6/sra-pub-zq-40/SRR029/29370/SRR29370968/SRR29370968.lite.1,SRX24885614,UMB17_03_metatranscriptome,RNA-Seq,RANDOM,METATRANSCRIPTOMIC,PAIRED,0,0,ILLUMINA,Illumina NovaSeq 6000,SRP117119,PRJNA400628,,400628,SRS2500072,SAMN07583955,simple,408170,human gut metagenome,UMB17_03,,,,,,,no,,,,,THE BROAD INSTITUTE,SRA1896502,,public,D8DF3F5A3D2D6C6D7CBB01915B354166,94BDC616593B865130AD9B6F6E5FC4E2
SRR29370964,2024-06-13 01:06:11,2024-06-12 11:22:56,50427148,14730798553,50427148,292,4788,,https://sra-downloadb.be-md.ncbi.nlm.nih.gov/sos6/sra-pub-zq-40/SRR029/29370/SRR29370964/SRR29370964.lite.1,SRX24885618,UMB20_04_metatranscriptome,RNA-Seq,RANDOM,METATRANSCRIPTOMIC,PAIRED,0,0,ILLUMINA,Illumina NovaSeq 6000,SRP117119,PRJNA400628,,400628,SRS2500142,SAMN07584004,simple,408170,human gut metagenome,UMB20_04,,,,,,,no,,,,,THE BROAD INSTITUTE,SRA1896502,,public,FF799F39FEC0897CED6377BC21F41197,FB657754EC30EADD6F589EBF5608B5E4
SRR29370973,2024-06-13 01:06:10,2024-06-12 11:57:32,29653147,8668197555,29653147,292,2815,,https://sra-downloadb.be-md.ncbi.nlm.nih.gov/sos6/sra-pub-zq-40/SRR029/29370/SRR29370973/SRR29370973.lite.1,SRX24885609,UMB07_07_metatranscriptome,RNA-Seq,RANDOM,METATRANSCRIPTOMIC,PAIRED,0,0,ILLUMINA,Illumina NovaSeq 6000,SRP117119,PRJNA400628,,400628,SRS2500004,SAMN07583852,simple,408170,human gut metagenome,UMB07_07,,,,,,,no,,,,,THE BROAD INSTITUTE,SRA1896502,,public,AD5D466A8C0409122165E402E10FB1B2,24FCBCDDDFB44B65D6EAE1290D4974EC
SRR29370969,2024-06-13 01:06:11,2024-06-12 11:48:42,19726891,5760096113,19726891,291,1830,,https://sra-downloadb.be-md.ncbi.nlm.nih.gov/sos6/sra-pub-zq-40/SRR029/29370/SRR29370969/SRR29370969.lite.1,SRX24885613,UMB09_07_metatranscriptome,RNA-Seq,RANDOM,METATRANSCRIPTOMIC,PAIRED,0,0,ILLUMINA,Illumina NovaSeq 6000,SRP117119,PRJNA400628,,400628,SRS2500017,SAMN07583875,simple,408170,human gut metagenome,UMB09_07,,,,,,,no,,,,,THE BROAD INSTITUTE,SRA1896502,,public,7ABCD40323FA46783EAA6BB93739FB60,C49E6CA27651671A2536D61EF20EF7F4
SRR29370972,2024-06-13 01:06:10,2024-06-12 12:01:55,39072263,11414763678,39072263,292,3672,,https://sra-downloadb.be-md.ncbi.nlm.nih.gov/sos6/sra-pub-zq-40/SRR029/29370/SRR29370972/SRR29370972.lite.1,SRX24885610,UMB17_06_metatranscriptome,RNA-Seq,RANDOM,METATRANSCRIPTOMIC,PAIRED,0,0,ILLUMINA,Illumina NovaSeq 6000,SRP117119,PRJNA400628,,400628,SRS2500090,SAMN07583958,simple,408170,human gut metagenome,UMB17_06,,,,,,,no,,,,,THE BROAD INSTITUTE,SRA1896502,,public,DE90F31D74B050BBC2BFEA4DA82FE9AD,38A6E6B86E82EB59E103DBC98BCE9BA5
SRR29370970,2024-06-13 01:06:11,2024-06-12 11:34:20,81357286,23735747627,81357286,291,7708,,https://sra-downloadb.be-md.ncbi.nlm.nih.gov/sos6/sra-pub-zq-40/SRR029/29370/SRR29370970/SRR29370970.lite.1,SRX24885612,UMB22_06_metatranscriptome,RNA-Seq,RANDOM,METATRANSCRIPTOMIC,PAIRED,0,0,ILLUMINA,Illumina NovaSeq 6000,SRP117119,PRJNA400628,,400628,SRS2500133,SAMN07584033,simple,408170,human gut metagenome,UMB22_06,,,,,,,no,,,,,THE BROAD INSTITUTE,SRA1896502,,public,4DD38EEED570C3147311C7EE46D54F4B,9F12D91B4FE35185254BDFB285F31784
SRR29370971,2024-06-13 01:06:11,2024-06-12 11:46:53,7047991,2057310200,7047991,291,692,,https://sra-downloadb.be-md.ncbi.nlm.nih.gov/sos6/sra-pub-zq-40/SRR029/29370/SRR29370971/SRR29370971.lite.1,SRX24885611,UMB23_06_metatranscriptome,RNA-Seq,RANDOM,METATRANSCRIPTOMIC,PAIRED,0,0,ILLUMINA,Illumina NovaSeq 6000,SRP117119,PRJNA400628,,400628,SRS2500157,SAMN07584048,simple,408170,human gut metagenome,UMB23_06,,,,,,,no,,,,,THE BROAD INSTITUTE,SRA1896502,,public,4D81C6B5EAFE6562C95888037DEDE3AB,3E955835534A80F33BF512C051B306BD
SRR29370977,2024-06-13 01:06:10,2024-06-12 11:57:12,36805622,10751280508,36805622,292,3421,,https://sra-downloadb.be-md.ncbi.nlm.nih.gov/sos6/sra-pub-zq-40/SRR029/29370/SRR29370977/SRR29370977.lite.1,SRX24885605,UMB04_09_metatranscriptome,RNA-Seq,RANDOM,METATRANSCRIPTOMIC,PAIRED,0,0,ILLUMINA,Illumina NovaSeq 6000,SRP117119,PRJNA400628,,400628,SRS2499952,SAMN07583812,simple,408170,human gut metagenome,UMB04_09,,,,,,,no,,,,,THE BROAD INSTITUTE,SRA1896502,,public,23F20DF765EAF473E658E06266E2A016,89FEC7B275678FC764AF2FCE72CAA1D6
SRR29370976,2024-06-13 01:06:10,2024-06-12 11:46:45,7216060,2108887075,7216060,292,672,,https://sra-downloadb.be-md.ncbi.nlm.nih.gov/sos6/sra-pub-zq-40/SRR029/29370/SRR29370976/SRR29370976.lite.1,SRX24885606,UMB08_10_metatranscriptome,RNA-Seq,RANDOM,METATRANSCRIPTOMIC,PAIRED,0,0,ILLUMINA,Illumina NovaSeq 6000,SRP117119,PRJNA400628,,400628,SRS2500013,SAMN07583869,simple,408170,human gut metagenome,UMB08_10,,,,,,,no,,,,,THE BROAD INSTITUTE,SRA1896502,,public,11A6BC7D3EFD729864DCCDDB6C47A989,2C4FB363CDD730E376958C20D8384FFE
SRR29370978,2024-06-13 01:06:10,2024-06-12 13:05:54,43450085,12682008009,43450085,291,4122,,https://sra-downloadb.be-md.ncbi.nlm.nih.gov/sos6/sra-pub-zq-40/SRR029/29370/SRR29370978/SRR29370978.lite.1,SRX24885604,UMB24_08_metatranscriptome,RNA-Seq,RANDOM,METATRANSCRIPTOMIC,PAIRED,0,0,ILLUMINA,Illumina NovaSeq 6000,SRP117119,PRJNA400628,,400628,SRS9254175,SAMN07584064,simple,408170,human gut metagenome,UMB24_08,,,,,,,no,,,,,THE BROAD INSTITUTE,SRA1896502,,public,C0B3695B40D64E1D9CA08183300290C2,467CEE1CC5CED400D571B706DDF2FFC3
SRR29370975,2024-06-13 01:06:10,2024-06-12 11:48:32,24660436,7208390274,24660436,292,2331,,https://sra-downloadb.be-md.ncbi.nlm.nih.gov/sos6/sra-pub-zq-40/SRR029/29370/SRR29370975/SRR29370975.lite.1,SRX24885607,UMB24_10.1_metatranscriptome,RNA-Seq,RANDOM,METATRANSCRIPTOMIC,PAIRED,0,0,ILLUMINA,Illumina NovaSeq 6000,SRP117119,PRJNA400628,,400628,SRS9254179,SAMN07584069,simple,408170,human gut metagenome,UMB24_10.1,,,,,,,no,,,,,THE BROAD INSTITUTE,SRA1896502,,public,E5937FD0B25CB7E0F7B4D296F6CA495D,C993EE00409E454D08ACAB1EDB1AA206
SRR29370974,2024-06-13 01:06:10,2024-06-12 11:58:40,38462488,11244866608,38462488,292,3614,,https://sra-downloadb.be-md.ncbi.nlm.nih.gov/sos6/sra-pub-zq-40/SRR029/29370/SRR29370974/SRR29370974.lite.1,SRX24885608,UMB26_10_metatranscriptome,RNA-Seq,RANDOM,METATRANSCRIPTOMIC,PAIRED,0,0,ILLUMINA,Illumina NovaSeq 6000,SRP117119,PRJNA400628,,400628,SRS9254191,SAMN07584092,simple,408170,human gut metagenome,UMB26_10,,,,,,,no,,,,,THE BROAD INSTITUTE,SRA1896502,,public,AC56743233B729FE84CFAED390680546,A821B1592094ECD78EE90BCCAAEC586C
SRR29370983,2024-06-13 17:25:43,2024-06-13 17:15:50,101384689,29618029564,101384689,292,9477,,https://sra-downloadb.be-md.ncbi.nlm.nih.gov/sos6/sra-pub-zq-40/SRR029/29370/SRR29370983/SRR29370983.lite.1,SRX24885599,UMB05_06.1_metatranscriptome,RNA-Seq,RANDOM,METATRANSCRIPTOMIC,PAIRED,0,0,ILLUMINA,Illumina NovaSeq 6000,SRP117119,PRJNA400628,,400628,SRS2499963,SAMN07583824,simple,408170,human gut metagenome,UMB05_06.1,,,,,,,no,,,,,THE BROAD INSTITUTE,SRA1896502,,public,6B152C878213F9E08C30990E7CC57F6C,F61E9B5A784825C39ACF37758789CE2E
SRR29370979,2024-06-13 17:25:43,2024-06-13 17:17:09,87788492,25641342748,87788492,292,8182,,https://sra-downloadb.be-md.ncbi.nlm.nih.gov/sos6/sra-pub-zq-40/SRR029/29370/SRR29370979/SRR29370979.lite.1,SRX24885603,UMB07_02_metatranscriptome,RNA-Seq,RANDOM,METATRANSCRIPTOMIC,PAIRED,0,0,ILLUMINA,Illumina NovaSeq 6000,SRP117119,PRJNA400628,,400628,SRS2499991,SAMN07583847,simple,408170,human gut metagenome,UMB07_02,,,,,,,no,,,,,THE BROAD INSTITUTE,SRA1896502,,public,0B1EA29BA7412FCF1687A8E1E48F00E5,4879B4325C7254E23EBBC2CF17B804F7
SRR29370981,2024-06-13 01:06:10,2024-06-12 11:47:20,12313803,3599154861,12313803,292,1152,,https://sra-downloadb.be-md.ncbi.nlm.nih.gov/sos6/sra-pub-zq-40/SRR029/29370/SRR29370981/SRR29370981.lite.1,SRX24885601,UMB23_05.1_metatranscriptome,RNA-Seq,RANDOM,METATRANSCRIPTOMIC,PAIRED,0,0,ILLUMINA,Illumina NovaSeq 6000,SRP117119,PRJNA400628,,400628,SRS2500132,SAMN07584047,simple,408170,human gut metagenome,UMB23_05.1,,,,,,,no,,,,,THE BROAD INSTITUTE,SRA1896502,,public,5275C4DE97C362BDAF3A5471028CAF5A,A4EED1B7FB877D7066D77AFC14737B90
SRR29370982,2024-06-13 01:06:10,2024-06-12 11:12:44,536677,156325118,536677,291,54,,https://sra-downloadb.be-md.ncbi.nlm.nih.gov/sos6/sra-pub-zq-40/SRR029/29370/SRR29370982/SRR29370982.lite.1,SRX24885600,UMB21_05_metatranscriptome,RNA-Seq,RANDOM,METATRANSCRIPTOMIC,PAIRED,0,0,ILLUMINA,Illumina NovaSeq 6000,SRP117119,PRJNA400628,,400628,SRS2500158,SAMN07584020,simple,408170,human gut metagenome,UMB21_05,,,,,,,no,,,,,THE BROAD INSTITUTE,SRA1896502,,public,E895FEF75157D67F02B0238140D0760F,F1A71A5F2A9E021F57A87210575F2B48
SRR29370980,2024-06-13 15:53:00,2024-06-13 15:48:09,30695276,8970850532,30695276,292,2833,,https://sra-downloadb.be-md.ncbi.nlm.nih.gov/sos6/sra-pub-zq-40/SRR029/29370/SRR29370980/SRR29370980.lite.1,SRX24885602,UMB29_01_metatranscriptome,RNA-Seq,RANDOM,METATRANSCRIPTOMIC,PAIRED,0,0,ILLUMINA,Illumina NovaSeq 6000,SRP117119,PRJNA400628,,400628,SRS2500659,SAMN07584116,simple,408170,human gut metagenome,UMB29_01,,,,,,,no,,,,,THE BROAD INSTITUTE,SRA1896502,,public,1A27B2AA49DAB8D3316C6C154C668728,EAB2724941F71C9F7BF915723924A56A
SRR29370986,2024-06-13 01:06:10,2024-06-12 11:48:57,16212132,4737837136,16212132,292,1502,,https://sra-downloadb.be-md.ncbi.nlm.nih.gov/sos6/sra-pub-zq-40/SRR029/29370/SRR29370986/SRR29370986.lite.1,SRX24885596,UMB01_07_metatranscriptome,RNA-Seq,RANDOM,METATRANSCRIPTOMIC,PAIRED,0,0,ILLUMINA,Illumina NovaSeq 6000,SRP117119,PRJNA400628,,400628,SRS2499919,SAMN07583771,simple,408170,human gut metagenome,UMB01_07,,,,,,,no,,,,,THE BROAD INSTITUTE,SRA1896502,,public,D3E1A40550C7EAD83C5A03B47BF94DE0,115CFD1DB8297B027B6C270B9CE8711B
SRR29370988,2024-06-13 01:06:10,2024-06-12 12:02:07,50166541,14655664300,50166541,292,4673,,https://sra-downloadb.be-md.ncbi.nlm.nih.gov/sos6/sra-pub-zq-40/SRR029/29370/SRR29370988/SRR29370988.lite.1,SRX24885594,UMB21_07_metatranscriptome,RNA-Seq,RANDOM,METATRANSCRIPTOMIC,PAIRED,0,0,ILLUMINA,Illumina NovaSeq 6000,SRP117119,PRJNA400628,,400628,SRS2500138,SAMN07584022,simple,408170,human gut metagenome,UMB21_07,,,,,,,no,,,,,THE BROAD INSTITUTE,SRA1896502,,public,FAD18B387C47C108016F2FE6BF74BA70,21F7423FAA58C0026AC22BBCE3BFB669
SRR29370984,2024-06-13 01:06:10,2024-06-12 11:50:10,23523569,6873476829,23523569,292,2186,,https://sra-downloadb.be-md.ncbi.nlm.nih.gov/sos6/sra-pub-zq-40/SRR029/29370/SRR29370984/SRR29370984.lite.1,SRX24885598,UMB08_02.2_metatranscriptome,RNA-Seq,RANDOM,METATRANSCRIPTOMIC,PAIRED,0,0,ILLUMINA,Illumina NovaSeq 6000,SRP117119,PRJNA400628,,400628,SRS2508916,SAMN07583861,simple,408170,human gut metagenome,UMB08_02.2,,,,,,,no,,,,,THE BROAD INSTITUTE,SRA1896502,,public,84DE7CAE2EFDF74C58BB4E1B46A4B381,71B1297CB981D4B6917AF81130902D68
SRR29370987,2024-06-13 01:06:10,2024-06-12 11:22:52,79363876,23180182241,79363876,292,7379,,https://sra-downloadb.be-md.ncbi.nlm.nih.gov/sos6/sra-pub-zq-40/SRR029/29370/SRR29370987/SRR29370987.lite.1,SRX24885595,UMB21_11_metatranscriptome,RNA-Seq,RANDOM,METATRANSCRIPTOMIC,PAIRED,0,0,ILLUMINA,Illumina NovaSeq 6000,SRP117119,PRJNA400628,,400628,SRS9254164,SAMN07584026,simple,408170,human gut metagenome,UMB21_11,,,,,,,no,,,,,THE BROAD INSTITUTE,SRA1896502,,public,8366B67A2184565674916D6BCD688348,0ED67CC9A71A36A38A33D2219EB75958
SRR29370985,2024-06-13 01:06:10,2024-06-12 13:04:06,30550575,8922253897,30550575,292,2880,,https://sra-downloadb.be-md.ncbi.nlm.nih.gov/sos6/sra-pub-zq-40/SRR029/29370/SRR29370985/SRR29370985.lite.1,SRX24885597,UMB18_12_metatranscriptome,RNA-Seq,RANDOM,METATRANSCRIPTOMIC,PAIRED,0,0,ILLUMINA,Illumina NovaSeq 6000,SRP117119,PRJNA400628,,400628,SRS9254338,SAMN07583982,simple,408170,human gut metagenome,UMB18_12,,,,,,,no,,,,,THE BROAD INSTITUTE,SRA1896502,,public,940F02EE117E4F1227E79B155757030F,D0FB99D71ECAD181B16C9CE0838E5970
SRR29370992,2024-06-13 01:06:10,2024-06-12 13:15:45,69698502,20351364482,69698502,291,6549,,https://sra-downloadb.be-md.ncbi.nlm.nih.gov/sos6/sra-pub-zq-40/SRR029/29370/SRR29370992/SRR29370992.lite.1,SRX24885590,UMB01_00_metatranscriptome,RNA-Seq,RANDOM,METATRANSCRIPTOMIC,PAIRED,0,0,ILLUMINA,Illumina NovaSeq 6000,SRP117119,PRJNA400628,,400628,SRS2500878,SAMN07583764,simple,408170,human gut metagenome,UMB01_00,,,,,,,no,,,,,THE BROAD INSTITUTE,SRA1896502,,public,AFED6AD37EDD3439E454A8341F018031,E509799DE66644174C0BC63840A38D0C
SRR29370989,2024-06-13 01:06:10,2024-06-12 11:47:28,9358421,2734339950,9358421,292,869,,https://sra-downloadb.be-md.ncbi.nlm.nih.gov/sos6/sra-pub-zq-40/SRR029/29370/SRR29370989/SRR29370989.lite.1,SRX24885593,UMB08_01_metatranscriptome,RNA-Seq,RANDOM,METATRANSCRIPTOMIC,PAIRED,0,0,ILLUMINA,Illumina NovaSeq 6000,SRP117119,PRJNA400628,,400628,SRS2499999,SAMN07583858,simple,408170,human gut metagenome,UMB08_01,,,,,,,no,,,,,THE BROAD INSTITUTE,SRA1896502,,public,6F504F64990F86B41E089C7F9DA84196,AC7DC91CDD392524BBC713037F6814BF
SRR29370990,2024-06-12 14:26:55,2024-06-12 12:20:25,132923787,38842276977,132923787,292,12223,,https://sra-downloadb.be-md.ncbi.nlm.nih.gov/sos6/sra-pub-zq-40/SRR029/29370/SRR29370990/SRR29370990.lite.1,SRX24885592,UMB21_02_metatranscriptome,RNA-Seq,RANDOM,METATRANSCRIPTOMIC,PAIRED,0,0,ILLUMINA,Illumina NovaSeq 6000,SRP117119,PRJNA400628,,400628,SRS2500147,SAMN07584017,simple,408170,human gut metagenome,UMB21_02,,,,,,,no,,,,,THE BROAD INSTITUTE,SRA1896502,,public,7945689909437BA071CEDE5B6419D96A,88F757C6573E1065F88C0DB36901F7DF
SRR29370991,2024-06-13 01:06:10,2024-06-12 13:03:41,24880198,7271716113,24880198,292,2379,,https://sra-downloadb.be-md.ncbi.nlm.nih.gov/sos6/sra-pub-zq-40/SRR029/29370/SRR29370991/SRR29370991.lite.1,SRX24885591,UMB23_11_metatranscriptome,RNA-Seq,RANDOM,METATRANSCRIPTOMIC,PAIRED,0,0,ILLUMINA,Illumina NovaSeq 6000,SRP117119,PRJNA400628,,400628,SRS9254174,SAMN07584056,simple,408170,human gut metagenome,UMB23_11,,,,,,,no,,,,,THE BROAD INSTITUTE,SRA1896502,,public,E6B4099C6689B88149A4A474C0418E2D,4E1AC4EE25AC27EE00C3FE9BAA47C2AA
SRR29370993,2024-06-13 01:06:10,2024-06-12 11:50:24,28253932,8248242473,28253932,291,2659,,https://sra-downloadb.be-md.ncbi.nlm.nih.gov/sos6/sra-pub-zq-40/SRR029/29370/SRR29370993/SRR29370993.lite.1,SRX24885589,UMB27_08_metatranscriptome,RNA-Seq,RANDOM,METATRANSCRIPTOMIC,PAIRED,0,0,ILLUMINA,Illumina NovaSeq 6000,SRP117119,PRJNA400628,,400628,SRS9254195,SAMN07584101,simple,408170,human gut metagenome,UMB27_08,,,,,,,no,,,,,THE BROAD INSTITUTE,SRA1896502,,public,AFBDC4D9E6D8F781A48C44E373AC3F02,750F8E5FD0BB4A51E4FCA9DE7C939737
SRR29370994,2024-06-13 01:06:10,2024-06-12 11:46:36,8323865,2431256411,8323865,292,781,,https://sra-downloadb.be-md.ncbi.nlm.nih.gov/sos6/sra-pub-zq-40/SRR029/29370/SRR29370994/SRR29370994.lite.1,SRX24885588,UMB18_03_metatranscriptome,RNA-Seq,RANDOM,METATRANSCRIPTOMIC,PAIRED,0,0,ILLUMINA,Illumina NovaSeq 6000,SRP117119,PRJNA400628,,400628,SRS2500051,SAMN07583971,simple,408170,human gut metagenome,UMB18_03,,,,,,,no,,,,,THE BROAD INSTITUTE,SRA1896502,,public,DBA34533AF2B0BF4F10FB89CD4B14AE5,778BBE3CB419B51C971F6395C4D188AC
SRR29370996,2024-06-13 01:06:09,2024-06-12 11:51:19,19205845,5613736570,19205845,292,1787,,https://sra-downloadb.be-md.ncbi.nlm.nih.gov/sos6/sra-pub-zq-40/SRR029/29370/SRR29370996/SRR29370996.lite.1,SRX24885586,UMB18_07_metatranscriptome,RNA-Seq,RANDOM,METATRANSCRIPTOMIC,PAIRED,0,0,ILLUMINA,Illumina NovaSeq 6000,SRP117119,PRJNA400628,,400628,SRS2500099,SAMN07583975,simple,408170,human gut metagenome,UMB18_07,,,,,,,no,,,,,THE BROAD INSTITUTE,SRA1896502,,public,F97734968C05AD5DA38B812314A8196B,4BC8A6D464743B417527F38F3CC33DF1
SRR29370997,2024-06-13 01:06:09,2024-06-12 11:26:47,70181896,20507413394,70181896,292,6713,,https://sra-downloadb.be-md.ncbi.nlm.nih.gov/sos6/sra-pub-zq-40/SRR029/29370/SRR29370997/SRR29370997.lite.1,SRX24885585,UMB20_02.1_metatranscriptome,RNA-Seq,RANDOM,METATRANSCRIPTOMIC,PAIRED,0,0,ILLUMINA,Illumina NovaSeq 6000,SRP117119,PRJNA400628,,400628,SRS2500141,SAMN07584000,simple,408170,human gut metagenome,UMB20_02.1,,,,,,,no,,,,,THE BROAD INSTITUTE,SRA1896502,,public,5BDECC87F78F71E165DAEF20CFCE2478,899BA8973225BB8B86A7E52DE81897E6
SRR29370998,2024-06-13 13:23:24,2024-06-13 13:17:57,27271685,7956031659,27271685,291,2553,,https://sra-downloadb.be-md.ncbi.nlm.nih.gov/sos6/sra-pub-zq-40/SRR029/29370/SRR29370998/SRR29370998.lite.1,SRX24885584,UMB31_02_metatranscriptome,RNA-Seq,RANDOM,METATRANSCRIPTOMIC,PAIRED,0,0,ILLUMINA,Illumina NovaSeq 6000,SRP117119,PRJNA400628,,400628,SRS2500666,SAMN07584131,simple,408170,human gut metagenome,UMB31_02,,,,,,,no,,,,,THE BROAD INSTITUTE,SRA1896502,,public,90EAE2462EBFAEE8CAD65A90282DCE17,B1589C7D0648169060BC8E4EC6BE01A3
SRR29370995,2024-06-13 01:06:10,2024-06-12 11:23:21,51641856,15086947007,51641856,292,4770,,https://sra-downloadb.be-md.ncbi.nlm.nih.gov/sos6/sra-pub-zq-40/SRR029/29370/SRR29370995/SRR29370995.lite.1,SRX24885587,UMB17_12_metatranscriptome,RNA-Seq,RANDOM,METATRANSCRIPTOMIC,PAIRED,0,0,ILLUMINA,Illumina NovaSeq 6000,SRP117119,PRJNA400628,,400628,SRS9254333,SAMN07583964,simple,408170,human gut metagenome,UMB17_12,,,,,,,no,,,,,THE BROAD INSTITUTE,SRA1896502,,public,DFD5E68FD352A44BD40DD55178181A57,5218F8A4C1FE65E7E84D91161AEBDA09
SRR29371002,2024-06-13 16:27:35,2024-06-13 16:17:32,54990850,16060291365,54990850,292,5257,,https://sra-downloadb.be-md.ncbi.nlm.nih.gov/sos6/sra-pub-zq-40/SRR029/29371/SRR29371002/SRR29371002.lite.1,SRX24885580,UMB03_02_metatranscriptome,RNA-Seq,RANDOM,METATRANSCRIPTOMIC,PAIRED,0,0,ILLUMINA,Illumina NovaSeq 6000,SRP117119,PRJNA400628,,400628,SRS2499934,SAMN07583792,simple,408170,human gut metagenome,UMB03_02,,,,,,,no,,,,,THE BROAD INSTITUTE,SRA1896502,,public,38C6ABBD81C44858D6B3B7C45EAFB0AD,AC23AE1B90153E682B8269E95A7F4655
SRR29370999,2024-06-13 01:06:09,2024-06-12 11:12:22,1118820,325921634,1118820,291,113,,https://sra-downloadb.be-md.ncbi.nlm.nih.gov/sos6/sra-pub-zq-40/SRR029/29370/SRR29370999/SRR29370999.lite.1,SRX24885583,UMB13_05_metatranscriptome,RNA-Seq,RANDOM,METATRANSCRIPTOMIC,PAIRED,0,0,ILLUMINA,Illumina NovaSeq 6000,SRP117119,PRJNA400628,,400628,SRS2500059,SAMN07583926,simple,408170,human gut metagenome,UMB13_05,,,,,,,no,,,,,THE BROAD INSTITUTE,SRA1896502,,public,57CAEF11B319C7B4A7ED404E92350BC4,4CD853084FC4ABBC2A2E36D250E3B218
SRR29371003,2024-06-13 01:06:09,2024-06-12 11:12:18,963589,280415041,963589,291,98,,https://sra-downloadb.be-md.ncbi.nlm.nih.gov/sos6/sra-pub-zq-40/SRR029/29371/SRR29371003/SRR29371003.lite.1,SRX24885579,UMB19_10_metatranscriptome,RNA-Seq,RANDOM,METATRANSCRIPTOMIC,PAIRED,0,0,ILLUMINA,Illumina NovaSeq 6000,SRP117119,PRJNA400628,,400628,SRS9254341,SAMN07583992,simple,408170,human gut metagenome,UMB19_10,,,,,,,no,,,,,THE BROAD INSTITUTE,SRA1896502,,public,B71546EC2838C3D659D011CFC076CAB0,F27ABE30015C3B558731E30C3EECA036
SRR29371001,2024-06-13 01:06:09,2024-06-12 11:26:03,75534363,22068515415,75534363,292,7215,,https://sra-downloadb.be-md.ncbi.nlm.nih.gov/sos6/sra-pub-zq-40/SRR029/29371/SRR29371001/SRR29371001.lite.1,SRX24885581,UMB22_11_metatranscriptome,RNA-Seq,RANDOM,METATRANSCRIPTOMIC,PAIRED,0,0,ILLUMINA,Illumina NovaSeq 6000,SRP117119,PRJNA400628,,400628,SRS9254168,SAMN07584038,simple,408170,human gut metagenome,UMB22_11,,,,,,,no,,,,,THE BROAD INSTITUTE,SRA1896502,,public,03CC71AD770EC1D5303C5E243EEE5FDD,840DF35B0EC017322DC2C0D7C3B85FB9
SRR29371000,2024-06-13 01:06:09,2024-06-12 11:25:45,51698459,15101623401,51698459,292,4865,,https://sra-downloadb.be-md.ncbi.nlm.nih.gov/sos6/sra-pub-zq-40/SRR029/29371/SRR29371000/SRR29371000.lite.1,SRX24885582,UMB25_09_metatranscriptome,RNA-Seq,RANDOM,METATRANSCRIPTOMIC,PAIRED,0,0,ILLUMINA,Illumina NovaSeq 6000,SRP117119,PRJNA400628,,400628,SRS9254184,SAMN07584080,simple,408170,human gut metagenome,UMB25_09,,,,,,,no,,,,,THE BROAD INSTITUTE,SRA1896502,,public,9284233375D31C14933C3C2DA98A9BAC,D0E4756B8BFCEF37B8237C7EC9D713F0
SRR29371006,2024-06-13 01:06:09,2024-06-12 11:46:34,14030912,4097005859,14030912,291,1350,,https://sra-downloadb.be-md.ncbi.nlm.nih.gov/sos6/sra-pub-zq-40/SRR029/29371/SRR29371006/SRR29371006.lite.1,SRX24885576,UMB05_09.2_metatranscriptome,RNA-Seq,RANDOM,METATRANSCRIPTOMIC,PAIRED,0,0,ILLUMINA,Illumina NovaSeq 6000,SRP117119,PRJNA400628,,400628,SRS2499961,SAMN07583829,simple,408170,human gut metagenome,UMB05_09.2,,,,,,,no,,,,,THE BROAD INSTITUTE,SRA1896502,,public,4E2716F7FDA46EE63DC5E58445B0B9BA,EB305904AC6979D7D14E40340612C0F6
SRR29371004,2024-06-13 01:06:09,2024-06-12 11:49:08,18710817,5464507879,18710817,292,1764,,https://sra-downloadb.be-md.ncbi.nlm.nih.gov/sos6/sra-pub-zq-40/SRR029/29371/SRR29371004/SRR29371004.lite.1,SRX24885578,UMB06_12_metatranscriptome,RNA-Seq,RANDOM,METATRANSCRIPTOMIC,PAIRED,0,0,ILLUMINA,Illumina NovaSeq 6000,SRP117119,PRJNA400628,,400628,SRS2499976,SAMN07583844,simple,408170,human gut metagenome,UMB06_12,,,,,,,no,,,,,THE BROAD INSTITUTE,SRA1896502,,public,5AB8B6E09840E7F3F318081F171B617A,BCB18C05B58AE46DC056DA556A6731F2
SRR29371007,2024-06-13 01:06:09,2024-06-12 13:16:50,53749299,15699514425,53749299,292,5097,,https://sra-downloadb.be-md.ncbi.nlm.nih.gov/sos6/sra-pub-zq-40/SRR029/29371/SRR29371007/SRR29371007.lite.1,SRX24885575,UMB15_01.1_metatranscriptome,RNA-Seq,RANDOM,METATRANSCRIPTOMIC,PAIRED,0,0,ILLUMINA,Illumina NovaSeq 6000,SRP117119,PRJNA400628,,400628,SRS2508941,SAMN07583937,simple,408170,human gut metagenome,UMB15_01.1,,,,,,,no,,,,,THE BROAD INSTITUTE,SRA1896502,,public,DE45AC9BCB14F4CDC20DDEE053E196D3,94812A508B0A7F690FC18772EA50F485
SRR29371008,2024-06-13 01:06:09,2024-06-12 11:13:02,7032290,2054398730,7032290,292,684,,https://sra-downloadb.be-md.ncbi.nlm.nih.gov/sos6/sra-pub-zq-40/SRR029/29371/SRR29371008/SRR29371008.lite.1,SRX24885574,UMB24_04_metatranscriptome,RNA-Seq,RANDOM,METATRANSCRIPTOMIC,PAIRED,0,0,ILLUMINA,Illumina NovaSeq 6000,SRP117119,PRJNA400628,,400628,SRS2500105,SAMN07584060,simple,408170,human gut metagenome,UMB24_04,,,,,,,no,,,,,THE BROAD INSTITUTE,SRA1896502,,public,EBF6A34FE68BA16751CAC4DBAA751B82,E0D8D937EDA9FECFAB3C38FE82DC033E
SRR29371005,2024-06-13 01:06:09,2024-06-12 12:32:11,46320719,13524358900,46320719,291,4431,,https://sra-downloadb.be-md.ncbi.nlm.nih.gov/sos6/sra-pub-zq-40/SRR029/29371/SRR29371005/SRR29371005.lite.1,SRX24885577,UMB28_02_metatranscriptome,RNA-Seq,RANDOM,METATRANSCRIPTOMIC,PAIRED,0,0,ILLUMINA,Illumina NovaSeq 6000,SRP117119,PRJNA400628,,400628,SRS2500657,SAMN07584107,simple,408170,human gut metagenome,UMB28_02,,,,,,,no,,,,,THE BROAD INSTITUTE,SRA1896502,,public,8E3556987575BAD5A1B77523B90F357D,8FC6A7CBF82B693019DF9C6AB85CA549
SRR29371009,2024-06-13 01:06:09,2024-06-12 11:21:58,40552139,11848142686,40552139,292,3764,,https://sra-downloadb.be-md.ncbi.nlm.nih.gov/sos6/sra-pub-zq-40/SRR029/29371/SRR29371009/SRR29371009.lite.1,SRX24885573,UMB02_07_metatranscriptome,RNA-Seq,RANDOM,METATRANSCRIPTOMIC,PAIRED,0,0,ILLUMINA,Illumina NovaSeq 6000,SRP117119,PRJNA400628,,400628,SRS2500870,SAMN07583784,simple,408170,human gut metagenome,UMB02_07,,,,,,,no,,,,,THE BROAD INSTITUTE,SRA1896502,,public,85E95EF953D66115733C2387500384BF,617B3D09A298D288ED3C98ED5A50B51A
SRR29371010,2024-06-13 01:06:09,2024-06-12 11:51:11,22995322,6715017438,22995322,292,2155,,https://sra-downloadb.be-md.ncbi.nlm.nih.gov/sos6/sra-pub-zq-40/SRR029/29371/SRR29371010/SRR29371010.lite.1,SRX24885572,UMB04_05_metatranscriptome,RNA-Seq,RANDOM,METATRANSCRIPTOMIC,PAIRED,0,0,ILLUMINA,Illumina NovaSeq 6000,SRP117119,PRJNA400628,,400628,SRS2499953,SAMN07583808,simple,408170,human gut metagenome,UMB04_05,,,,,,,no,,,,,THE BROAD INSTITUTE,SRA1896502,,public,4152A4EA6F3720DCD279DB5DB8DB43BB,0D57679850AC0CD5100AAAF982E70E3A
SRR29371013,2024-06-13 01:06:09,2024-06-12 11:56:37,31071467,9075332787,31071467,292,3054,,https://sra-downloadb.be-md.ncbi.nlm.nih.gov/sos6/sra-pub-zq-40/SRR029/29371/SRR29371013/SRR29371013.lite.1,SRX24885569,UMB05_10.1_metatranscriptome,RNA-Seq,RANDOM,METATRANSCRIPTOMIC,PAIRED,0,0,ILLUMINA,Illumina NovaSeq 6000,SRP117119,PRJNA400628,,400628,SRS2499946,SAMN07583831,simple,408170,human gut metagenome,UMB05_10.1,,,,,,,no,,,,,THE BROAD INSTITUTE,SRA1896502,,public,357F970644FC4875450EA769D278CB2A,83699959C1D6E03E7BB59E641133D871
SRR29371011,2024-06-13 01:06:09,2024-06-12 11:30:37,71409997,20857767556,71409997,292,6607,,https://sra-downloadb.be-md.ncbi.nlm.nih.gov/sos6/sra-pub-zq-40/SRR029/29371/SRR29371011/SRR29371011.lite.1,SRX24885571,UMB25_03_metatranscriptome,RNA-Seq,RANDOM,METATRANSCRIPTOMIC,PAIRED,0,0,ILLUMINA,Illumina NovaSeq 6000,SRP117119,PRJNA400628,,400628,SRS2500166,SAMN07584074,simple,408170,human gut metagenome,UMB25_03,,,,,,,no,,,,,THE BROAD INSTITUTE,SRA1896502,,public,C7B97063C617EFCDAA554BDDA3120251,DA41E59D07BD3CCF1E9978A09090F5A8
SRR29371012,2024-06-13 01:06:09,2024-06-12 12:01:23,46283484,13516910269,46283484,292,4483,,https://sra-downloadb.be-md.ncbi.nlm.nih.gov/sos6/sra-pub-zq-40/SRR029/29371/SRR29371012/SRR29371012.lite.1,SRX24885570,UMB25_04_metatranscriptome,RNA-Seq,RANDOM,METATRANSCRIPTOMIC,PAIRED,0,0,ILLUMINA,Illumina NovaSeq 6000,SRP117119,PRJNA400628,,400628,SRS2500140,SAMN07584075,simple,408170,human gut metagenome,UMB25_04,,,,,,,no,,,,,THE BROAD INSTITUTE,SRA1896502,,public,5F2AA3C2BDBC5DF8B51AC0B8CF4067B8,7E1BF0A675C350B4DFADCE921B5D2740
SRR29371017,2024-06-13 01:06:09,2024-06-12 11:56:55,33968033,9921236530,33968033,292,3211,,https://sra-downloadb.be-md.ncbi.nlm.nih.gov/sos6/sra-pub-zq-40/SRR029/29371/SRR29371017/SRR29371017.lite.1,SRX24885565,UMB07_10_metatranscriptome,RNA-Seq,RANDOM,METATRANSCRIPTOMIC,PAIRED,0,0,ILLUMINA,Illumina NovaSeq 6000,SRP117119,PRJNA400628,,400628,SRS2499996,SAMN07583855,simple,408170,human gut metagenome,UMB07_10,,,,,,,no,,,,,THE BROAD INSTITUTE,SRA1896502,,public,1605B1A2D6D4AF565290B76A21BF180B,C736F1790C79644465D62F978DBBBFE6
SRR29371016,2024-06-13 01:06:09,2024-06-12 12:25:25,124786136,36470176134,124786136,292,11511,,https://sra-downloadb.be-md.ncbi.nlm.nih.gov/sos6/sra-pub-zq-40/SRR029/29371/SRR29371016/SRR29371016.lite.1,SRX24885566,UMB09_11_metatranscriptome,RNA-Seq,RANDOM,METATRANSCRIPTOMIC,PAIRED,0,0,ILLUMINA,Illumina NovaSeq 6000,SRP117119,PRJNA400628,,400628,SRS2500019,SAMN07583879,simple,408170,human gut metagenome,UMB09_11,,,,,,,no,,,,,THE BROAD INSTITUTE,SRA1896502,,public,3D21FEABF0835025D32B613414B6AB27,05B67E0B433429BDC03FFA569EEC55C7
SRR29371015,2024-06-13 01:06:09,2024-06-12 11:24:38,63215390,18456780522,63215390,291,5957,,https://sra-downloadb.be-md.ncbi.nlm.nih.gov/sos6/sra-pub-zq-40/SRR029/29371/SRR29371015/SRR29371015.lite.1,SRX24885567,UMB11_04.1_metatranscriptome,RNA-Seq,RANDOM,METATRANSCRIPTOMIC,PAIRED,0,0,ILLUMINA,Illumina NovaSeq 6000,SRP117119,PRJNA400628,,400628,SRS2500056,SAMN07583898,simple,408170,human gut metagenome,UMB11_04.1,,,,,,,no,,,,,THE BROAD INSTITUTE,SRA1896502,,public,0137E84AC206A9A317C133E21B19F80D,03EFCDD0E91BCD76595B052388CCDCFA
SRR29371014,2024-06-13 01:06:09,2024-06-12 11:49:33,17964119,5250072541,17964119,292,1802,,https://sra-downloadb.be-md.ncbi.nlm.nih.gov/sos6/sra-pub-zq-40/SRR029/29371/SRR29371014/SRR29371014.lite.1,SRX24885568,UMB15_07_metatranscriptome,RNA-Seq,RANDOM,METATRANSCRIPTOMIC,PAIRED,0,0,ILLUMINA,Illumina NovaSeq 6000,SRP117119,PRJNA400628,,400628,SRS2500050,SAMN07583944,simple,408170,human gut metagenome,UMB15_07,,,,,,,no,,,,,THE BROAD INSTITUTE,SRA1896502,,public,BCB2D906264E43CDE1DE277BE14BE3F6,A22788B8D66F33BE3E4934BDCC3EB384
SRR29371018,2024-06-13 01:06:08,2024-06-12 12:30:06,30476445,8911654723,30476445,292,2845,,https://sra-downloadb.be-md.ncbi.nlm.nih.gov/sos6/sra-pub-zq-40/SRR029/29371/SRR29371018/SRR29371018.lite.1,SRX24885564,UMB31_11_metatranscriptome,RNA-Seq,RANDOM,METATRANSCRIPTOMIC,PAIRED,0,0,ILLUMINA,Illumina NovaSeq 6000,SRP117119,PRJNA400628,,400628,SRS9254216,SAMN07584145,simple,408170,human gut metagenome,UMB31_11,,,,,,,no,,,,,THE BROAD INSTITUTE,SRA1896502,,public,83C498CDF09228C078DF047ED572E639,0397A16CB66B5C040F1458CE9C1B493B
SRR29371021,2024-06-13 01:06:08,2024-06-12 11:51:58,21391461,6243841369,21391461,291,2055,,https://sra-downloadb.be-md.ncbi.nlm.nih.gov/sos6/sra-pub-zq-40/SRR029/29371/SRR29371021/SRR29371021.lite.1,SRX24885561,UMB06_02_metatranscriptome,RNA-Seq,RANDOM,METATRANSCRIPTOMIC,PAIRED,0,0,ILLUMINA,Illumina NovaSeq 6000,SRP117119,PRJNA400628,,400628,SRS2499970,SAMN07583836,simple,408170,human gut metagenome,UMB06_02,,,,,,,no,,,,,THE BROAD INSTITUTE,SRA1896502,,public,2FAD876A3B2D30859F3E40BE1BD697CA,887CF64B8B88F557143A53A6B8BA2354
SRR29371020,2024-06-13 01:06:08,2024-06-12 11:33:11,63938063,18676236054,63938063,292,6246,,https://sra-downloadb.be-md.ncbi.nlm.nih.gov/sos6/sra-pub-zq-40/SRR029/29371/SRR29371020/SRR29371020.lite.1,SRX24885562,UMB12_12_metatranscriptome,RNA-Seq,RANDOM,METATRANSCRIPTOMIC,PAIRED,0,0,ILLUMINA,Illumina NovaSeq 6000,SRP117119,PRJNA400628,,400628,SRS9254153,SAMN07583920,simple,408170,human gut metagenome,UMB12_12,,,,,,,no,,,,,THE BROAD INSTITUTE,SRA1896502,,public,647A4E2C1E2D6E5CD698A76D2F417006,73C2A0F948D0D2263A364A37996B5246
SRR29371023,2024-06-13 01:06:08,2024-06-12 12:00:02,43886448,12817679005,43886448,292,4146,,https://sra-downloadb.be-md.ncbi.nlm.nih.gov/sos6/sra-pub-zq-40/SRR029/29371/SRR29371023/SRR29371023.lite.1,SRX24885559,UMB17_02_metatranscriptome,RNA-Seq,RANDOM,METATRANSCRIPTOMIC,PAIRED,0,0,ILLUMINA,Illumina NovaSeq 6000,SRP117119,PRJNA400628,,400628,SRS2500063,SAMN07583954,simple,408170,human gut metagenome,UMB17_02,,,,,,,no,,,,,THE BROAD INSTITUTE,SRA1896502,,public,569E1E0768DA97BFD5F63CE6E7AC0632,8CC76B9A9F5F3F4D93BC73EC1A4699B9
SRR29371075,2024-06-13 01:06:08,2024-06-12 11:13:01,4019624,1175670682,4019624,292,413,,https://sra-downloadb.be-md.ncbi.nlm.nih.gov/sos6/sra-pub-zq-40/SRR029/29371/SRR29371075/SRR29371075.lite.1,SRX24885563,UMB26_06_metatranscriptome,RNA-Seq,RANDOM,METATRANSCRIPTOMIC,PAIRED,0,0,ILLUMINA,Illumina NovaSeq 6000,SRP117119,PRJNA400628,,400628,SRS2500155,SAMN07584088,simple,408170,human gut metagenome,UMB26_06,,,,,,,no,,,,,THE BROAD INSTITUTE,SRA1896502,,public,13EB69D68D026BAD6CA77C9D918321CC,FD0FEC30CE6852BEB57CD43780C03804
SRR29371022,2024-06-13 01:06:08,2024-06-12 11:25:13,65823475,19242541612,65823475,292,6178,,https://sra-downloadb.be-md.ncbi.nlm.nih.gov/sos6/sra-pub-zq-40/SRR029/29371/SRR29371022/SRR29371022.lite.1,SRX24885560,UMB29_12_metatranscriptome,RNA-Seq,RANDOM,METATRANSCRIPTOMIC,PAIRED,0,0,ILLUMINA,Illumina NovaSeq 6000,SRP117119,PRJNA400628,,400628,SRS9254209,SAMN07584141,simple,408170,human gut metagenome,UMB29_12,,,,,,,no,,,,,THE BROAD INSTITUTE,SRA1896502,,public,80709E34F387D1F34449B90896743CFC,40D01D071B0D1D3B646E0CF9244404C1
SRR29371026,2024-06-13 01:06:08,2024-06-12 11:49:30,17798068,5200677885,17798068,292,1695,,https://sra-downloadb.be-md.ncbi.nlm.nih.gov/sos6/sra-pub-zq-40/SRR029/29371/SRR29371026/SRR29371026.lite.1,SRX24885556,UMB18_05_metatranscriptome,RNA-Seq,RANDOM,METATRANSCRIPTOMIC,PAIRED,0,0,ILLUMINA,Illumina NovaSeq 6000,SRP117119,PRJNA400628,,400628,SRS2500032,SAMN07583973,simple,408170,human gut metagenome,UMB18_05,,,,,,,no,,,,,THE BROAD INSTITUTE,SRA1896502,,public,9FDF3DD344E61487DE91DE79B8773C94,916F9815D543D1579B892ADC94D62CC2
SRR29371024,2024-06-13 01:06:08,2024-06-12 12:11:50,75910139,22176502474,75910139,292,7174,,https://sra-downloadb.be-md.ncbi.nlm.nih.gov/sos6/sra-pub-zq-40/SRR029/29371/SRR29371024/SRR29371024.lite.1,SRX24885558,UMB20_01.1_metatranscriptome,RNA-Seq,RANDOM,METATRANSCRIPTOMIC,PAIRED,0,0,ILLUMINA,Illumina NovaSeq 6000,SRP117119,PRJNA400628,,400628,SRS2500129,SAMN07583997,simple,408170,human gut metagenome,UMB20_01.1,,,,,,,no,,,,,THE BROAD INSTITUTE,SRA1896502,,public,595EE33D7F41DDFD350C39E7017F1BEB,0B71EE09D6A4A05560215E4635DF899B
SRR29371025,2024-06-13 01:06:08,2024-06-12 11:29:53,87609172,25574491254,87609172,291,8162,,https://sra-downloadb.be-md.ncbi.nlm.nih.gov/sos6/sra-pub-zq-40/SRR029/29371/SRR29371025/SRR29371025.lite.1,SRX24885557,UMB19_08_metatranscriptome,RNA-Seq,RANDOM,METATRANSCRIPTOMIC,PAIRED,0,0,ILLUMINA,Illumina NovaSeq 6000,SRP117119,PRJNA400628,,400628,SRS2500152,SAMN07583990,simple,408170,human gut metagenome,UMB19_08,,,,,,,no,,,,,THE BROAD INSTITUTE,SRA1896502,,public,5ED5AA24E46257AFF6CEA43DA02DB129,6313ACA924BD770C7614D69251752D5C
SRR29371028,2024-06-13 01:06:08,2024-06-12 11:50:22,16970857,4957496305,16970857,292,1597,,https://sra-downloadb.be-md.ncbi.nlm.nih.gov/sos6/sra-pub-zq-40/SRR029/29371/SRR29371028/SRR29371028.lite.1,SRX24885554,UMB12_10_metatranscriptome,RNA-Seq,RANDOM,METATRANSCRIPTOMIC,PAIRED,0,0,ILLUMINA,Illumina NovaSeq 6000,SRP117119,PRJNA400628,,400628,SRS9254152,SAMN07583918,simple,408170,human gut metagenome,UMB12_10,,,,,,,no,,,,,THE BROAD INSTITUTE,SRA1896502,,public,D2B99DC06FACC221F9320B7C50F720CF,278CF00CDD4CC6EA22EEB4C6A6D4B439
SRR29371027,2024-06-13 01:06:08,2024-06-12 11:27:26,62941683,18396040098,62941683,292,5898,,https://sra-downloadb.be-md.ncbi.nlm.nih.gov/sos6/sra-pub-zq-40/SRR029/29371/SRR29371027/SRR29371027.lite.1,SRX24885555,UMB26_12_metatranscriptome,RNA-Seq,RANDOM,METATRANSCRIPTOMIC,PAIRED,0,0,ILLUMINA,Illumina NovaSeq 6000,SRP117119,PRJNA400628,,400628,SRS9254194,SAMN07584142,simple,408170,human gut metagenome,UMB26_12,,,,,,,no,,,,,THE BROAD INSTITUTE,SRA1896502,,public,FA7F6FD2A871B27B45088DBF12139E2E,2474ACCDC1217446725D379FA76F557B
SRR29371033,2024-06-13 01:06:08,2024-06-12 13:49:43,41915028,12235108642,41915028,291,4023,,https://sra-downloadb.be-md.ncbi.nlm.nih.gov/sos6/sra-pub-zq-40/SRR029/29371/SRR29371033/SRR29371033.lite.1,SRX24885549,UMB02_00_metatranscriptome,RNA-Seq,RANDOM,METATRANSCRIPTOMIC,PAIRED,0,0,ILLUMINA,Illumina NovaSeq 6000,SRP117119,PRJNA400628,,400628,SRS2499925,SAMN07583777,simple,408170,human gut metagenome,UMB02_00,,,,,,,no,,,,,THE BROAD INSTITUTE,SRA1896502,,public,BB6B5CE69290218B6E8AE9B44FF4CFDD,EF8F8C981E4E2CCB10409A0BD1F1ECDA
SRR29371029,2024-06-13 01:06:08,2024-06-12 12:46:44,58000677,16941442190,58000677,292,5399,,https://sra-downloadb.be-md.ncbi.nlm.nih.gov/sos6/sra-pub-zq-40/SRR029/29371/SRR29371029/SRR29371029.lite.1,SRX24885553,UMB05_04_metatranscriptome,RNA-Seq,RANDOM,METATRANSCRIPTOMIC,PAIRED,0,0,ILLUMINA,Illumina NovaSeq 6000,SRP117119,PRJNA400628,,400628,SRS2499962,SAMN07583820,simple,408170,human gut metagenome,UMB05_04,,,,,,,no,,,,,THE BROAD INSTITUTE,SRA1896502,,public,E2698E6A7C355257B5B10DB6EC87DA49,44465880C366BA21584253FB985B924D
SRR29371030,2024-06-13 01:06:08,2024-06-12 11:48:26,23022291,6724830390,23022291,292,2136,,https://sra-downloadb.be-md.ncbi.nlm.nih.gov/sos6/sra-pub-zq-40/SRR029/29371/SRR29371030/SRR29371030.lite.1,SRX24885552,UMB18_01_metatranscriptome,RNA-Seq,RANDOM,METATRANSCRIPTOMIC,PAIRED,0,0,ILLUMINA,Illumina NovaSeq 6000,SRP117119,PRJNA400628,,400628,SRS2500061,SAMN07583967,simple,408170,human gut metagenome,UMB18_01,,,,,,,no,,,,,THE BROAD INSTITUTE,SRA1896502,,public,5812830B247977CD2B6BA8761DD06438,34F03BBF5C65E477759DF4B351634E20
SRR29371032,2024-06-13 01:06:08,2024-06-12 11:51:12,32623240,9531488034,32623240,292,3151,,https://sra-downloadb.be-md.ncbi.nlm.nih.gov/sos6/sra-pub-zq-40/SRR029/29371/SRR29371032/SRR29371032.lite.1,SRX24885550,UMB15_08_metatranscriptome,RNA-Seq,RANDOM,METATRANSCRIPTOMIC,PAIRED,0,0,ILLUMINA,Illumina NovaSeq 6000,SRP117119,PRJNA400628,,400628,SRS2500095,SAMN07583945,simple,408170,human gut metagenome,UMB15_08,,,,,,,no,,,,,THE BROAD INSTITUTE,SRA1896502,,public,98A32BBA1646DA79F89BFD7AB559CAF6,CDA160385AFB56C949C5FC311FCF7E11
SRR29371031,2024-06-13 01:06:08,2024-06-12 11:51:34,23771282,6950903502,23771282,292,2246,,https://sra-downloadb.be-md.ncbi.nlm.nih.gov/sos6/sra-pub-zq-40/SRR029/29371/SRR29371031/SRR29371031.lite.1,SRX24885551,UMB03_06_metatranscriptome,RNA-Seq,RANDOM,METATRANSCRIPTOMIC,PAIRED,0,0,ILLUMINA,Illumina NovaSeq 6000,SRP117119,PRJNA400628,,400628,SRS2500875,SAMN07583796,simple,408170,human gut metagenome,UMB03_06,,,,,,,no,,,,,THE BROAD INSTITUTE,SRA1896502,,public,D1BC016EF218F456527122B2F4ACD3BE,50C8C07DF25CB93F404381BA0793A74D
SRR29371035,2024-06-13 01:06:08,2024-06-12 11:26:26,40996425,11978855758,40996425,292,3837,,https://sra-downloadb.be-md.ncbi.nlm.nih.gov/sos6/sra-pub-zq-40/SRR029/29371/SRR29371035/SRR29371035.lite.1,SRX24885547,UMB05_00_metatranscriptome,RNA-Seq,RANDOM,METATRANSCRIPTOMIC,PAIRED,0,0,ILLUMINA,Illumina NovaSeq 6000,SRP117119,PRJNA400628,,400628,SRS2499950,SAMN07583816,simple,408170,human gut metagenome,UMB05_00,,,,,,,no,,,,,THE BROAD INSTITUTE,SRA1896502,,public,02868CA3620C996FCDC6CA92D66DBDE3,6D88195D0C7D8C06206941A04FA89135
SRR29371037,2024-06-13 01:06:08,2024-06-12 11:51:40,24441135,7135809974,24441135,291,2313,,https://sra-downloadb.be-md.ncbi.nlm.nih.gov/sos6/sra-pub-zq-40/SRR029/29371/SRR29371037/SRR29371037.lite.1,SRX24885545,UMB10_01_metatranscriptome,RNA-Seq,RANDOM,METATRANSCRIPTOMIC,PAIRED,0,0,ILLUMINA,Illumina NovaSeq 6000,SRP117119,PRJNA400628,,400628,SRS2500021,SAMN07583881,simple,408170,human gut metagenome,UMB10_01,,,,,,,no,,,,,THE BROAD INSTITUTE,SRA1896502,,public,2B13A7E0D5A5A260192D7FEA87B0D0B0,C6E8E7F2F779215117CE30119D2395C2
SRR29371036,2024-06-13 01:06:08,2024-06-12 11:47:21,22042376,6435333324,22042376,291,2110,,https://sra-downloadb.be-md.ncbi.nlm.nih.gov/sos6/sra-pub-zq-40/SRR029/29371/SRR29371036/SRR29371036.lite.1,SRX24885546,UMB13_02_metatranscriptome,RNA-Seq,RANDOM,METATRANSCRIPTOMIC,PAIRED,0,0,ILLUMINA,Illumina NovaSeq 6000,SRP117119,PRJNA400628,,400628,SRS2500079,SAMN07583923,simple,408170,human gut metagenome,UMB13_02,,,,,,,no,,,,,THE BROAD INSTITUTE,SRA1896502,,public,90C0F9908608B835415BCBD855DECD7E,19578CE22B2D9F026D97BA752CD30976
SRR29371034,2024-06-13 15:53:00,2024-06-13 15:43:45,118075200,34463808548,118075200,291,11193,,https://sra-downloadb.be-md.ncbi.nlm.nih.gov/sos6/sra-pub-zq-40/SRR029/29371/SRR29371034/SRR29371034.lite.1,SRX24885548,UMB15_04_metatranscriptome,RNA-Seq,RANDOM,METATRANSCRIPTOMIC,PAIRED,0,0,ILLUMINA,Illumina NovaSeq 6000,SRP117119,PRJNA400628,,400628,SRS2500084,SAMN07583941,simple,408170,human gut metagenome,UMB15_04,,,,,,,no,,,,,THE BROAD INSTITUTE,SRA1896502,,public,5FD140A7DED5E22A3BF6FEA4A2C19E0E,875F46EFF49C6C68841CD4B09C277162
SRR29371038,2024-06-13 01:06:08,2024-06-12 13:11:10,110613982,32335669275,110613982,292,10080,,https://sra-downloadb.be-md.ncbi.nlm.nih.gov/sos6/sra-pub-zq-40/SRR029/29371/SRR29371038/SRR29371038.lite.1,SRX24885544,UMB27_11_metatranscriptome,RNA-Seq,RANDOM,METATRANSCRIPTOMIC,PAIRED,0,0,ILLUMINA,Illumina NovaSeq 6000,SRP117119,PRJNA400628,,400628,SRS9254198,SAMN07584104,simple,408170,human gut metagenome,UMB27_11,,,,,,,no,,,,,THE BROAD INSTITUTE,SRA1896502,,public,F180FEE8FDFC5BF556D4FBC66E2FB5AD,C422F2A0ECB241157AE53679FD15AA9B
SRR29371043,2024-06-14 01:17:29,2024-06-13 22:48:33,145702758,42583131011,145702758,292,13652,,https://sra-downloadb.be-md.ncbi.nlm.nih.gov/sos6/sra-pub-zq-40/SRR029/29371/SRR29371043/SRR29371043.lite.1,SRX24885539,UMB20_00.1_metatranscriptome,RNA-Seq,RANDOM,METATRANSCRIPTOMIC,PAIRED,0,0,ILLUMINA,Illumina NovaSeq 6000,SRP117119,PRJNA400628,,400628,SRS2500029,SAMN07583995,simple,408170,human gut metagenome,UMB20_00.1,,,,,,,no,,,,,THE BROAD INSTITUTE,SRA1896502,,public,BC93B75B567F1F45FD310FA683C8EE96,E0249C8A00A2B42D7F8B1674E9C61E8A
SRR29371042,2024-06-13 01:06:07,2024-06-12 11:24:55,42373214,12363323039,42373214,291,4147,,https://sra-downloadb.be-md.ncbi.nlm.nih.gov/sos6/sra-pub-zq-40/SRR029/29371/SRR29371042/SRR29371042.lite.1,SRX24885540,UMB15_10_metatranscriptome,RNA-Seq,RANDOM,METATRANSCRIPTOMIC,PAIRED,0,0,ILLUMINA,Illumina NovaSeq 6000,SRP117119,PRJNA400628,,400628,SRS2500100,SAMN07583947,simple,408170,human gut metagenome,UMB15_10,,,,,,,no,,,,,THE BROAD INSTITUTE,SRA1896502,,public,E0128388C251B9364A13C3D6196146FC,B01A703165477A4032401F3C2B943252
SRR29371040,2024-06-13 01:06:07,2024-06-12 11:21:43,79266923,23159998486,79266923,292,7416,,https://sra-downloadb.be-md.ncbi.nlm.nih.gov/sos6/sra-pub-zq-40/SRR029/29371/SRR29371040/SRR29371040.lite.1,SRX24885542,UMB27_06_metatranscriptome,RNA-Seq,RANDOM,METATRANSCRIPTOMIC,PAIRED,0,0,ILLUMINA,Illumina NovaSeq 6000,SRP117119,PRJNA400628,,400628,SRS2500648,SAMN07584099,simple,408170,human gut metagenome,UMB27_06,,,,,,,no,,,,,THE BROAD INSTITUTE,SRA1896502,,public,F6C1C3BF3C55F5D54602E07E6B4D8AD3,E486FC6DDCA5D1FB8DB8B38C3846E001
SRR29371041,2024-06-13 01:06:07,2024-06-12 11:56:57,34722104,10144772329,34722104,292,3266,,https://sra-downloadb.be-md.ncbi.nlm.nih.gov/sos6/sra-pub-zq-40/SRR029/29371/SRR29371041/SRR29371041.lite.1,SRX24885541,UMB27_12_metatranscriptome,RNA-Seq,RANDOM,METATRANSCRIPTOMIC,PAIRED,0,0,ILLUMINA,Illumina NovaSeq 6000,SRP117119,PRJNA400628,,400628,SRS9254199,SAMN07584144,simple,408170,human gut metagenome,UMB27_12,,,,,,,no,,,,,THE BROAD INSTITUTE,SRA1896502,,public,9AE357EBE5AEF897CE1815209DF00928,13FA50B12B75F5EFECD0F77D3F2ED16C
SRR29371039,2024-06-13 01:06:07,2024-06-12 11:49:41,28924189,8445409557,28924189,291,2783,,https://sra-downloadb.be-md.ncbi.nlm.nih.gov/sos6/sra-pub-zq-40/SRR029/29371/SRR29371039/SRR29371039.lite.1,SRX24885543,UMB29_08_metatranscriptome,RNA-Seq,RANDOM,METATRANSCRIPTOMIC,PAIRED,0,0,ILLUMINA,Illumina NovaSeq 6000,SRP117119,PRJNA400628,,400628,SRS9254205,SAMN07584123,simple,408170,human gut metagenome,UMB29_08,,,,,,,no,,,,,THE BROAD INSTITUTE,SRA1896502,,public,F2C265638941A48D6283BEF1C4B1036E,11918037426432A7563CB0BC9E169702
SRR29371046,2024-06-13 01:06:07,2024-06-12 11:24:39,100379921,29332419647,100379921,292,9410,,https://sra-downloadb.be-md.ncbi.nlm.nih.gov/sos6/sra-pub-zq-40/SRR029/29371/SRR29371046/SRR29371046.lite.1,SRX24885536,UMB04_07_metatranscriptome,RNA-Seq,RANDOM,METATRANSCRIPTOMIC,PAIRED,0,0,ILLUMINA,Illumina NovaSeq 6000,SRP117119,PRJNA400628,,400628,SRS2499959,SAMN07583810,simple,408170,human gut metagenome,UMB04_07,,,,,,,no,,,,,THE BROAD INSTITUTE,SRA1896502,,public,3698042AF9FB13B4858B304ADC958E4E,33B179F1480B38DE40DAC693DF7D0C1B
SRR29371019,2024-06-13 01:06:07,2024-06-12 11:23:43,41645768,12164799983,41645768,292,3911,,https://sra-downloadb.be-md.ncbi.nlm.nih.gov/sos6/sra-pub-zq-40/SRR029/29371/SRR29371019/SRR29371019.lite.1,SRX24885535,UMB12_07_metatranscriptome,RNA-Seq,RANDOM,METATRANSCRIPTOMIC,PAIRED,0,0,ILLUMINA,Illumina NovaSeq 6000,SRP117119,PRJNA400628,,400628,SRS2500045,SAMN07583915,simple,408170,human gut metagenome,UMB12_07,,,,,,,no,,,,,THE BROAD INSTITUTE,SRA1896502,,public,FB850D5E3EAA86EC6B9432A16381C987,5A56E116EA5FED56FD7958812766A830
SRR29371045,2024-06-13 01:06:07,2024-06-12 11:51:42,22155123,6471039823,22155123,292,2086,,https://sra-downloadb.be-md.ncbi.nlm.nih.gov/sos6/sra-pub-zq-40/SRR029/29371/SRR29371045/SRR29371045.lite.1,SRX24885537,UMB21_01_metatranscriptome,RNA-Seq,RANDOM,METATRANSCRIPTOMIC,PAIRED,0,0,ILLUMINA,Illumina NovaSeq 6000,SRP117119,PRJNA400628,,400628,SRS2500153,SAMN07584016,simple,408170,human gut metagenome,UMB21_01,,,,,,,no,,,,,THE BROAD INSTITUTE,SRA1896502,,public,0E593D81286706C34E04C9B7D2337BB1,33CE4291D41692216A19CAC4E6B89F21
SRR29371048,2024-06-13 01:06:07,2024-06-12 11:25:05,67164280,19628376961,67164280,292,6173,,https://sra-downloadb.be-md.ncbi.nlm.nih.gov/sos6/sra-pub-zq-40/SRR029/29371/SRR29371048/SRR29371048.lite.1,SRX24885534,UMB21_04_metatranscriptome,RNA-Seq,RANDOM,METATRANSCRIPTOMIC,PAIRED,0,0,ILLUMINA,Illumina NovaSeq 6000,SRP117119,PRJNA400628,,400628,SRS2500130,SAMN07584019,simple,408170,human gut metagenome,UMB21_04,,,,,,,no,,,,,THE BROAD INSTITUTE,SRA1896502,,public,8EEA5C7E24996FCB9D736E89A6329B50,756F9C86CE9C36C1001656E3298E433A
SRR29371044,2024-06-13 01:06:07,2024-06-12 11:52:07,28331850,8273542467,28331850,292,2649,,https://sra-downloadb.be-md.ncbi.nlm.nih.gov/sos6/sra-pub-zq-40/SRR029/29371/SRR29371044/SRR29371044.lite.1,SRX24885538,UMB31_07_metatranscriptome,RNA-Seq,RANDOM,METATRANSCRIPTOMIC,PAIRED,0,0,ILLUMINA,Illumina NovaSeq 6000,SRP117119,PRJNA400628,,400628,SRS9254212,SAMN07584136,simple,408170,human gut metagenome,UMB31_07,,,,,,,no,,,,,THE BROAD INSTITUTE,SRA1896502,,public,D57DFCD9717B599DE31789574E229BB0,DA9DB29A2F40236666585BFE473FF03C
SRR29371051,2024-06-13 01:06:07,2024-06-12 11:57:23,49053092,14322582916,49053092,291,4635,,https://sra-downloadb.be-md.ncbi.nlm.nih.gov/sos6/sra-pub-zq-40/SRR029/29371/SRR29371051/SRR29371051.lite.1,SRX24885531,UMB06_08_metatranscriptome,RNA-Seq,RANDOM,METATRANSCRIPTOMIC,PAIRED,0,0,ILLUMINA,Illumina NovaSeq 6000,SRP117119,PRJNA400628,,400628,SRS2499975,SAMN07583840,simple,408170,human gut metagenome,UMB06_08,,,,,,,no,,,,,THE BROAD INSTITUTE,SRA1896502,,public,BD653782B52F7F9BAC46A10AF7F2DA3C,DB8D8EF508B9852F1FC13EAC3EA35314
SRR29371050,2024-06-13 01:06:07,2024-06-12 11:25:40,52372746,15294399325,52372746,292,4889,,https://sra-downloadb.be-md.ncbi.nlm.nih.gov/sos6/sra-pub-zq-40/SRR029/29371/SRR29371050/SRR29371050.lite.1,SRX24885532,UMB10_05_metatranscriptome,RNA-Seq,RANDOM,METATRANSCRIPTOMIC,PAIRED,0,0,ILLUMINA,Illumina NovaSeq 6000,SRP117119,PRJNA400628,,400628,SRS2500081,SAMN07583885,simple,408170,human gut metagenome,UMB10_05,,,,,,,no,,,,,THE BROAD INSTITUTE,SRA1896502,,public,2A34DA8BA97F21B5B0ADAD7E20301589,DDF545A3736536B8F9D251796D0977E0
SRR29371053,2024-06-13 01:06:07,2024-06-12 11:29:30,95000476,27786406225,95000476,292,8986,,https://sra-downloadb.be-md.ncbi.nlm.nih.gov/sos6/sra-pub-zq-40/SRR029/29371/SRR29371053/SRR29371053.lite.1,SRX24885529,UMB19_06_metatranscriptome,RNA-Seq,RANDOM,METATRANSCRIPTOMIC,PAIRED,0,0,ILLUMINA,Illumina NovaSeq 6000,SRP117119,PRJNA400628,,400628,SRS2500106,SAMN07583988,simple,408170,human gut metagenome,UMB19_06,,,,,,,no,,,,,THE BROAD INSTITUTE,SRA1896502,,public,6DAF721A43643A5E9AEFFB88DEBB602B,D0A1201E5C45457F08344C220089281D
SRR29371052,2024-06-14 01:17:29,2024-06-13 23:32:57,132091968,38645215349,132091968,292,12538,,https://sra-downloadb.be-md.ncbi.nlm.nih.gov/sos6/sra-pub-zq-40/SRR029/29371/SRR29371052/SRR29371052.lite.1,SRX24885530,UMB20_01_metatranscriptome,RNA-Seq,RANDOM,METATRANSCRIPTOMIC,PAIRED,0,0,ILLUMINA,Illumina NovaSeq 6000,SRP117119,PRJNA400628,,400628,SRS2500121,SAMN07583996,simple,408170,human gut metagenome,UMB20_01,,,,,,,no,,,,,THE BROAD INSTITUTE,SRA1896502,,public,A10A2215420D5C4C528504F4A25ED6FA,2B232F9ABA7C38C1845E4A6E39817B7D
SRR29371049,2024-06-13 01:06:07,2024-06-12 11:29:33,41768089,12205014460,41768089,292,3937,,https://sra-downloadb.be-md.ncbi.nlm.nih.gov/sos6/sra-pub-zq-40/SRR029/29371/SRR29371049/SRR29371049.lite.1,SRX24885533,UMB29_11_metatranscriptome,RNA-Seq,RANDOM,METATRANSCRIPTOMIC,PAIRED,0,0,ILLUMINA,Illumina NovaSeq 6000,SRP117119,PRJNA400628,,400628,SRS9254208,SAMN07584126,simple,408170,human gut metagenome,UMB29_11,,,,,,,no,,,,,THE BROAD INSTITUTE,SRA1896502,,public,09F091ADB4CA4D4DDDA5E01FC8451E84,E85DE0FE0B138E9EAE6268DA29F8EBB6
SRR29371058,2024-06-13 01:06:07,2024-06-12 11:57:03,25164680,7346996478,25164680,291,2423,,https://sra-downloadb.be-md.ncbi.nlm.nih.gov/sos6/sra-pub-zq-40/SRR029/29371/SRR29371058/SRR29371058.lite.1,SRX24885524,UMB04_03_metatranscriptome,RNA-Seq,RANDOM,METATRANSCRIPTOMIC,PAIRED,0,0,ILLUMINA,Illumina NovaSeq 6000,SRP117119,PRJNA400628,,400628,SRS2499960,SAMN07583806,simple,408170,human gut metagenome,UMB04_03,,,,,,,no,,,,,THE BROAD INSTITUTE,SRA1896502,,public,F357F75A74F73E96F16EBA33269DFABB,70F4A7C7BB230D4D593312A408EEFB70
SRR29371057,2024-06-13 01:06:07,2024-06-12 12:19:54,100134665,29279328640,100134665,292,9333,,https://sra-downloadb.be-md.ncbi.nlm.nih.gov/sos6/sra-pub-zq-40/SRR029/29371/SRR29371057/SRR29371057.lite.1,SRX24885525,UMB20_12_metatranscriptome,RNA-Seq,RANDOM,METATRANSCRIPTOMIC,PAIRED,0,0,ILLUMINA,Illumina NovaSeq 6000,SRP117119,PRJNA400628,,400628,SRS9254162,SAMN07584015,simple,408170,human gut metagenome,UMB20_12,,,,,,,no,,,,,THE BROAD INSTITUTE,SRA1896502,,public,1F7165CF98089DEF3A218CBFACBC8343,CD1B1B764B1650BBF0921833CCAE7614
SRR29371054,2024-06-13 01:06:07,2024-06-12 11:26:25,61938461,18088329796,61938461,292,6006,,https://sra-downloadb.be-md.ncbi.nlm.nih.gov/sos6/sra-pub-zq-40/SRR029/29371/SRR29371054/SRR29371054.lite.1,SRX24885528,UMB22_12_metatranscriptome,RNA-Seq,RANDOM,METATRANSCRIPTOMIC,PAIRED,0,0,ILLUMINA,Illumina NovaSeq 6000,SRP117119,PRJNA400628,,400628,SRS9254169,SAMN07584039,simple,408170,human gut metagenome,UMB22_12,,,,,,,no,,,,,THE BROAD INSTITUTE,SRA1896502,,public,66CF9976287A6EF9D5970ED9B7DB6ACC,503DB57584141D4F6F88FD67C3C00CF8
SRR29371056,2024-06-13 16:03:18,2024-06-13 15:56:29,56028629,16366677475,56028629,292,5280,,https://sra-downloadb.be-md.ncbi.nlm.nih.gov/sos6/sra-pub-zq-40/SRR029/29371/SRR29371056/SRR29371056.lite.1,SRX24885526,UMB23_08_metatranscriptome,RNA-Seq,RANDOM,METATRANSCRIPTOMIC,PAIRED,0,0,ILLUMINA,Illumina NovaSeq 6000,SRP117119,PRJNA400628,,400628,SRS9254170,SAMN07584052,simple,408170,human gut metagenome,UMB23_08,,,,,,,no,,,,,THE BROAD INSTITUTE,SRA1896502,,public,C5947A39A36E11645A510EB56B0536A7,CE735C3453368544B78B8DA3E8BCD0A2
SRR29371055,2024-06-13 01:06:07,2024-06-12 11:48:01,12193075,3561541131,12193075,292,1166,,https://sra-downloadb.be-md.ncbi.nlm.nih.gov/sos6/sra-pub-zq-40/SRR029/29371/SRR29371055/SRR29371055.lite.1,SRX24885527,UMB23_10.1_metatranscriptome,RNA-Seq,RANDOM,METATRANSCRIPTOMIC,PAIRED,0,0,ILLUMINA,Illumina NovaSeq 6000,SRP117119,PRJNA400628,,400628,SRS9254173,SAMN07584055,simple,408170,human gut metagenome,UMB23_10.1,,,,,,,no,,,,,THE BROAD INSTITUTE,SRA1896502,,public,965B51733477C1EC9B8DE26C92C9EF29,E8E35468232695DD24685BEF04F805EA
SRR29371061,2024-06-13 01:06:07,2024-06-12 11:26:47,68660447,20052068323,68660447,292,6399,,https://sra-downloadb.be-md.ncbi.nlm.nih.gov/sos6/sra-pub-zq-40/SRR029/29371/SRR29371061/SRR29371061.lite.1,SRX24885521,UMB03_12_metatranscriptome,RNA-Seq,RANDOM,METATRANSCRIPTOMIC,PAIRED,0,0,ILLUMINA,Illumina NovaSeq 6000,SRP117119,PRJNA400628,,400628,SRS2500872,SAMN07583802,simple,408170,human gut metagenome,UMB03_12,,,,,,,no,,,,,THE BROAD INSTITUTE,SRA1896502,,public,422CC5F23CDDC58A040309358D021968,4932A18F64E6D089989AC93F6687D890
SRR29371059,2024-06-13 01:06:07,2024-06-12 12:00:43,51334407,14993862982,51334407,292,4837,,https://sra-downloadb.be-md.ncbi.nlm.nih.gov/sos6/sra-pub-zq-40/SRR029/29371/SRR29371059/SRR29371059.lite.1,SRX24885523,UMB07_00_metatranscriptome,RNA-Seq,RANDOM,METATRANSCRIPTOMIC,PAIRED,0,0,ILLUMINA,Illumina NovaSeq 6000,SRP117119,PRJNA400628,,400628,SRS2499979,SAMN07583845,simple,408170,human gut metagenome,UMB07_00,,,,,,,no,,,,,THE BROAD INSTITUTE,SRA1896502,,public,A104AB36FB3F185CA23ACF73D6333444,1D23F07DCE73032349A16D2A18A78EA7
SRR29371060,2024-06-13 01:06:07,2024-06-12 11:58:55,48516746,14185590278,48516746,292,4528,,https://sra-downloadb.be-md.ncbi.nlm.nih.gov/sos6/sra-pub-zq-40/SRR029/29371/SRR29371060/SRR29371060.lite.1,SRX24885522,UMB19_12_metatranscriptome,RNA-Seq,RANDOM,METATRANSCRIPTOMIC,PAIRED,0,0,ILLUMINA,Illumina NovaSeq 6000,SRP117119,PRJNA400628,,400628,SRS9254157,SAMN07583994,simple,408170,human gut metagenome,UMB19_12,,,,,,,no,,,,,THE BROAD INSTITUTE,SRA1896502,,public,8AAFB1CB1254D2FC87A832D14ED71E29,D31FF68E6158F985ED05D1168EBFF7F1
SRR29371062,2024-06-13 01:06:07,2024-06-12 11:50:30,29542363,8628586779,29542363,292,2879,,https://sra-downloadb.be-md.ncbi.nlm.nih.gov/sos6/sra-pub-zq-40/SRR029/29371/SRR29371062/SRR29371062.lite.1,SRX24885520,UMB23_06.1_metatranscriptome,RNA-Seq,RANDOM,METATRANSCRIPTOMIC,PAIRED,0,0,ILLUMINA,Illumina NovaSeq 6000,SRP117119,PRJNA400628,,400628,SRS2500111,SAMN07584049,simple,408170,human gut metagenome,UMB23_06.1,,,,,,,no,,,,,THE BROAD INSTITUTE,SRA1896502,,public,445759838BE1DD7F05410F972D9CA95E,A8D54AB9FE40A3FFB79914D9B1618025
SRR29371063,2024-06-13 01:06:06,2024-06-12 11:49:18,12907301,3770323833,12907301,292,1210,,https://sra-downloadb.be-md.ncbi.nlm.nih.gov/sos6/sra-pub-zq-40/SRR029/29371/SRR29371063/SRR29371063.lite.1,SRX24885519,UMB25_01_metatranscriptome,RNA-Seq,RANDOM,METATRANSCRIPTOMIC,PAIRED,0,0,ILLUMINA,Illumina NovaSeq 6000,SRP117119,PRJNA400628,,400628,SRS2500115,SAMN07584072,simple,408170,human gut metagenome,UMB25_01,,,,,,,no,,,,,THE BROAD INSTITUTE,SRA1896502,,public,FA73BF3A829C6641853CD71F4FD80C6A,50AAF4391F1656C1C71865B4A2FF04E8
SRR29371066,2024-06-13 01:06:06,2024-06-12 11:25:50,72448085,21151968250,72448085,291,6836,,https://sra-downloadb.be-md.ncbi.nlm.nih.gov/sos6/sra-pub-zq-40/SRR029/29371/SRR29371066/SRR29371066.lite.1,SRX24885516,UMB04_00_metatranscriptome,RNA-Seq,RANDOM,METATRANSCRIPTOMIC,PAIRED,0,0,ILLUMINA,Illumina NovaSeq 6000,SRP117119,PRJNA400628,,400628,SRS2499941,SAMN07583803,simple,408170,human gut metagenome,UMB04_00,,,,,,,no,,,,,THE BROAD INSTITUTE,SRA1896502,,public,03F7449805F54CA1D9863C6DE56FBD4F,A6F98AEFE6BF72E782615FF6CC018E44
SRR29371064,2024-06-13 01:06:06,2024-06-12 11:50:34,24286431,7100857765,24286431,292,2287,,https://sra-downloadb.be-md.ncbi.nlm.nih.gov/sos6/sra-pub-zq-40/SRR029/29371/SRR29371064/SRR29371064.lite.1,SRX24885518,UMB10_09_metatranscriptome,RNA-Seq,RANDOM,METATRANSCRIPTOMIC,PAIRED,0,0,ILLUMINA,Illumina NovaSeq 6000,SRP117119,PRJNA400628,,400628,SRS2500028,SAMN07583889,simple,408170,human gut metagenome,UMB10_09,,,,,,,no,,,,,THE BROAD INSTITUTE,SRA1896502,,public,734F798676E9BAF80D12CDB09B04E07F,590E398D8E26F3F496F1774CD506FB36
SRR29371068,2024-06-13 13:53:58,2024-06-13 13:52:17,27695703,8096949530,27695703,292,2646,,https://sra-downloadb.be-md.ncbi.nlm.nih.gov/sos6/sra-pub-zq-40/SRR029/29371/SRR29371068/SRR29371068.lite.1,SRX24885514,UMB27_04_metatranscriptome,RNA-Seq,RANDOM,METATRANSCRIPTOMIC,PAIRED,0,0,ILLUMINA,Illumina NovaSeq 6000,SRP117119,PRJNA400628,,400628,SRS2500656,SAMN07584097,simple,408170,human gut metagenome,UMB27_04,,,,,,,no,,,,,THE BROAD INSTITUTE,SRA1896502,,public,5DFE301E8F8B53834BBE9E0AC7CE6EB3,52ECB315BA9AED8595762B90CAC79D1F
SRR29371067,2024-06-13 13:52:27,2024-06-13 13:46:13,25490279,7443265835,25490279,292,2386,,https://sra-downloadb.be-md.ncbi.nlm.nih.gov/sos6/sra-pub-zq-40/SRR029/29371/SRR29371067/SRR29371067.lite.1,SRX24885515,UMB02_09_metatranscriptome,RNA-Seq,RANDOM,METATRANSCRIPTOMIC,PAIRED,0,0,ILLUMINA,Illumina NovaSeq 6000,SRP117119,PRJNA400628,,400628,SRS2500871,SAMN07583786,simple,408170,human gut metagenome,UMB02_09,,,,,,,no,,,,,THE BROAD INSTITUTE,SRA1896502,,public,4ABD8C25A683AD1F21FC87CDD93E0F8C,E17BAE4F02D64EE1121B8F0BF5B1192A
SRR29371065,2024-06-13 01:06:06,2024-06-12 11:28:11,53504361,15637881085,53504361,292,5032,,https://sra-downloadb.be-md.ncbi.nlm.nih.gov/sos6/sra-pub-zq-40/SRR029/29371/SRR29371065/SRR29371065.lite.1,SRX24885517,UMB26_11_metatranscriptome,RNA-Seq,RANDOM,METATRANSCRIPTOMIC,PAIRED,0,0,ILLUMINA,Illumina NovaSeq 6000,SRP117119,PRJNA400628,,400628,SRS9254192,SAMN07584093,simple,408170,human gut metagenome,UMB26_11,,,,,,,no,,,,,THE BROAD INSTITUTE,SRA1896502,,public,F1D7B9B26509CA3A17B7C61F5AA81D6E,0971F15C7F4BDE7CC74BC6FCBCF5EE39
SRR29371072,2024-06-13 01:06:06,2024-06-12 11:46:20,6329130,1849184574,6329130,292,599,,https://sra-downloadb.be-md.ncbi.nlm.nih.gov/sos6/sra-pub-zq-40/SRR029/29371/SRR29371072/SRR29371072.lite.1,SRX24885510,UMB02_02_metatranscriptome,RNA-Seq,RANDOM,METATRANSCRIPTOMIC,PAIRED,0,0,ILLUMINA,Illumina NovaSeq 6000,SRP117119,PRJNA400628,,400628,SRS2499927,SAMN07583779,simple,408170,human gut metagenome,UMB02_02,,,,,,,no,,,,,THE BROAD INSTITUTE,SRA1896502,,public,88BDB8736C1B38B99BF1F1EE4C3C09B3,14DE8091C989EB6906DEF00747D63C57
SRR29371071,2024-06-13 01:06:06,2024-06-12 11:12:44,638431,186121261,638431,291,64,,https://sra-downloadb.be-md.ncbi.nlm.nih.gov/sos6/sra-pub-zq-40/SRR029/29371/SRR29371071/SRR29371071.lite.1,SRX24885511,UMB15_02.1_metatranscriptome,RNA-Seq,RANDOM,METATRANSCRIPTOMIC,PAIRED,0,0,ILLUMINA,Illumina NovaSeq 6000,SRP117119,PRJNA400628,,400628,SRS2500039,SAMN07583939,simple,408170,human gut metagenome,UMB15_02.1,,,,,,,no,,,,,THE BROAD INSTITUTE,SRA1896502,,public,F26B58C1EE65D03024B1F9B91B5757FE,C8C5FC861E7E041143674BEBBAFE80F4
SRR29371069,2024-06-13 01:06:06,2024-06-12 11:25:05,54082780,15790476341,54082780,291,5115,,https://sra-downloadb.be-md.ncbi.nlm.nih.gov/sos6/sra-pub-zq-40/SRR029/29371/SRR29371069/SRR29371069.lite.1,SRX24885513,UMB13_07_metatranscriptome,RNA-Seq,RANDOM,METATRANSCRIPTOMIC,PAIRED,0,0,ILLUMINA,Illumina NovaSeq 6000,SRP117119,PRJNA400628,,400628,SRS2500076,SAMN07583928,simple,408170,human gut metagenome,UMB13_07,,,,,,,no,,,,,THE BROAD INSTITUTE,SRA1896502,,public,A01A0D23326AD9267092483906859B92,DFD3685CF24CD5F9CE922E4E17FF08B0
SRR29371070,2024-06-13 01:06:06,2024-06-12 11:59:11,36276689,10594520186,36276689,292,3403,,https://sra-downloadb.be-md.ncbi.nlm.nih.gov/sos6/sra-pub-zq-40/SRR029/29371/SRR29371070/SRR29371070.lite.1,SRX24885512,UMB02_04_metatranscriptome,RNA-Seq,RANDOM,METATRANSCRIPTOMIC,PAIRED,0,0,ILLUMINA,Illumina NovaSeq 6000,SRP117119,PRJNA400628,,400628,SRS2500869,SAMN07583781,simple,408170,human gut metagenome,UMB02_04,,,,,,,no,,,,,THE BROAD INSTITUTE,SRA1896502,,public,D2FAF6743F40965BC95EC824D46D3178,F13276E497D641684308B7CA53C8E907
SRR29371073,2024-06-13 01:06:06,2024-06-12 12:32:07,28060091,8184267515,28060091,291,2632,,https://sra-downloadb.be-md.ncbi.nlm.nih.gov/sos6/sra-pub-zq-40/SRR029/29371/SRR29371073/SRR29371073.lite.1,SRX24885509,UMB11_12_metatranscriptome,RNA-Seq,RANDOM,METATRANSCRIPTOMIC,PAIRED,0,0,ILLUMINA,Illumina NovaSeq 6000,SRP117119,PRJNA400628,,400628,SRS9254332,SAMN07583906,simple,408170,human gut metagenome,UMB11_12,,,,,,,no,,,,,THE BROAD INSTITUTE,SRA1896502,,public,82973872F01BBF6C04FFD726868D3A64,719FC4F47F2342844E86E4B6B1187152
SRR29371078,2024-06-13 01:06:06,2024-06-12 11:49:16,19290970,5640263185,19290970,292,1822,,https://sra-downloadb.be-md.ncbi.nlm.nih.gov/sos6/sra-pub-zq-40/SRR029/29371/SRR29371078/SRR29371078.lite.1,SRX24885504,UMB02_12_metatranscriptome,RNA-Seq,RANDOM,METATRANSCRIPTOMIC,PAIRED,0,0,ILLUMINA,Illumina NovaSeq 6000,SRP117119,PRJNA400628,,400628,SRS2500876,SAMN07583789,simple,408170,human gut metagenome,UMB02_12,,,,,,,no,,,,,THE BROAD INSTITUTE,SRA1896502,,public,9F8C40B5833C8DE3C4D84F550A846FEF,BAC9E2AFB2C4B464BD7B9B22B1980C60
SRR29371074,2024-06-13 14:40:42,2024-06-13 14:33:25,48189374,14071574263,48189374,292,4515,,https://sra-downloadb.be-md.ncbi.nlm.nih.gov/sos6/sra-pub-zq-40/SRR029/29371/SRR29371074/SRR29371074.lite.1,SRX24885508,UMB06_07_metatranscriptome,RNA-Seq,RANDOM,METATRANSCRIPTOMIC,PAIRED,0,0,ILLUMINA,Illumina NovaSeq 6000,SRP117119,PRJNA400628,,400628,SRS2499977,SAMN07583839,simple,408170,human gut metagenome,UMB06_07,,,,,,,no,,,,,THE BROAD INSTITUTE,SRA1896502,,public,85060FEBB3F2138A785A8A6938E392F5,57C3746445A125C6CA41E475C1C03309
SRR29371047,2024-06-13 01:06:06,2024-06-12 12:00:33,44639205,13039705444,44639205,292,4206,,https://sra-downloadb.be-md.ncbi.nlm.nih.gov/sos6/sra-pub-zq-40/SRR029/29371/SRR29371047/SRR29371047.lite.1,SRX24885507,UMB17_08_metatranscriptome,RNA-Seq,RANDOM,METATRANSCRIPTOMIC,PAIRED,0,0,ILLUMINA,Illumina NovaSeq 6000,SRP117119,PRJNA400628,,400628,SRS2500038,SAMN07583960,simple,408170,human gut metagenome,UMB17_08,,,,,,,no,,,,,THE BROAD INSTITUTE,SRA1896502,,public,33C86CF3966176DBB53140BFCC6B2865,24D5A582DB4C92350251B0EBB6B9CEB5
SRR29371077,2024-06-13 01:06:06,2024-06-12 11:59:35,42611898,12450332380,42611898,292,4035,,https://sra-downloadb.be-md.ncbi.nlm.nih.gov/sos6/sra-pub-zq-40/SRR029/29371/SRR29371077/SRR29371077.lite.1,SRX24885505,UMB20_02_metatranscriptome,RNA-Seq,RANDOM,METATRANSCRIPTOMIC,PAIRED,0,0,ILLUMINA,Illumina NovaSeq 6000,SRP117119,PRJNA400628,,400628,SRS2500110,SAMN07583999,simple,408170,human gut metagenome,UMB20_02,,,,,,,no,,,,,THE BROAD INSTITUTE,SRA1896502,,public,B8C556054EC20BE004D6021E6F8D09A6,FD6C7918B1ADF62FBA9D6DB2936EE8B3
SRR29371076,2024-06-13 01:06:06,2024-06-12 11:27:08,60883096,17794771338,60883096,292,5753,,https://sra-downloadb.be-md.ncbi.nlm.nih.gov/sos6/sra-pub-zq-40/SRR029/29371/SRR29371076/SRR29371076.lite.1,SRX24885506,UMB26_09_metatranscriptome,RNA-Seq,RANDOM,METATRANSCRIPTOMIC,PAIRED,0,0,ILLUMINA,Illumina NovaSeq 6000,SRP117119,PRJNA400628,,400628,SRS9254190,SAMN07584091,simple,408170,human gut metagenome,UMB26_09,,,,,,,no,,,,,THE BROAD INSTITUTE,SRA1896502,,public,66E9D7610B0C0D6F8B1B0D57E86658C7,B1554575EFB6FD723CB3511D432DB8D5
SRR29371081,2024-06-13 01:06:06,2024-06-12 11:51:41,17136621,5008460836,17136621,292,1652,,https://sra-downloadb.be-md.ncbi.nlm.nih.gov/sos6/sra-pub-zq-40/SRR029/29371/SRR29371081/SRR29371081.lite.1,SRX24885501,UMB05_05_metatranscriptome,RNA-Seq,RANDOM,METATRANSCRIPTOMIC,PAIRED,0,0,ILLUMINA,Illumina NovaSeq 6000,SRP117119,PRJNA400628,,400628,SRS2499958,SAMN07583821,simple,408170,human gut metagenome,UMB05_05,,,,,,,no,,,,,THE BROAD INSTITUTE,SRA1896502,,public,137E65B6FFAA2E97B9D460A58A5B5147,7A2D80B655965DAAA7D99FBE81E82DB6
SRR29371082,2024-06-13 01:06:06,2024-06-12 11:55:39,43711333,12779477807,43711333,292,4049,,https://sra-downloadb.be-md.ncbi.nlm.nih.gov/sos6/sra-pub-zq-40/SRR029/29371/SRR29371082/SRR29371082.lite.1,SRX24885500,UMB21_12_metatranscriptome,RNA-Seq,RANDOM,METATRANSCRIPTOMIC,PAIRED,0,0,ILLUMINA,Illumina NovaSeq 6000,SRP117119,PRJNA400628,,400628,SRS9254166,SAMN07584027,simple,408170,human gut metagenome,UMB21_12,,,,,,,no,,,,,THE BROAD INSTITUTE,SRA1896502,,public,6C95CBADBD5BAC244EB3A0800E8350F4,634BDBB47A2EE7FC15B04A0214A0226A
SRR29371083,2024-06-13 01:06:06,2024-06-12 11:48:06,11642969,3401703700,11642969,292,1114,,https://sra-downloadb.be-md.ncbi.nlm.nih.gov/sos6/sra-pub-zq-40/SRR029/29371/SRR29371083/SRR29371083.lite.1,SRX24885499,UMB22_03_metatranscriptome,RNA-Seq,RANDOM,METATRANSCRIPTOMIC,PAIRED,0,0,ILLUMINA,Illumina NovaSeq 6000,SRP117119,PRJNA400628,,400628,SRS2500163,SAMN07584030,simple,408170,human gut metagenome,UMB22_03,,,,,,,no,,,,,THE BROAD INSTITUTE,SRA1896502,,public,3E91959D0579FF3A388D1991EAA72BFB,C7FD3B2C7CDAC4B3E478EBED04A870C6
SRR29371080,2024-06-13 01:06:06,2024-06-12 11:22:04,49779256,14541941473,49779256,292,4657,,https://sra-downloadb.be-md.ncbi.nlm.nih.gov/sos6/sra-pub-zq-40/SRR029/29371/SRR29371080/SRR29371080.lite.1,SRX24885502,UMB23_01_metatranscriptome,RNA-Seq,RANDOM,METATRANSCRIPTOMIC,PAIRED,0,0,ILLUMINA,Illumina NovaSeq 6000,SRP117119,PRJNA400628,,400628,SRS2500103,SAMN07584040,simple,408170,human gut metagenome,UMB23_01,,,,,,,no,,,,,THE BROAD INSTITUTE,SRA1896502,,public,6C218D4DFE5DB4E7F2DA8F52346039D0,E1A90E510B401DE1C0F8375617472EFD
SRR29371079,2024-06-13 01:06:06,2024-06-12 11:49:20,14416614,4210033169,14416614,292,1358,,https://sra-downloadb.be-md.ncbi.nlm.nih.gov/sos6/sra-pub-zq-40/SRR029/29371/SRR29371079/SRR29371079.lite.1,SRX24885503,UMB31_08_metatranscriptome,RNA-Seq,RANDOM,METATRANSCRIPTOMIC,PAIRED,0,0,ILLUMINA,Illumina NovaSeq 6000,SRP117119,PRJNA400628,,400628,SRS9254213,SAMN07584137,simple,408170,human gut metagenome,UMB31_08,,,,,,,no,,,,,THE BROAD INSTITUTE,SRA1896502,,public,48980355DE28F484E5143614EC72353B,BEC33600088390A31E3DB4DC9647FBC8
SRR29371084,2024-06-13 01:06:06,2024-06-12 11:13:11,2037861,594717119,2037861,291,211,,https://sra-downloadb.be-md.ncbi.nlm.nih.gov/sos6/sra-pub-zq-40/SRR029/29371/SRR29371084/SRR29371084.lite.1,SRX24885498,UMB05_09.1_metatranscriptome,RNA-Seq,RANDOM,METATRANSCRIPTOMIC,PAIRED,0,0,ILLUMINA,Illumina NovaSeq 6000,SRP117119,PRJNA400628,,400628,SRS2499968,SAMN07583828,simple,408170,human gut metagenome,UMB05_09.1,,,,,,,no,,,,,THE BROAD INSTITUTE,SRA1896502,,public,C5EE9D6AA372A13DC63C5C5AEBACA683,82A688B26DACAE031E65CC5B6F0EF93E
SRR29371087,2024-06-13 01:06:05,2024-06-12 11:52:00,19660884,5744863464,19660884,292,1870,,https://sra-downloadb.be-md.ncbi.nlm.nih.gov/sos6/sra-pub-zq-40/SRR029/29371/SRR29371087/SRR29371087.lite.1,SRX24885495,UMB05_12_metatranscriptome,RNA-Seq,RANDOM,METATRANSCRIPTOMIC,PAIRED,0,0,ILLUMINA,Illumina NovaSeq 6000,SRP117119,PRJNA400628,,400628,SRS2499948,SAMN07583833,simple,408170,human gut metagenome,UMB05_12,,,,,,,no,,,,,THE BROAD INSTITUTE,SRA1896502,,public,F87D0928608A1783442421E14750E798,68047486D4CBB98066F6CE3DBD797D6E
SRR29371088,2024-06-13 01:06:05,2024-06-12 11:31:55,98853974,28876905139,98853974,292,9213,,https://sra-downloadb.be-md.ncbi.nlm.nih.gov/sos6/sra-pub-zq-40/SRR029/29371/SRR29371088/SRR29371088.lite.1,SRX24885494,UMB23_02.1_metatranscriptome,RNA-Seq,RANDOM,METATRANSCRIPTOMIC,PAIRED,0,0,ILLUMINA,Illumina NovaSeq 6000,SRP117119,PRJNA400628,,400628,SRS2500123,SAMN07584043,simple,408170,human gut metagenome,UMB23_02.1,,,,,,,no,,,,,THE BROAD INSTITUTE,SRA1896502,,public,0E56A4B89E5FF5A7F49645D21D8EC867,D76B382B8BEFA13976A0179BA6E1BCCB
SRR29371086,2024-06-13 01:06:05,2024-06-12 11:25:24,49900516,14578895378,49900516,292,4680,,https://sra-downloadb.be-md.ncbi.nlm.nih.gov/sos6/sra-pub-zq-40/SRR029/29371/SRR29371086/SRR29371086.lite.1,SRX24885496,UMB25_12_metatranscriptome,RNA-Seq,RANDOM,METATRANSCRIPTOMIC,PAIRED,0,0,ILLUMINA,Illumina NovaSeq 6000,SRP117119,PRJNA400628,,400628,SRS9254187,SAMN07584143,simple,408170,human gut metagenome,UMB25_12,,,,,,,no,,,,,THE BROAD INSTITUTE,SRA1896502,,public,BBFB025ED17F85E201E97428A9D4903F,C854DC422DF5FC94AAF40011964386B4
SRR29371085,2024-06-13 01:06:05,2024-06-12 11:12:51,808693,235609844,808693,291,81,,https://sra-downloadb.be-md.ncbi.nlm.nih.gov/sos6/sra-pub-zq-40/SRR029/29371/SRR29371085/SRR29371085.lite.1,SRX24885497,UMB29_06_metatranscriptome,RNA-Seq,RANDOM,METATRANSCRIPTOMIC,PAIRED,0,0,ILLUMINA,Illumina NovaSeq 6000,SRP117119,PRJNA400628,,400628,SRS2500665,SAMN07584121,simple,408170,human gut metagenome,UMB29_06,,,,,,,no,,,,,THE BROAD INSTITUTE,SRA1896502,,public,A9F860E71220D9A4958F6C8E23D84A68,B8E61390CE996C9698C97E5A03799913
SRR29371090,2024-06-13 01:06:05,2024-06-12 12:01:09,59931490,17505170577,59931490,292,5620,,https://sra-downloadb.be-md.ncbi.nlm.nih.gov/sos6/sra-pub-zq-40/SRR029/29371/SRR29371090/SRR29371090.lite.1,SRX24885492,UMB07_01_metatranscriptome,RNA-Seq,RANDOM,METATRANSCRIPTOMIC,PAIRED,0,0,ILLUMINA,Illumina NovaSeq 6000,SRP117119,PRJNA400628,,400628,SRS2499992,SAMN07583846,simple,408170,human gut metagenome,UMB07_01,,,,,,,no,,,,,THE BROAD INSTITUTE,SRA1896502,,public,08D939581E3A295E1D2B635C8FCCC449,1B5A3334A634DC2968F69C628D1FD041
SRR29371091,2024-06-13 01:06:05,2024-06-12 12:30:30,25048880,7311264170,25048880,291,2440,,https://sra-downloadb.be-md.ncbi.nlm.nih.gov/sos6/sra-pub-zq-40/SRR029/29371/SRR29371091/SRR29371091.lite.1,SRX24885491,UMB09_08_metatranscriptome,RNA-Seq,RANDOM,METATRANSCRIPTOMIC,PAIRED,0,0,ILLUMINA,Illumina NovaSeq 6000,SRP117119,PRJNA400628,,400628,SRS2500016,SAMN07583876,simple,408170,human gut metagenome,UMB09_08,,,,,,,no,,,,,THE BROAD INSTITUTE,SRA1896502,,public,0C295F99ECD5FAAFB1B5EFB5073A4E11,CBB38CDC020690CC054AD94321639B49
SRR29371092,2024-06-13 01:06:05,2024-06-12 11:22:58,55080452,16087963833,55080452,292,5293,,https://sra-downloadb.be-md.ncbi.nlm.nih.gov/sos6/sra-pub-zq-40/SRR029/29371/SRR29371092/SRR29371092.lite.1,SRX24885490,UMB14_00_metatranscriptome,RNA-Seq,RANDOM,METATRANSCRIPTOMIC,PAIRED,0,0,ILLUMINA,Illumina NovaSeq 6000,SRP117119,PRJNA400628,,400628,SRS2500092,SAMN07583934,simple,408170,human gut metagenome,UMB14_00,,,,,,,no,,,,,THE BROAD INSTITUTE,SRA1896502,,public,5471FD0DF6F98F5B3C0C1BB6FC7CBF93,D48C13A749DA0D0F762768B933F50D36
SRR29371089,2024-06-13 01:06:05,2024-06-12 11:34:24,80319494,23474517028,80319494,292,7586,,https://sra-downloadb.be-md.ncbi.nlm.nih.gov/sos6/sra-pub-zq-40/SRR029/29371/SRR29371089/SRR29371089.lite.1,SRX24885493,UMB20_11_metatranscriptome,RNA-Seq,RANDOM,METATRANSCRIPTOMIC,PAIRED,0,0,ILLUMINA,Illumina NovaSeq 6000,SRP117119,PRJNA400628,,400628,SRS9254161,SAMN07584014,simple,408170,human gut metagenome,UMB20_11,,,,,,,no,,,,,THE BROAD INSTITUTE,SRA1896502,,public,1523753F723DB21C197B6EF3021724EC,5D42F66FA543B9A9436AC24B8B99A441
SRR29371093,2024-06-13 01:06:05,2024-06-12 11:23:32,43225832,12625670467,43225832,292,4173,,https://sra-downloadb.be-md.ncbi.nlm.nih.gov/sos6/sra-pub-zq-40/SRR029/29371/SRR29371093/SRR29371093.lite.1,SRX24885489,UMB21_09_metatranscriptome,RNA-Seq,RANDOM,METATRANSCRIPTOMIC,PAIRED,0,0,ILLUMINA,Illumina NovaSeq 6000,SRP117119,PRJNA400628,,400628,SRS9254163,SAMN07584024,simple,408170,human gut metagenome,UMB21_09,,,,,,,no,,,,,THE BROAD INSTITUTE,SRA1896502,,public,5EA43826A74F016AE7810696481B2B87,10114B9E1C4BBE3EAC58CA1CDD47B149
SRR29371094,2024-06-13 01:06:05,2024-06-12 11:57:14,31097543,9079289260,31097543,291,2931,,https://sra-downloadb.be-md.ncbi.nlm.nih.gov/sos6/sra-pub-zq-40/SRR029/29371/SRR29371094/SRR29371094.lite.1,SRX24885488,UMB02_01_metatranscriptome,RNA-Seq,RANDOM,METATRANSCRIPTOMIC,PAIRED,0,0,ILLUMINA,Illumina NovaSeq 6000,SRP117119,PRJNA400628,,400628,SRS2499924,SAMN07583778,simple,408170,human gut metagenome,UMB02_01,,,,,,,no,,,,,THE BROAD INSTITUTE,SRA1896502,,public,B3CDFACA0D0EC8E1BD4E5A2D16FF3C37,0CD29C2F8C9DFB7140B1820D8CA80F05
SRR29371097,2024-06-13 01:06:05,2024-06-12 11:49:25,13159680,3845469548,13159680,292,1235,,https://sra-downloadb.be-md.ncbi.nlm.nih.gov/sos6/sra-pub-zq-40/SRR029/29371/SRR29371097/SRR29371097.lite.1,SRX24885485,UMB05_08_metatranscriptome,RNA-Seq,RANDOM,METATRANSCRIPTOMIC,PAIRED,0,0,ILLUMINA,Illumina NovaSeq 6000,SRP117119,PRJNA400628,,400628,SRS2499947,SAMN07583826,simple,408170,human gut metagenome,UMB05_08,,,,,,,no,,,,,THE BROAD INSTITUTE,SRA1896502,,public,A3C769DF080A7CF3A12374FE6DFEDEE4,92AB65AADD81F1EA7DC42E32512830F3
SRR29371098,2024-06-13 01:06:05,2024-06-12 11:46:07,6106133,1782832893,6106133,291,573,,https://sra-downloadb.be-md.ncbi.nlm.nih.gov/sos6/sra-pub-zq-40/SRR029/29371/SRR29371098/SRR29371098.lite.1,SRX24885484,UMB11_04_metatranscriptome,RNA-Seq,RANDOM,METATRANSCRIPTOMIC,PAIRED,0,0,ILLUMINA,Illumina NovaSeq 6000,SRP117119,PRJNA400628,,400628,SRS2500065,SAMN07583897,simple,408170,human gut metagenome,UMB11_04,,,,,,,no,,,,,THE BROAD INSTITUTE,SRA1896502,,public,3A8B4340A691F52401A4C98BE0C6A902,3AF42269C7B68E2DC0B2DDE5EF219D52
SRR29371095,2024-06-13 01:06:05,2024-06-12 12:20:04,101707760,29691220679,101707760,291,10028,,https://sra-downloadb.be-md.ncbi.nlm.nih.gov/sos6/sra-pub-zq-40/SRR029/29371/SRR29371095/SRR29371095.lite.1,SRX24885487,UMB23_05_metatranscriptome,RNA-Seq,RANDOM,METATRANSCRIPTOMIC,PAIRED,0,0,ILLUMINA,Illumina NovaSeq 6000,SRP117119,PRJNA400628,,400628,SRS2500114,SAMN07584046,simple,408170,human gut metagenome,UMB23_05,,,,,,,no,,,,,THE BROAD INSTITUTE,SRA1896502,,public,8983F8ACDFF0595776DB64358054D366,3D240DD04357EFA05ADAEAA192059D39
SRR29371096,2024-06-13 01:06:05,2024-06-12 11:23:30,46620978,13622871898,46620978,292,4441,,https://sra-downloadb.be-md.ncbi.nlm.nih.gov/sos6/sra-pub-zq-40/SRR029/29371/SRR29371096/SRR29371096.lite.1,SRX24885486,UMB20_10_metatranscriptome,RNA-Seq,RANDOM,METATRANSCRIPTOMIC,PAIRED,0,0,ILLUMINA,Illumina NovaSeq 6000,SRP117119,PRJNA400628,,400628,SRS9254159,SAMN07584012,simple,408170,human gut metagenome,UMB20_10,,,,,,,no,,,,,THE BROAD INSTITUTE,SRA1896502,,public,96643C213E177EA10322218A934BD7B4,8D6A07436AC7322612CD4FF120B44402
SRR29371100,2024-06-13 01:06:05,2024-06-12 11:48:53,16671261,4867150942,16671261,291,1587,,https://sra-downloadb.be-md.ncbi.nlm.nih.gov/sos6/sra-pub-zq-40/SRR029/29371/SRR29371100/SRR29371100.lite.1,SRX24885482,UMB01_05_metatranscriptome,RNA-Seq,RANDOM,METATRANSCRIPTOMIC,PAIRED,0,0,ILLUMINA,Illumina NovaSeq 6000,SRP117119,PRJNA400628,,400628,SRS2499921,SAMN07583769,simple,408170,human gut metagenome,UMB01_05,,,,,,,no,,,,,THE BROAD INSTITUTE,SRA1896502,,public,7AA7D1C5F0E2DD892ECFBCE8C68B2FD9,EBB12911771E960CCA6589C611B16378
SRR29371103,2024-06-13 13:41:18,2024-06-13 13:37:30,26490881,7735131279,26490881,291,2587,,https://sra-downloadb.be-md.ncbi.nlm.nih.gov/sos6/sra-pub-zq-40/SRR029/29371/SRR29371103/SRR29371103.lite.1,SRX24885479,UMB05_10_metatranscriptome,RNA-Seq,RANDOM,METATRANSCRIPTOMIC,PAIRED,0,0,ILLUMINA,Illumina NovaSeq 6000,SRP117119,PRJNA400628,,400628,SRS2499966,SAMN07583830,simple,408170,human gut metagenome,UMB05_10,,,,,,,no,,,,,THE BROAD INSTITUTE,SRA1896502,,public,C1D3AAA5A1099D2B8D6959AEC974EF68,178D50906AA4298944904FE93CEAF42E
SRR29371101,2024-06-13 01:06:05,2024-06-12 11:12:49,549512,160094839,549512,291,56,,https://sra-downloadb.be-md.ncbi.nlm.nih.gov/sos6/sra-pub-zq-40/SRR029/29371/SRR29371101/SRR29371101.lite.1,SRX24885481,UMB20_05_metatranscriptome,RNA-Seq,RANDOM,METATRANSCRIPTOMIC,PAIRED,0,0,ILLUMINA,Illumina NovaSeq 6000,SRP117119,PRJNA400628,,400628,SRS2500117,SAMN07584006,simple,408170,human gut metagenome,UMB20_05,,,,,,,no,,,,,THE BROAD INSTITUTE,SRA1896502,,public,C8882218B66B19FC3C9F328FCF5E21B1,C2512DE7C3F61C7DD92F56A57272DB93
SRR29371099,2024-06-13 01:06:05,2024-06-12 11:24:04,63735055,18632326764,63735055,292,5971,,https://sra-downloadb.be-md.ncbi.nlm.nih.gov/sos6/sra-pub-zq-40/SRR029/29371/SRR29371099/SRR29371099.lite.1,SRX24885483,UMB20_08_metatranscriptome,RNA-Seq,RANDOM,METATRANSCRIPTOMIC,PAIRED,0,0,ILLUMINA,Illumina NovaSeq 6000,SRP117119,PRJNA400628,,400628,SRS2500161,SAMN07584010,simple,408170,human gut metagenome,UMB20_08,,,,,,,no,,,,,THE BROAD INSTITUTE,SRA1896502,,public,CF6649B9E9AA661339CE8041E284A141,2EA353524D091B22FB9F4DCF4670103A
SRR29371102,2024-06-13 01:06:05,2024-06-12 11:55:49,30072402,8787717043,30072402,292,2840,,https://sra-downloadb.be-md.ncbi.nlm.nih.gov/sos6/sra-pub-zq-40/SRR029/29371/SRR29371102/SRR29371102.lite.1,SRX24885480,UMB27_10_metatranscriptome,RNA-Seq,RANDOM,METATRANSCRIPTOMIC,PAIRED,0,0,ILLUMINA,Illumina NovaSeq 6000,SRP117119,PRJNA400628,,400628,SRS9254197,SAMN07584103,simple,408170,human gut metagenome,UMB27_10,,,,,,,no,,,,,THE BROAD INSTITUTE,SRA1896502,,public,05CDEA6850CDFFA1C2686679C43804D1,F838B0A6F4123D5E918BEF2984D0B419
SRR29371107,2024-06-13 15:12:35,2024-06-13 15:03:57,28469925,8322151872,28469925,292,2668,,https://sra-downloadb.be-md.ncbi.nlm.nih.gov/sos6/sra-pub-zq-40/SRR029/29371/SRR29371107/SRR29371107.lite.1,SRX24885476,UMB05_05.1_metatranscriptome,RNA-Seq,RANDOM,METATRANSCRIPTOMIC,PAIRED,0,0,ILLUMINA,Illumina NovaSeq 6000,SRP117119,PRJNA400628,,400628,SRS2499964,SAMN07583822,simple,408170,human gut metagenome,UMB05_05.1,,,,,,,no,,,,,THE BROAD INSTITUTE,SRA1896502,,public,386F76D28BD6508FCE4DA57B8648FC50,35BD014F3641F7114E346539085701F6
SRR29371105,2024-06-13 01:06:05,2024-06-12 11:49:20,19455665,5684832410,19455665,292,1813,,https://sra-downloadb.be-md.ncbi.nlm.nih.gov/sos6/sra-pub-zq-40/SRR029/29371/SRR29371105/SRR29371105.lite.1,SRX24885478,UMB10_11_metatranscriptome,RNA-Seq,RANDOM,METATRANSCRIPTOMIC,PAIRED,0,0,ILLUMINA,Illumina NovaSeq 6000,SRP117119,PRJNA400628,,400628,SRS2500036,SAMN07583891,simple,408170,human gut metagenome,UMB10_11,,,,,,,no,,,,,THE BROAD INSTITUTE,SRA1896502,,public,8C231F5DBA5D1755C3DE72C640C63272,36379C20A54B9C7F1ACD5C93260EA00A
SRR29371106,2024-06-13 01:06:04,2024-06-12 11:27:08,61228022,17902411665,61228022,292,5786,,https://sra-downloadb.be-md.ncbi.nlm.nih.gov/sos6/sra-pub-zq-40/SRR029/29371/SRR29371106/SRR29371106.lite.1,SRX24885477,UMB18_01.1_metatranscriptome,RNA-Seq,RANDOM,METATRANSCRIPTOMIC,PAIRED,0,0,ILLUMINA,Illumina NovaSeq 6000,SRP117119,PRJNA400628,,400628,SRS2500093,SAMN07583968,simple,408170,human gut metagenome,UMB18_01.1,,,,,,,no,,,,,THE BROAD INSTITUTE,SRA1896502,,public,1B62B2C08B7A1D0A4621BCA9F8311F8B,297C1DE7E37CA4A855D95F4DC67AAAC1
SRR29371109,2024-06-13 01:06:04,2024-06-12 11:51:46,35171255,10270402545,35171255,292,3395,,https://sra-downloadb.be-md.ncbi.nlm.nih.gov/sos6/sra-pub-zq-40/SRR029/29371/SRR29371109/SRR29371109.lite.1,SRX24885474,UMB30_01_metatranscriptome,RNA-Seq,RANDOM,METATRANSCRIPTOMIC,PAIRED,0,0,ILLUMINA,Illumina NovaSeq 6000,SRP117119,PRJNA400628,,400628,SRS2500662,SAMN07584127,simple,408170,human gut metagenome,UMB30_01,,,,,,,no,,,,,THE BROAD INSTITUTE,SRA1896502,,public,77ED3C431698BE8016FD48ADE2764CBD,9D362D62803C0BA0E51FCCE8CA7CE96E
SRR29371108,2024-06-13 01:06:04,2024-06-12 11:23:49,62650469,18301285224,62650469,292,5920,,https://sra-downloadb.be-md.ncbi.nlm.nih.gov/sos6/sra-pub-zq-40/SRR029/29371/SRR29371108/SRR29371108.lite.1,SRX24885475,UMB22_10_metatranscriptome,RNA-Seq,RANDOM,METATRANSCRIPTOMIC,PAIRED,0,0,ILLUMINA,Illumina NovaSeq 6000,SRP117119,PRJNA400628,,400628,SRS9254167,SAMN07584037,simple,408170,human gut metagenome,UMB22_10,,,,,,,no,,,,,THE BROAD INSTITUTE,SRA1896502,,public,9D4D10814B253940C20332E440FE80B2,90D328CEE68EA4854AADE91D18BCE0CD
SRR29371114,2024-06-13 01:06:04,2024-06-12 11:47:49,10522975,3075875012,10522975,292,995,,https://sra-downloadb.be-md.ncbi.nlm.nih.gov/sos6/sra-pub-zq-40/SRR029/29371/SRR29371114/SRR29371114.lite.1,SRX24885469,UMB05_09_metatranscriptome,RNA-Seq,RANDOM,METATRANSCRIPTOMIC,PAIRED,0,0,ILLUMINA,Illumina NovaSeq 6000,SRP117119,PRJNA400628,,400628,SRS2499967,SAMN07583827,simple,408170,human gut metagenome,UMB05_09,,,,,,,no,,,,,THE BROAD INSTITUTE,SRA1896502,,public,7805087B005EFB7B61DCAA505BCEAA26,4A668545A32EE665A9962AEE29A61BAA
SRR29371111,2024-06-12 14:26:55,2024-06-12 11:33:29,158781902,46389618230,158781902,292,14828,,https://sra-downloadb.be-md.ncbi.nlm.nih.gov/sos6/sra-pub-zq-40/SRR029/29371/SRR29371111/SRR29371111.lite.1,SRX24885472,UMB25_11_metatranscriptome,RNA-Seq,RANDOM,METATRANSCRIPTOMIC,PAIRED,0,0,ILLUMINA,Illumina NovaSeq 6000,SRP117119,PRJNA400628,,400628,SRS9254186,SAMN07584082,simple,408170,human gut metagenome,UMB25_11,,,,,,,no,,,,,THE BROAD INSTITUTE,SRA1896502,,public,687DB32E9157C4FB0A8E074AAFF71C3E,D27C68C3627FDDF6A2019335A5114684
SRR29371113,2024-06-13 01:06:04,2024-06-12 11:46:11,11531625,3369106424,11531625,292,1106,,https://sra-downloadb.be-md.ncbi.nlm.nih.gov/sos6/sra-pub-zq-40/SRR029/29371/SRR29371113/SRR29371113.lite.1,SRX24885470,UMB27_09_metatranscriptome,RNA-Seq,RANDOM,METATRANSCRIPTOMIC,PAIRED,0,0,ILLUMINA,Illumina NovaSeq 6000,SRP117119,PRJNA400628,,400628,SRS9254196,SAMN07584102,simple,408170,human gut metagenome,UMB27_09,,,,,,,no,,,,,THE BROAD INSTITUTE,SRA1896502,,public,F4472F2976231E03EA98A75918E4976E,538617CFA0A1F07454752ED6C6088814
SRR29371112,2024-06-13 01:06:04,2024-06-12 11:25:51,95176585,27792436070,95176585,292,9209,,https://sra-downloadb.be-md.ncbi.nlm.nih.gov/sos6/sra-pub-zq-40/SRR029/29371/SRR29371112/SRR29371112.lite.1,SRX24885471,UMB28_10_metatranscriptome,RNA-Seq,RANDOM,METATRANSCRIPTOMIC,PAIRED,0,0,ILLUMINA,Illumina NovaSeq 6000,SRP117119,PRJNA400628,,400628,SRS9254201,SAMN07584114,simple,408170,human gut metagenome,UMB28_10,,,,,,,no,,,,,THE BROAD INSTITUTE,SRA1896502,,public,E7D965B06E5E6C0B50211D6CD4B7C3DF,9C40FF02403AE21D8CC3DD98518D5A6D
SRR29371110,2024-06-13 01:06:04,2024-06-12 11:23:45,92484686,27039423112,92484686,292,8690,,https://sra-downloadb.be-md.ncbi.nlm.nih.gov/sos6/sra-pub-zq-40/SRR029/29371/SRR29371110/SRR29371110.lite.1,SRX24885473,UMB29_09_metatranscriptome,RNA-Seq,RANDOM,METATRANSCRIPTOMIC,PAIRED,0,0,ILLUMINA,Illumina NovaSeq 6000,SRP117119,PRJNA400628,,400628,SRS9254206,SAMN07584124,simple,408170,human gut metagenome,UMB29_09,,,,,,,no,,,,,THE BROAD INSTITUTE,SRA1896502,,public,A3AFEDD032BE5851D9C84634A5CCF769,A243099721663684FE22EA78D35D03AC
SRR29371119,2024-06-13 14:44:11,2024-06-13 14:39:33,39456869,11521556313,39456869,292,3639,,https://sra-downloadb.be-md.ncbi.nlm.nih.gov/sos6/sra-pub-zq-40/SRR029/29371/SRR29371119/SRR29371119.lite.1,SRX24885464,UMB16_03_metatranscriptome,RNA-Seq,RANDOM,METATRANSCRIPTOMIC,PAIRED,0,0,ILLUMINA,Illumina NovaSeq 6000,SRP117119,PRJNA400628,,400628,SRS2500042,SAMN07583951,simple,408170,human gut metagenome,UMB16_03,,,,,,,no,,,,,THE BROAD INSTITUTE,SRA1896502,,public,32AC66A268EA4349C3C505E1BF8EEB9A,1BDDE255BEDB3D1992D84BD36A70D08F
SRR29371118,2024-06-13 01:06:04,2024-06-12 11:48:13,16939184,4945059206,16939184,291,1639,,https://sra-downloadb.be-md.ncbi.nlm.nih.gov/sos6/sra-pub-zq-40/SRR029/29371/SRR29371118/SRR29371118.lite.1,SRX24885465,UMB17_07_metatranscriptome,RNA-Seq,RANDOM,METATRANSCRIPTOMIC,PAIRED,0,0,ILLUMINA,Illumina NovaSeq 6000,SRP117119,PRJNA400628,,400628,SRS2500098,SAMN07583959,simple,408170,human gut metagenome,UMB17_07,,,,,,,no,,,,,THE BROAD INSTITUTE,SRA1896502,,public,A8D12495C84EC7DCAA84F2B8C5E8966B,A493F086E2759E657381B091E364E52C
SRR29371115,2024-06-13 01:06:04,2024-06-12 11:12:22,396397,115511593,396397,291,40,,https://sra-downloadb.be-md.ncbi.nlm.nih.gov/sos6/sra-pub-zq-40/SRR029/29371/SRR29371115/SRR29371115.lite.1,SRX24885468,UMB23_07.1_metatranscriptome,RNA-Seq,RANDOM,METATRANSCRIPTOMIC,PAIRED,0,0,ILLUMINA,Illumina NovaSeq 6000,SRP117119,PRJNA400628,,400628,SRS2500144,SAMN07584051,simple,408170,human gut metagenome,UMB23_07.1,,,,,,,no,,,,,THE BROAD INSTITUTE,SRA1896502,,public,CC903AE2BA945C2AE48915428F9B443B,18E3C89C451BDB12BA984E17FE905B1C
SRR29371117,2024-06-13 01:06:04,2024-06-12 11:23:14,60644424,17723730239,60644424,292,5664,,https://sra-downloadb.be-md.ncbi.nlm.nih.gov/sos6/sra-pub-zq-40/SRR029/29371/SRR29371117/SRR29371117.lite.1,SRX24885466,UMB24_12_metatranscriptome,RNA-Seq,RANDOM,METATRANSCRIPTOMIC,PAIRED,0,0,ILLUMINA,Illumina NovaSeq 6000,SRP117119,PRJNA400628,,400628,SRS9254181,SAMN07584071,simple,408170,human gut metagenome,UMB24_12,,,,,,,no,,,,,THE BROAD INSTITUTE,SRA1896502,,public,CFF4910680F4396D7B1E95DC96741FC7,1AC590BFBE08FA4EC69071401EF85F2F
SRR29371116,2024-06-13 01:06:04,2024-06-12 11:50:03,23146672,6759560817,23146672,292,2260,,https://sra-downloadb.be-md.ncbi.nlm.nih.gov/sos6/sra-pub-zq-40/SRR029/29371/SRR29371116/SRR29371116.lite.1,SRX24885467,UMB31_04_metatranscriptome,RNA-Seq,RANDOM,METATRANSCRIPTOMIC,PAIRED,0,0,ILLUMINA,Illumina NovaSeq 6000,SRP117119,PRJNA400628,,400628,SRS2500671,SAMN07584133,simple,408170,human gut metagenome,UMB31_04,,,,,,,no,,,,,THE BROAD INSTITUTE,SRA1896502,,public,F6FB8A279103643FFDC8995E80442D18,DE34BBB42640A15DFD3E1E4CA5DFE8C1
SRR29371122,2024-06-13 01:06:04,2024-06-12 11:49:00,12890684,3767137067,12890684,292,1187,,https://sra-downloadb.be-md.ncbi.nlm.nih.gov/sos6/sra-pub-zq-40/SRR029/29371/SRR29371122/SRR29371122.lite.1,SRX24885461,UMB07_05_metatranscriptome,RNA-Seq,RANDOM,METATRANSCRIPTOMIC,PAIRED,0,0,ILLUMINA,Illumina NovaSeq 6000,SRP117119,PRJNA400628,,400628,SRS2499989,SAMN07583850,simple,408170,human gut metagenome,UMB07_05,,,,,,,no,,,,,THE BROAD INSTITUTE,SRA1896502,,public,98DB587FCC7A184DA43A61F5850D1E6C,47ACBE7ADCC392146EC92A91CFB56C4E
SRR29371120,2024-06-13 01:06:04,2024-06-12 11:23:07,41072609,12004818554,41072609,292,3887,,https://sra-downloadb.be-md.ncbi.nlm.nih.gov/sos6/sra-pub-zq-40/SRR029/29371/SRR29371120/SRR29371120.lite.1,SRX24885463,UMB17_11_metatranscriptome,RNA-Seq,RANDOM,METATRANSCRIPTOMIC,PAIRED,0,0,ILLUMINA,Illumina NovaSeq 6000,SRP117119,PRJNA400628,,400628,SRS2500094,SAMN07583963,simple,408170,human gut metagenome,UMB17_11,,,,,,,no,,,,,THE BROAD INSTITUTE,SRA1896502,,public,9B5DCF61706D6E92C0A3B685D2720D1C,B49FE7F9F4AF72A796094129DFE69A0A
SRR29371123,2024-06-13 01:06:04,2024-06-12 11:22:03,47918302,13999041966,47918302,292,4604,,https://sra-downloadb.be-md.ncbi.nlm.nih.gov/sos6/sra-pub-zq-40/SRR029/29371/SRR29371123/SRR29371123.lite.1,SRX24885460,UMB23_01.2_metatranscriptome,RNA-Seq,RANDOM,METATRANSCRIPTOMIC,PAIRED,0,0,ILLUMINA,Illumina NovaSeq 6000,SRP117119,PRJNA400628,,400628,SRS2500112,SAMN07584041,simple,408170,human gut metagenome,UMB23_01.2,,,,,,,no,,,,,THE BROAD INSTITUTE,SRA1896502,,public,2206CC6C90169AD3B79207A42B19952D,61488C404624A8AC44797235367BEDF6
SRR29371121,2024-06-14 09:20:53,2024-06-14 09:18:37,8076159,2359554763,8076159,292,760,,https://sra-downloadb.be-md.ncbi.nlm.nih.gov/sos6/sra-pub-zq-40/SRR029/29371/SRR29371121/SRR29371121.lite.1,SRX24885462,UMB02_11_metatranscriptome,RNA-Seq,RANDOM,METATRANSCRIPTOMIC,PAIRED,0,0,ILLUMINA,Illumina NovaSeq 6000,SRP117119,PRJNA400628,,400628,SRS2500873,SAMN07583788,simple,408170,human gut metagenome,UMB02_11,,,,,,,no,,,,,THE BROAD INSTITUTE,SRA1896502,,public,1796E57A2831AD064A2EDED6461E77BF,78D14AFE969375BAFFC4F5656D692565
SRR29371124,2024-06-13 14:33:25,2024-06-13 14:29:55,31608610,9232011750,31608610,292,2996,,https://sra-downloadb.be-md.ncbi.nlm.nih.gov/sos6/sra-pub-zq-40/SRR029/29371/SRR29371124/SRR29371124.lite.1,SRX24885459,UMB24_11_metatranscriptome,RNA-Seq,RANDOM,METATRANSCRIPTOMIC,PAIRED,0,0,ILLUMINA,Illumina NovaSeq 6000,SRP117119,PRJNA400628,,400628,SRS9254180,SAMN07584070,simple,408170,human gut metagenome,UMB24_11,,,,,,,no,,,,,THE BROAD INSTITUTE,SRA1896502,,public,54AF972EC0E1D16A8595F27DE8062BA0,D43251790C8B29F12009184876681BE6
SRR29371126,2024-06-13 01:06:04,2024-06-12 12:32:15,35803871,10451323204,35803871,291,3363,,https://sra-downloadb.be-md.ncbi.nlm.nih.gov/sos6/sra-pub-zq-40/SRR029/29371/SRR29371126/SRR29371126.lite.1,SRX24885457,UMB04_06_metatranscriptome,RNA-Seq,RANDOM,METATRANSCRIPTOMIC,PAIRED,0,0,ILLUMINA,Illumina NovaSeq 6000,SRP117119,PRJNA400628,,400628,SRS2499943,SAMN07583809,simple,408170,human gut metagenome,UMB04_06,,,,,,,no,,,,,THE BROAD INSTITUTE,SRA1896502,,public,367A8637F406AF6CA3309EB79E7470FC,51027BF332C9574726DB75CDAC0F7306
SRR29371125,2024-06-13 01:06:04,2024-06-12 13:03:13,24019190,7021892399,24019190,292,2279,,https://sra-downloadb.be-md.ncbi.nlm.nih.gov/sos6/sra-pub-zq-40/SRR029/29371/SRR29371125/SRR29371125.lite.1,SRX24885458,UMB05_06_metatranscriptome,RNA-Seq,RANDOM,METATRANSCRIPTOMIC,PAIRED,0,0,ILLUMINA,Illumina NovaSeq 6000,SRP117119,PRJNA400628,,400628,SRS2499949,SAMN07583823,simple,408170,human gut metagenome,UMB05_06,,,,,,,no,,,,,THE BROAD INSTITUTE,SRA1896502,,public,273B4ABBDE13F63D73271862C84E61EC,ED56FFF4ECEC515452EFC1E62BE1EBEE
SRR29371128,2024-06-13 01:06:03,2024-06-12 11:55:26,42284775,12360248877,42284775,292,4237,,https://sra-downloadb.be-md.ncbi.nlm.nih.gov/sos6/sra-pub-zq-40/SRR029/29371/SRR29371128/SRR29371128.lite.1,SRX24885455,UMB18_06_metatranscriptome,RNA-Seq,RANDOM,METATRANSCRIPTOMIC,PAIRED,0,0,ILLUMINA,Illumina NovaSeq 6000,SRP117119,PRJNA400628,,400628,SRS2500054,SAMN07583974,simple,408170,human gut metagenome,UMB18_06,,,,,,,no,,,,,THE BROAD INSTITUTE,SRA1896502,,public,E8217D3F6329076CC139780A85268E79,ED2467EE80AB01F4442878F2290FD028
SRR29371127,2024-06-13 01:06:03,2024-06-12 11:50:11,27657001,8083071469,27657001,292,2644,,https://sra-downloadb.be-md.ncbi.nlm.nih.gov/sos6/sra-pub-zq-40/SRR029/29371/SRR29371127/SRR29371127.lite.1,SRX24885456,UMB15_01_metatranscriptome,RNA-Seq,RANDOM,METATRANSCRIPTOMIC,PAIRED,0,0,ILLUMINA,Illumina NovaSeq 6000,SRP117119,PRJNA400628,,400628,SRS2500058,SAMN07583936,simple,408170,human gut metagenome,UMB15_01,,,,,,,no,,,,,THE BROAD INSTITUTE,SRA1896502,,public,BA9B0541201C7AA647A3406DD921A113,181D1AAB55EBE35D0DB058027D962FEE
SRR29371129,2024-06-13 01:06:03,2024-06-12 13:03:35,31029712,9071897002,31029712,292,2932,,https://sra-downloadb.be-md.ncbi.nlm.nih.gov/sos6/sra-pub-zq-40/SRR029/29371/SRR29371129/SRR29371129.lite.1,SRX24885454,UMB24_05_metatranscriptome,RNA-Seq,RANDOM,METATRANSCRIPTOMIC,PAIRED,0,0,ILLUMINA,Illumina NovaSeq 6000,SRP117119,PRJNA400628,,400628,SRS2500143,SAMN07584061,simple,408170,human gut metagenome,UMB24_05,,,,,,,no,,,,,THE BROAD INSTITUTE,SRA1896502,,public,46E5C8E79F8CD13069EE056B5F9BCE20,BF2A8C4D24344811002F4A84F20FEB29
SRR29371130,2024-06-13 01:06:03,2024-06-12 11:24:44,48154587,14055091892,48154587,291,4583,,https://sra-downloadb.be-md.ncbi.nlm.nih.gov/sos6/sra-pub-zq-40/SRR029/29371/SRR29371130/SRR29371130.lite.1,SRX24885453,UMB04_04_metatranscriptome,RNA-Seq,RANDOM,METATRANSCRIPTOMIC,PAIRED,0,0,ILLUMINA,Illumina NovaSeq 6000,SRP117119,PRJNA400628,,400628,SRS2499931,SAMN07583807,simple,408170,human gut metagenome,UMB04_04,,,,,,,no,,,,,THE BROAD INSTITUTE,SRA1896502,,public,B62DDB8406025082BDCC653954725F42,0FACC067F3DAF8F461C4533A40E1433B
SRR29371132,2024-06-13 01:06:03,2024-06-12 11:12:43,700276,203911487,700276,291,70,,https://sra-downloadb.be-md.ncbi.nlm.nih.gov/sos6/sra-pub-zq-40/SRR029/29371/SRR29371132/SRR29371132.lite.1,SRX24885451,UMB06_10_metatranscriptome,RNA-Seq,RANDOM,METATRANSCRIPTOMIC,PAIRED,0,0,ILLUMINA,Illumina NovaSeq 6000,SRP117119,PRJNA400628,,400628,SRS2499972,SAMN07583842,simple,408170,human gut metagenome,UMB06_10,,,,,,,no,,,,,THE BROAD INSTITUTE,SRA1896502,,public,C231E2F40B969F01CCCB5C4284E7D3A2,CB63AA9DA5FB41166320AB48434CEAA4
SRR29371134,2024-06-13 01:06:03,2024-06-12 11:50:12,19697017,5753333851,19697017,292,1834,,https://sra-downloadb.be-md.ncbi.nlm.nih.gov/sos6/sra-pub-zq-40/SRR029/29371/SRR29371134/SRR29371134.lite.1,SRX24885449,UMB06_11_metatranscriptome,RNA-Seq,RANDOM,METATRANSCRIPTOMIC,PAIRED,0,0,ILLUMINA,Illumina NovaSeq 6000,SRP117119,PRJNA400628,,400628,SRS2499974,SAMN07583843,simple,408170,human gut metagenome,UMB06_11,,,,,,,no,,,,,THE BROAD INSTITUTE,SRA1896502,,public,EBA61E6AE1CA9BBED8E3A39FDC2B6C28,5FE104E610E216DB4C147E6397932E44
SRR29371133,2024-06-13 01:06:03,2024-06-12 11:48:23,14347535,4193843632,14347535,292,1333,,https://sra-downloadb.be-md.ncbi.nlm.nih.gov/sos6/sra-pub-zq-40/SRR029/29371/SRR29371133/SRR29371133.lite.1,SRX24885450,UMB08_11_metatranscriptome,RNA-Seq,RANDOM,METATRANSCRIPTOMIC,PAIRED,0,0,ILLUMINA,Illumina NovaSeq 6000,SRP117119,PRJNA400628,,400628,SRS2500014,SAMN07583870,simple,408170,human gut metagenome,UMB08_11,,,,,,,no,,,,,THE BROAD INSTITUTE,SRA1896502,,public,D9F1B456397DD0BA09375A9890E88903,376D6BF9C998BFBDC24E00F03AF9E10A
SRR29371131,2024-06-13 01:06:03,2024-06-12 11:49:03,14369483,4201230568,14369483,292,1367,,https://sra-downloadb.be-md.ncbi.nlm.nih.gov/sos6/sra-pub-zq-40/SRR029/29371/SRR29371131/SRR29371131.lite.1,SRX24885452,UMB28_00_metatranscriptome,RNA-Seq,RANDOM,METATRANSCRIPTOMIC,PAIRED,0,0,ILLUMINA,Illumina NovaSeq 6000,SRP117119,PRJNA400628,,400628,SRS2500655,SAMN07584105,simple,408170,human gut metagenome,UMB28_00,,,,,,,no,,,,,THE BROAD INSTITUTE,SRA1896502,,public,D4C5D96A7D04312AF798BD98E26F72C3,5CA80D72905ADC61FE1587DE16E23989
SRR29371136,2024-06-13 01:06:03,2024-06-12 12:33:16,32389417,9458262545,32389417,292,3170,,https://sra-downloadb.be-md.ncbi.nlm.nih.gov/sos6/sra-pub-zq-40/SRR029/29371/SRR29371136/SRR29371136.lite.1,SRX24885447,UMB06_05_metatranscriptome,RNA-Seq,RANDOM,METATRANSCRIPTOMIC,PAIRED,0,0,ILLUMINA,Illumina NovaSeq 6000,SRP117119,PRJNA400628,,400628,SRS2499969,SAMN07583838,simple,408170,human gut metagenome,UMB06_05,,,,,,,no,,,,,THE BROAD INSTITUTE,SRA1896502,,public,158AA1914F55C5DE19A17647F63694F7,F62D9A66A201731C60239738D729F296
SRR29371139,2024-06-13 01:06:03,2024-06-12 11:47:28,6986189,2040957035,6986189,292,659,,https://sra-downloadb.be-md.ncbi.nlm.nih.gov/sos6/sra-pub-zq-40/SRR029/29371/SRR29371139/SRR29371139.lite.1,SRX24885444,UMB12_01_metatranscriptome,RNA-Seq,RANDOM,METATRANSCRIPTOMIC,PAIRED,0,0,ILLUMINA,Illumina NovaSeq 6000,SRP117119,PRJNA400628,,400628,SRS2500046,SAMN07583907,simple,408170,human gut metagenome,UMB12_01,,,,,,,no,,,,,THE BROAD INSTITUTE,SRA1896502,,public,31797875F92936234FAC8B4ED0D665CE,01B86C3CC3A133267C6DFAFB7911ABE3
SRR29371138,2024-06-13 01:06:03,2024-06-12 11:55:28,37522552,10964013584,37522552,292,3453,,https://sra-downloadb.be-md.ncbi.nlm.nih.gov/sos6/sra-pub-zq-40/SRR029/29371/SRR29371138/SRR29371138.lite.1,SRX24885445,UMB13_01_metatranscriptome,RNA-Seq,RANDOM,METATRANSCRIPTOMIC,PAIRED,0,0,ILLUMINA,Illumina NovaSeq 6000,SRP117119,PRJNA400628,,400628,SRS2500062,SAMN07583922,simple,408170,human gut metagenome,UMB13_01,,,,,,,no,,,,,THE BROAD INSTITUTE,SRA1896502,,public,5391C8D6FA47265FABCAF04E7F1897FF,1ADA8F3F2492C9FBEF215FAE046FCA4B
SRR29371137,2024-06-13 01:06:03,2024-06-12 11:12:53,341319,99428450,341319,291,34,,https://sra-downloadb.be-md.ncbi.nlm.nih.gov/sos6/sra-pub-zq-40/SRR029/29371/SRR29371137/SRR29371137.lite.1,SRX24885446,UMB20_06_metatranscriptome,RNA-Seq,RANDOM,METATRANSCRIPTOMIC,PAIRED,0,0,ILLUMINA,Illumina NovaSeq 6000,SRP117119,PRJNA400628,,400628,SRS2500134,SAMN07584008,simple,408170,human gut metagenome,UMB20_06,,,,,,,no,,,,,THE BROAD INSTITUTE,SRA1896502,,public,2DA997F48A2E1E7FE65AAD1FA143FAC7,35D477D6D290E8EB7697E54E2360766B
SRR29371135,2024-06-13 01:06:03,2024-06-12 12:32:05,32611295,9524026959,32611295,292,3075,,https://sra-downloadb.be-md.ncbi.nlm.nih.gov/sos6/sra-pub-zq-40/SRR029/29371/SRR29371135/SRR29371135.lite.1,SRX24885448,UMB25_10_metatranscriptome,RNA-Seq,RANDOM,METATRANSCRIPTOMIC,PAIRED,0,0,ILLUMINA,Illumina NovaSeq 6000,SRP117119,PRJNA400628,,400628,SRS9254185,SAMN07584081,simple,408170,human gut metagenome,UMB25_10,,,,,,,no,,,,,THE BROAD INSTITUTE,SRA1896502,,public,2F5C34E1D0C0B5E21F17505ADF3E9890,A270AB2774BBD90C2C7713684D050320
SRR29371142,2024-06-13 01:06:03,2024-06-12 11:12:51,223149,64993945,223149,291,22,,https://sra-downloadb.be-md.ncbi.nlm.nih.gov/sos6/sra-pub-zq-40/SRR029/29371/SRR29371142/SRR29371142.lite.1,SRX24885441,UMB05_11_metatranscriptome,RNA-Seq,RANDOM,METATRANSCRIPTOMIC,PAIRED,0,0,ILLUMINA,Illumina NovaSeq 6000,SRP117119,PRJNA400628,,400628,SRS2499954,SAMN07583832,simple,408170,human gut metagenome,UMB05_11,,,,,,,no,,,,,THE BROAD INSTITUTE,SRA1896502,,public,1780ACFA0EDEC03B54A272A5CDC3458A,0F864729C86D9283E0955F9928FAC2D1
SRR29371140,2024-06-13 01:06:03,2024-06-12 13:04:22,27849749,8141327329,27849749,292,2603,,https://sra-downloadb.be-md.ncbi.nlm.nih.gov/sos6/sra-pub-zq-40/SRR029/29371/SRR29371140/SRR29371140.lite.1,SRX24885443,UMB05_07_metatranscriptome,RNA-Seq,RANDOM,METATRANSCRIPTOMIC,PAIRED,0,0,ILLUMINA,Illumina NovaSeq 6000,SRP117119,PRJNA400628,,400628,SRS2499965,SAMN07583825,simple,408170,human gut metagenome,UMB05_07,,,,,,,no,,,,,THE BROAD INSTITUTE,SRA1896502,,public,C59D3CFD1ECCB1B75E9DD6FBCC62989E,8C5B5DC06B17AC06FE92763A7BEF044C
SRR29371141,2024-06-13 01:06:03,2024-06-12 11:23:18,49184034,14347623684,49184034,291,4582,,https://sra-downloadb.be-md.ncbi.nlm.nih.gov/sos6/sra-pub-zq-40/SRR029/29371/SRR29371141/SRR29371141.lite.1,SRX24885442,UMB18_02_metatranscriptome,RNA-Seq,RANDOM,METATRANSCRIPTOMIC,PAIRED,0,0,ILLUMINA,Illumina NovaSeq 6000,SRP117119,PRJNA400628,,400628,SRS2500085,SAMN07583969,simple,408170,human gut metagenome,UMB18_02,,,,,,,no,,,,,THE BROAD INSTITUTE,SRA1896502,,public,4E2B3EE13294E342FE9D2467159E82E0,9AC5C16A2612FACBC15BA507CEBCF305
SRR29371144,2024-06-13 01:06:02,2024-06-12 13:04:43,27586842,8047612981,27586842,291,2603,,https://sra-downloadb.be-md.ncbi.nlm.nih.gov/sos6/sra-pub-zq-40/SRR029/29371/SRR29371144/SRR29371144.lite.1,SRX24885439,UMB18_08_metatranscriptome,RNA-Seq,RANDOM,METATRANSCRIPTOMIC,PAIRED,0,0,ILLUMINA,Illumina NovaSeq 6000,SRP117119,PRJNA400628,,400628,SRS2500089,SAMN07583976,simple,408170,human gut metagenome,UMB18_08,,,,,,,no,,,,,THE BROAD INSTITUTE,SRA1896502,,public,62F166C151A832E85AB68BAEF0F4F46C,AFD31BC757C7E8D0176766FA197E14B2
SRR29371143,2024-06-13 01:06:02,2024-06-12 11:22:52,54614027,15960775021,54614027,292,5142,,https://sra-downloadb.be-md.ncbi.nlm.nih.gov/sos6/sra-pub-zq-40/SRR029/29371/SRR29371143/SRR29371143.lite.1,SRX24885440,UMB23_02_metatranscriptome,RNA-Seq,RANDOM,METATRANSCRIPTOMIC,PAIRED,0,0,ILLUMINA,Illumina NovaSeq 6000,SRP117119,PRJNA400628,,400628,SRS2500119,SAMN07584042,simple,408170,human gut metagenome,UMB23_02,,,,,,,no,,,,,THE BROAD INSTITUTE,SRA1896502,,public,D1978DED0C5AA9456F2383858B28687C,1B66BA645AD83851DE5AEC3B5A7BEA73
SRR29371149,2024-06-13 01:06:02,2024-06-12 11:48:41,14534192,4242156390,14534192,291,1386,,https://sra-downloadb.be-md.ncbi.nlm.nih.gov/sos6/sra-pub-zq-40/SRR029/29371/SRR29371149/SRR29371149.lite.1,SRX24885434,UMB06_09_metatranscriptome,RNA-Seq,RANDOM,METATRANSCRIPTOMIC,PAIRED,0,0,ILLUMINA,Illumina NovaSeq 6000,SRP117119,PRJNA400628,,400628,SRS2499971,SAMN07583841,simple,408170,human gut metagenome,UMB06_09,,,,,,,no,,,,,THE BROAD INSTITUTE,SRA1896502,,public,C85A894C3BF5CFA41CA1EB399451B646,B81C62A081A20B46B6B24043A8BF3298
SRR29371148,2024-06-13 01:06:02,2024-06-12 11:23:29,45497138,13292873091,45497138,292,4298,,https://sra-downloadb.be-md.ncbi.nlm.nih.gov/sos6/sra-pub-zq-40/SRR029/29371/SRR29371148/SRR29371148.lite.1,SRX24885435,UMB19_02_metatranscriptome,RNA-Seq,RANDOM,METATRANSCRIPTOMIC,PAIRED,0,0,ILLUMINA,Illumina NovaSeq 6000,SRP117119,PRJNA400628,,400628,SRS2500136,SAMN07583984,simple,408170,human gut metagenome,UMB19_02,,,,,,,no,,,,,THE BROAD INSTITUTE,SRA1896502,,public,58CA53834DA38BAAC22D622321B7ABC8,71B5C2154DA72C9621293A00D75C1A20
SRR29371146,2024-06-13 01:06:02,2024-06-12 11:32:27,69148849,20214057795,69148849,292,6423,,https://sra-downloadb.be-md.ncbi.nlm.nih.gov/sos6/sra-pub-zq-40/SRR029/29371/SRR29371146/SRR29371146.lite.1,SRX24885437,UMB20_03_metatranscriptome,RNA-Seq,RANDOM,METATRANSCRIPTOMIC,PAIRED,0,0,ILLUMINA,Illumina NovaSeq 6000,SRP117119,PRJNA400628,,400628,SRS2500109,SAMN07584002,simple,408170,human gut metagenome,UMB20_03,,,,,,,no,,,,,THE BROAD INSTITUTE,SRA1896502,,public,F5A0C7281A0047A551A0C7EDA67FE9DA,CD56E8CB591FC0AC7B01ECF884351DAE
SRR29371147,2024-06-13 01:06:02,2024-06-12 11:48:14,17542347,5125582953,17542347,292,1657,,https://sra-downloadb.be-md.ncbi.nlm.nih.gov/sos6/sra-pub-zq-40/SRR029/29371/SRR29371147/SRR29371147.lite.1,SRX24885436,UMB23_04_metatranscriptome,RNA-Seq,RANDOM,METATRANSCRIPTOMIC,PAIRED,0,0,ILLUMINA,Illumina NovaSeq 6000,SRP117119,PRJNA400628,,400628,SRS2500120,SAMN07584045,simple,408170,human gut metagenome,UMB23_04,,,,,,,no,,,,,THE BROAD INSTITUTE,SRA1896502,,public,83EA29739D89D334398D2550DBEA48B4,59ECFA347E0F118EBF1DB8390A74CFD5
SRR29371145,2024-06-14 01:17:29,2024-06-13 16:47:27,96720781,28282383893,96720781,292,9012,,https://sra-downloadb.be-md.ncbi.nlm.nih.gov/sos6/sra-pub-zq-40/SRR029/29371/SRR29371145/SRR29371145.lite.1,SRX24885438,UMB31_09_metatranscriptome,RNA-Seq,RANDOM,METATRANSCRIPTOMIC,PAIRED,0,0,ILLUMINA,Illumina NovaSeq 6000,SRP117119,PRJNA400628,,400628,SRS9254214,SAMN07584138,simple,408170,human gut metagenome,UMB31_09,,,,,,,no,,,,,THE BROAD INSTITUTE,SRA1896502,,public,DEBD00DAADF41FC038E78F91A16E83BB,D5BD3FFA0E45E78FAD6692D391D82A16
SRR29371104,2024-06-13 01:06:02,2024-06-12 13:03:56,36457292,10646432527,36457292,292,3523,,https://sra-downloadb.be-md.ncbi.nlm.nih.gov/sos6/sra-pub-zq-40/SRR029/29371/SRR29371104/SRR29371104.lite.1,SRX24885433,UMB02_08_metatranscriptome,RNA-Seq,RANDOM,METATRANSCRIPTOMIC,PAIRED,0,0,ILLUMINA,Illumina NovaSeq 6000,SRP117119,PRJNA400628,,400628,SRS2500877,SAMN07583785,simple,408170,human gut metagenome,UMB02_08,,,,,,,no,,,,,THE BROAD INSTITUTE,SRA1896502,,public,200A1F7BC53E5A65C5748D06BCDD95BC,279CAC6596F903B928B0C33673D0BA63
SRR29371153,2024-06-13 01:06:02,2024-06-12 11:32:24,111952791,32710474871,111952791,292,10461,,https://sra-downloadb.be-md.ncbi.nlm.nih.gov/sos6/sra-pub-zq-40/SRR029/29371/SRR29371153/SRR29371153.lite.1,SRX24885430,UMB07_08_metatranscriptome,RNA-Seq,RANDOM,METATRANSCRIPTOMIC,PAIRED,0,0,ILLUMINA,Illumina NovaSeq 6000,SRP117119,PRJNA400628,,400628,SRS2499994,SAMN07583853,simple,408170,human gut metagenome,UMB07_08,,,,,,,no,,,,,THE BROAD INSTITUTE,SRA1896502,,public,94BD63EF288CA26081E18FC062F3DACC,B23438CA17B8E8FB4F72CA320CF8E72A
SRR29371152,2024-06-13 01:06:02,2024-06-12 11:48:40,13782756,4024669987,13782756,292,1291,,https://sra-downloadb.be-md.ncbi.nlm.nih.gov/sos6/sra-pub-zq-40/SRR029/29371/SRR29371152/SRR29371152.lite.1,SRX24885431,UMB09_01_metatranscriptome,RNA-Seq,RANDOM,METATRANSCRIPTOMIC,PAIRED,0,0,ILLUMINA,Illumina NovaSeq 6000,SRP117119,PRJNA400628,,400628,SRS2500012,SAMN07583872,simple,408170,human gut metagenome,UMB09_01,,,,,,,no,,,,,THE BROAD INSTITUTE,SRA1896502,,public,B933DEC79C33320A1E55E7884B13CD2F,ACD4B53DCC8537FEF145BF9B7E8195F0
SRR29371151,2024-06-13 01:06:02,2024-06-12 11:46:54,9172318,2676282370,9172318,291,863,,https://sra-downloadb.be-md.ncbi.nlm.nih.gov/sos6/sra-pub-zq-40/SRR029/29371/SRR29371151/SRR29371151.lite.1,SRX24885432,UMB10_04_metatranscriptome,RNA-Seq,RANDOM,METATRANSCRIPTOMIC,PAIRED,0,0,ILLUMINA,Illumina NovaSeq 6000,SRP117119,PRJNA400628,,400628,SRS2500037,SAMN07583884,simple,408170,human gut metagenome,UMB10_04,,,,,,,no,,,,,THE BROAD INSTITUTE,SRA1896502,,public,0751B4318BB62A06C1D91A318350E048,11C0E067CE64765B694D48CF6352306F
SRR29371154,2024-06-13 01:06:02,2024-06-12 12:29:51,34536156,10085035671,34536156,292,3344,,https://sra-downloadb.be-md.ncbi.nlm.nih.gov/sos6/sra-pub-zq-40/SRR029/29371/SRR29371154/SRR29371154.lite.1,SRX24885429,UMB22_08_metatranscriptome,RNA-Seq,RANDOM,METATRANSCRIPTOMIC,PAIRED,0,0,ILLUMINA,Illumina NovaSeq 6000,SRP117119,PRJNA400628,,400628,SRS2500165,SAMN07584035,simple,408170,human gut metagenome,UMB22_08,,,,,,,no,,,,,THE BROAD INSTITUTE,SRA1896502,,public,FDD6EC6F52DBF50BFADDCB8F4821718E,FF126AB1951DD8383508CBC8ACD8D1AE
SRR29371158,2024-06-13 01:06:02,2024-06-12 11:59:13,35370988,10329079116,35370988,292,3287,,https://sra-downloadb.be-md.ncbi.nlm.nih.gov/sos6/sra-pub-zq-40/SRR029/29371/SRR29371158/SRR29371158.lite.1,SRX24885425,UMB01_02_metatranscriptome,RNA-Seq,RANDOM,METATRANSCRIPTOMIC,PAIRED,0,0,ILLUMINA,Illumina NovaSeq 6000,SRP117119,PRJNA400628,,400628,SRS2499920,SAMN07583766,simple,408170,human gut metagenome,UMB01_02,,,,,,,no,,,,,THE BROAD INSTITUTE,SRA1896502,,public,772079B25285336F8EBC36A9263BCA6C,918BC19D78937FFF16E6B37FDA7E49C0
SRR29371155,2024-06-13 01:06:02,2024-06-12 11:12:47,761338,221865192,761338,291,77,,https://sra-downloadb.be-md.ncbi.nlm.nih.gov/sos6/sra-pub-zq-40/SRR029/29371/SRR29371155/SRR29371155.lite.1,SRX24885428,UMB15_03_metatranscriptome,RNA-Seq,RANDOM,METATRANSCRIPTOMIC,PAIRED,0,0,ILLUMINA,Illumina NovaSeq 6000,SRP117119,PRJNA400628,,400628,SRS2500034,SAMN07583940,simple,408170,human gut metagenome,UMB15_03,,,,,,,no,,,,,THE BROAD INSTITUTE,SRA1896502,,public,F4ABD64221B5E0B35F3A3652FD876920,A9A5F6901F9D30061CFF4F142E6CF40C
SRR29371157,2024-06-13 01:06:02,2024-06-12 11:29:49,69530944,20304223748,69530944,292,6442,,https://sra-downloadb.be-md.ncbi.nlm.nih.gov/sos6/sra-pub-zq-40/SRR029/29371/SRR29371157/SRR29371157.lite.1,SRX24885426,UMB19_01_metatranscriptome,RNA-Seq,RANDOM,METATRANSCRIPTOMIC,PAIRED,0,0,ILLUMINA,Illumina NovaSeq 6000,SRP117119,PRJNA400628,,400628,SRS2500068,SAMN07583983,simple,408170,human gut metagenome,UMB19_01,,,,,,,no,,,,,THE BROAD INSTITUTE,SRA1896502,,public,05EBD0362B29DCE12F9890738CF49EA6,B6C3D988323F3DEC0B2915964F457692
SRR29371159,2024-06-13 01:06:02,2024-06-12 11:59:20,34483234,10065873176,34483234,291,3235,,https://sra-downloadb.be-md.ncbi.nlm.nih.gov/sos6/sra-pub-zq-40/SRR029/29371/SRR29371159/SRR29371159.lite.1,SRX24885424,UMB17_04_metatranscriptome,RNA-Seq,RANDOM,METATRANSCRIPTOMIC,PAIRED,0,0,ILLUMINA,Illumina NovaSeq 6000,SRP117119,PRJNA400628,,400628,SRS2500097,SAMN07583956,simple,408170,human gut metagenome,UMB17_04,,,,,,,no,,,,,THE BROAD INSTITUTE,SRA1896502,,public,B807BF2DC3F3B99D2F532F928D7F4E6B,44901E4BB6F1DE96EA3367EB8EF34885
SRR29371156,2024-06-13 01:06:02,2024-06-12 11:50:54,17660841,5160862883,17660841,292,1674,,https://sra-downloadb.be-md.ncbi.nlm.nih.gov/sos6/sra-pub-zq-40/SRR029/29371/SRR29371156/SRR29371156.lite.1,SRX24885427,UMB15_11_metatranscriptome,RNA-Seq,RANDOM,METATRANSCRIPTOMIC,PAIRED,0,0,ILLUMINA,Illumina NovaSeq 6000,SRP117119,PRJNA400628,,400628,SRS2508949,SAMN07583948,simple,408170,human gut metagenome,UMB15_11,,,,,,,no,,,,,THE BROAD INSTITUTE,SRA1896502,,public,8DA47D99B960CF8D9E2FC57201A8495F,C082E07315BF9952C4926DD706BBE586
SRR29371163,2024-06-13 01:06:01,2024-06-12 11:56:38,57981380,16934740016,57981380,292,5551,,https://sra-downloadb.be-md.ncbi.nlm.nih.gov/sos6/sra-pub-zq-40/SRR029/29371/SRR29371163/SRR29371163.lite.1,SRX24885420,UMB06_01_metatranscriptome,RNA-Seq,RANDOM,METATRANSCRIPTOMIC,PAIRED,0,0,ILLUMINA,Illumina NovaSeq 6000,SRP117119,PRJNA400628,,400628,SRS2499978,SAMN07583835,simple,408170,human gut metagenome,UMB06_01,,,,,,,no,,,,,THE BROAD INSTITUTE,SRA1896502,,public,5168F9241E1F4B4916F5F46D89992757,50B1A4133EE26BF17A04442EA7B36B3E
SRR29371162,2024-06-13 01:06:02,2024-06-12 12:33:53,36216278,10580518722,36216278,292,3366,,https://sra-downloadb.be-md.ncbi.nlm.nih.gov/sos6/sra-pub-zq-40/SRR029/29371/SRR29371162/SRR29371162.lite.1,SRX24885421,UMB13_04_metatranscriptome,RNA-Seq,RANDOM,METATRANSCRIPTOMIC,PAIRED,0,0,ILLUMINA,Illumina NovaSeq 6000,SRP117119,PRJNA400628,,400628,SRS2500033,SAMN07583925,simple,408170,human gut metagenome,UMB13_04,,,,,,,no,,,,,THE BROAD INSTITUTE,SRA1896502,,public,22E28886C695A1DD5B6772480FEA73DA,689CB2C007B58D0BC1CD323A1905A559
SRR29371161,2024-06-13 01:06:02,2024-06-12 11:58:56,44553405,13019726384,44553405,292,4289,,https://sra-downloadb.be-md.ncbi.nlm.nih.gov/sos6/sra-pub-zq-40/SRR029/29371/SRR29371161/SRR29371161.lite.1,SRX24885422,UMB15_05_metatranscriptome,RNA-Seq,RANDOM,METATRANSCRIPTOMIC,PAIRED,0,0,ILLUMINA,Illumina NovaSeq 6000,SRP117119,PRJNA400628,,400628,SRS2500082,SAMN07583942,simple,408170,human gut metagenome,UMB15_05,,,,,,,no,,,,,THE BROAD INSTITUTE,SRA1896502,,public,53D9D41C50496B939727B96CA6F36B8E,5DF80F456011E6F9AF510AB648D50D09
SRR29371160,2024-06-13 01:06:02,2024-06-12 11:58:53,35754864,10447551713,35754864,292,3370,,https://sra-downloadb.be-md.ncbi.nlm.nih.gov/sos6/sra-pub-zq-40/SRR029/29371/SRR29371160/SRR29371160.lite.1,SRX24885423,UMB20_07_metatranscriptome,RNA-Seq,RANDOM,METATRANSCRIPTOMIC,PAIRED,0,0,ILLUMINA,Illumina NovaSeq 6000,SRP117119,PRJNA400628,,400628,SRS2500104,SAMN07584009,simple,408170,human gut metagenome,UMB20_07,,,,,,,no,,,,,THE BROAD INSTITUTE,SRA1896502,,public,B441BD95159AD2133442607B3DE0801F,3E7FD4B7FB213EF7E2A801D44C3927AF
SRR29371164,2024-06-13 01:06:01,2024-06-12 11:22:15,44866838,13102627295,44866838,292,4264,,https://sra-downloadb.be-md.ncbi.nlm.nih.gov/sos6/sra-pub-zq-40/SRR029/29371/SRR29371164/SRR29371164.lite.1,SRX24885419,UMB31_10_metatranscriptome,RNA-Seq,RANDOM,METATRANSCRIPTOMIC,PAIRED,0,0,ILLUMINA,Illumina NovaSeq 6000,SRP117119,PRJNA400628,,400628,SRS9254215,SAMN07584139,simple,408170,human gut metagenome,UMB31_10,,,,,,,no,,,,,THE BROAD INSTITUTE,SRA1896502,,public,88FD12B4DA6D116339443B4DC89E5DA0,ACB7799E1C8E4D4CB0432F366BBC862B
SRR29371165,2024-06-13 01:06:01,2024-06-12 11:51:32,21856373,6383077106,21856373,292,2127,,https://sra-downloadb.be-md.ncbi.nlm.nih.gov/sos6/sra-pub-zq-40/SRR029/29371/SRR29371165/SRR29371165.lite.1,SRX24885418,UMB02_05_metatranscriptome,RNA-Seq,RANDOM,METATRANSCRIPTOMIC,PAIRED,0,0,ILLUMINA,Illumina NovaSeq 6000,SRP117119,PRJNA400628,,400628,SRS2500880,SAMN07583782,simple,408170,human gut metagenome,UMB02_05,,,,,,,no,,,,,THE BROAD INSTITUTE,SRA1896502,,public,FD1A47A660050416B27E53B92A862283,BDD2D729B503DBC268FF25A5BBDA2ABE
SRR29371167,2024-06-13 01:06:01,2024-06-12 11:49:03,17133314,5000648695,17133314,291,1661,,https://sra-downloadb.be-md.ncbi.nlm.nih.gov/sos6/sra-pub-zq-40/SRR029/29371/SRR29371167/SRR29371167.lite.1,SRX24885416,UMB04_02_metatranscriptome,RNA-Seq,RANDOM,METATRANSCRIPTOMIC,PAIRED,0,0,ILLUMINA,Illumina NovaSeq 6000,SRP117119,PRJNA400628,,400628,SRS2499935,SAMN07583805,simple,408170,human gut metagenome,UMB04_02,,,,,,,no,,,,,THE BROAD INSTITUTE,SRA1896502,,public,134AEF0AD00C09FAB6EDD9FDE6E48ABB,FAD4177A0B0A791DD4882A6FE5785717
SRR29371166,2024-06-13 01:06:01,2024-06-12 11:51:54,25761609,7523199179,25761609,292,2420,,https://sra-downloadb.be-md.ncbi.nlm.nih.gov/sos6/sra-pub-zq-40/SRR029/29371/SRR29371166/SRR29371166.lite.1,SRX24885417,UMB23_08.1_metatranscriptome,RNA-Seq,RANDOM,METATRANSCRIPTOMIC,PAIRED,0,0,ILLUMINA,Illumina NovaSeq 6000,SRP117119,PRJNA400628,,400628,SRS9254171,SAMN07584053,simple,408170,human gut metagenome,UMB23_08.1,,,,,,,no,,,,,THE BROAD INSTITUTE,SRA1896502,,public,C3DB26A6047AD0EF5E4A99EEB54034F7,191448D0E7356EA8E5D09E83CDC17B06
SRR29371168,2024-06-13 01:06:01,2024-06-12 11:21:55,44711732,13070634489,44711732,292,4133,,https://sra-downloadb.be-md.ncbi.nlm.nih.gov/sos6/sra-pub-zq-40/SRR029/29371/SRR29371168/SRR29371168.lite.1,SRX24885415,UMB29_10_metatranscriptome,RNA-Seq,RANDOM,METATRANSCRIPTOMIC,PAIRED,0,0,ILLUMINA,Illumina NovaSeq 6000,SRP117119,PRJNA400628,,400628,SRS9254207,SAMN07584125,simple,408170,human gut metagenome,UMB29_10,,,,,,,no,,,,,THE BROAD INSTITUTE,SRA1896502,,public,CD18B6B7A5E396D11F26A5CAE6C27165,388BD683C98326DCE605E456390DCC6F
SRR29371169,2024-06-13 01:06:01,2024-06-12 11:24:11,48879622,14280775025,48879622,292,4480,,https://sra-downloadb.be-md.ncbi.nlm.nih.gov/sos6/sra-pub-zq-40/SRR029/29371/SRR29371169/SRR29371169.lite.1,SRX24885414,UMB30_01.1_metatranscriptome,RNA-Seq,RANDOM,METATRANSCRIPTOMIC,PAIRED,0,0,ILLUMINA,Illumina NovaSeq 6000,SRP117119,PRJNA400628,,400628,SRS9254211,SAMN07584128,simple,408170,human gut metagenome,UMB30_01.1,,,,,,,no,,,,,THE BROAD INSTITUTE,SRA1896502,,public,681D4A37BC5E7CF8FF2EBA3C6F3530D2,74B03A8738D267807E00B7E0927E445C
SRR29371170,2024-06-13 01:06:01,2024-06-12 12:31:28,34282647,10009478628,34282647,291,3183,,https://sra-downloadb.be-md.ncbi.nlm.nih.gov/sos6/sra-pub-zq-40/SRR029/29371/SRR29371170/SRR29371170.lite.1,SRX24885413,UMB10_06_metatranscriptome,RNA-Seq,RANDOM,METATRANSCRIPTOMIC,PAIRED,0,0,ILLUMINA,Illumina NovaSeq 6000,SRP117119,PRJNA400628,,400628,SRS2500073,SAMN07583886,simple,408170,human gut metagenome,UMB10_06,,,,,,,no,,,,,THE BROAD INSTITUTE,SRA1896502,,public,45F325AC638DE64B6D532BAF38FE718F,8DEEAED046ED59C0E0FE81776871F417
SRR29371173,2024-06-13 01:06:01,2024-06-12 11:24:49,68358767,19970249356,68358767,292,6338,,https://sra-downloadb.be-md.ncbi.nlm.nih.gov/sos6/sra-pub-zq-40/SRR029/29371/SRR29371173/SRR29371173.lite.1,SRX24885410,UMB12_05_metatranscriptome,RNA-Seq,RANDOM,METATRANSCRIPTOMIC,PAIRED,0,0,ILLUMINA,Illumina NovaSeq 6000,SRP117119,PRJNA400628,,400628,SRS2500088,SAMN07583913,simple,408170,human gut metagenome,UMB12_05,,,,,,,no,,,,,THE BROAD INSTITUTE,SRA1896502,,public,44991975A7D58D75AB655C41365D332B,96C4AC12ADC66EE04D45FB2B48D2ED84
SRR29371172,2024-06-13 01:06:01,2024-06-12 11:52:04,25046632,7307829832,25046632,291,2365,,https://sra-downloadb.be-md.ncbi.nlm.nih.gov/sos6/sra-pub-zq-40/SRR029/29371/SRR29371172/SRR29371172.lite.1,SRX24885411,UMB13_11_metatranscriptome,RNA-Seq,RANDOM,METATRANSCRIPTOMIC,PAIRED,0,0,ILLUMINA,Illumina NovaSeq 6000,SRP117119,PRJNA400628,,400628,SRS2500047,SAMN07583932,simple,408170,human gut metagenome,UMB13_11,,,,,,,no,,,,,THE BROAD INSTITUTE,SRA1896502,,public,8B775812DC45FF826B3897B956AD1F0C,0413CB2A59F51BF3F2ECB715AEBA31A0
SRR29371174,2024-06-13 01:06:01,2024-06-12 12:01:39,43898097,12815020019,43898097,291,4065,,https://sra-downloadb.be-md.ncbi.nlm.nih.gov/sos6/sra-pub-zq-40/SRR029/29371/SRR29371174/SRR29371174.lite.1,SRX24885409,UMB17_01_metatranscriptome,RNA-Seq,RANDOM,METATRANSCRIPTOMIC,PAIRED,0,0,ILLUMINA,Illumina NovaSeq 6000,SRP117119,PRJNA400628,,400628,SRS2500069,SAMN07583953,simple,408170,human gut metagenome,UMB17_01,,,,,,,no,,,,,THE BROAD INSTITUTE,SRA1896502,,public,1AFFEE5E85FEC5150804D77E5BE51C0F,4F838E3C9499E1A294AEFD15BA483416
SRR29371171,2024-06-13 01:06:01,2024-06-12 12:29:46,24157256,7057180892,24157256,292,2291,,https://sra-downloadb.be-md.ncbi.nlm.nih.gov/sos6/sra-pub-zq-40/SRR029/29371/SRR29371171/SRR29371171.lite.1,SRX24885412,UMB28_11_metatranscriptome,RNA-Seq,RANDOM,METATRANSCRIPTOMIC,PAIRED,0,0,ILLUMINA,Illumina NovaSeq 6000,SRP117119,PRJNA400628,,400628,SRS9254202,SAMN07584140,simple,408170,human gut metagenome,UMB28_11,,,,,,,no,,,,,THE BROAD INSTITUTE,SRA1896502,,public,5A61A6BD57D3969C482B27D73458A04D,BDB8332DDFDE8ADE52AD539C5EDBCAFD
SRR29371178,2024-06-13 01:06:01,2024-06-12 11:46:13,6178474,1805384353,6178474,292,593,,https://sra-downloadb.be-md.ncbi.nlm.nih.gov/sos6/sra-pub-zq-40/SRR029/29371/SRR29371178/SRR29371178.lite.1,SRX24885405,UMB03_10_metatranscriptome,RNA-Seq,RANDOM,METATRANSCRIPTOMIC,PAIRED,0,0,ILLUMINA,Illumina NovaSeq 6000,SRP117119,PRJNA400628,,400628,SRS2499932,SAMN07583800,simple,408170,human gut metagenome,UMB03_10,,,,,,,no,,,,,THE BROAD INSTITUTE,SRA1896502,,public,6D8637D78470D50D2BCD953D28C72D51,ABD84937B07E015FF7BD92706844F7D0
SRR29371177,2024-06-13 01:06:01,2024-06-12 11:31:41,62713667,18313887254,62713667,292,5871,,https://sra-downloadb.be-md.ncbi.nlm.nih.gov/sos6/sra-pub-zq-40/SRR029/29371/SRR29371177/SRR29371177.lite.1,SRX24885406,UMB16_01_metatranscriptome,RNA-Seq,RANDOM,METATRANSCRIPTOMIC,PAIRED,0,0,ILLUMINA,Illumina NovaSeq 6000,SRP117119,PRJNA400628,,400628,SRS2500048,SAMN07583950,simple,408170,human gut metagenome,UMB16_01,,,,,,,no,,,,,THE BROAD INSTITUTE,SRA1896502,,public,DBDDDEDBE38312A6DB62D795ED189A56,2715FB27A0A64BB4A5AB55E7DE69F86E
SRR29371176,2024-06-13 01:06:01,2024-06-12 11:31:45,78355480,22892144775,78355480,292,7294,,https://sra-downloadb.be-md.ncbi.nlm.nih.gov/sos6/sra-pub-zq-40/SRR029/29371/SRR29371176/SRR29371176.lite.1,SRX24885407,UMB18_00_metatranscriptome,RNA-Seq,RANDOM,METATRANSCRIPTOMIC,PAIRED,0,0,ILLUMINA,Illumina NovaSeq 6000,SRP117119,PRJNA400628,,400628,SRS2500096,SAMN07583965,simple,408170,human gut metagenome,UMB18_00,,,,,,,no,,,,,THE BROAD INSTITUTE,SRA1896502,,public,F8749F827C020E893CDB6951BFE8E369,32E22B708F52C95BC5D62FC541863545
SRR29371175,2024-06-14 01:17:29,2024-06-13 15:39:49,24339016,7109213487,24339016,292,2360,,https://sra-downloadb.be-md.ncbi.nlm.nih.gov/sos6/sra-pub-zq-40/SRR029/29371/SRR29371175/SRR29371175.lite.1,SRX24885408,UMB27_03_metatranscriptome,RNA-Seq,RANDOM,METATRANSCRIPTOMIC,PAIRED,0,0,ILLUMINA,Illumina NovaSeq 6000,SRP117119,PRJNA400628,,400628,SRS2500651,SAMN07584096,simple,408170,human gut metagenome,UMB27_03,,,,,,,no,,,,,THE BROAD INSTITUTE,SRA1896502,,public,9337473CA3C255B22F1F50872EAB0CDB,3B0DBD96790F40221EA2D2D9C4ED2E61
SRR29371179,2024-06-13 01:06:01,2024-06-12 12:30:02,32826141,9590511689,32826141,292,3098,,https://sra-downloadb.be-md.ncbi.nlm.nih.gov/sos6/sra-pub-zq-40/SRR029/29371/SRR29371179/SRR29371179.lite.1,SRX24885404,UMB23_10_metatranscriptome,RNA-Seq,RANDOM,METATRANSCRIPTOMIC,PAIRED,0,0,ILLUMINA,Illumina NovaSeq 6000,SRP117119,PRJNA400628,,400628,SRS9254172,SAMN07584054,simple,408170,human gut metagenome,UMB23_10,,,,,,,no,,,,,THE BROAD INSTITUTE,SRA1896502,,public,E5C974F0AE973ABEB5DD7AE6EFAD57AA,ABC318C154283DAE37C447261B9AD00A
SRR29343985,2024-06-10 12:56:14,2024-06-10 12:46:58,2125740,622841820,2125740,293,219,,https://sra-downloadb.be-md.ncbi.nlm.nih.gov/sos6/sra-pub-zq-40/SRR029/29343/SRR29343985/SRR29343985.lite.1,SRX24859727,UMB02_02_Ecoli_hybrid_selected_RNA,WGS,RANDOM,METATRANSCRIPTOMIC,PAIRED,0,0,ILLUMINA,Illumina NovaSeq 6000,SRP117119,PRJNA400628,,400628,SRS2499927,SAMN07583779,simple,408170,human gut metagenome,UMB02_02,,,,,,,no,,,,,THE BROAD INSTITUTE,SRA1893764,,public,C43E24B17065E555F5F598AA38C4B8FD,C04F0C1D9FFD0260795EEED129ACDD04
SRR29371181,2024-06-13 01:06:01,2024-06-12 11:51:56,18909822,5523550939,18909822,292,1773,,https://sra-downloadb.be-md.ncbi.nlm.nih.gov/sos6/sra-pub-zq-40/SRR029/29371/SRR29371181/SRR29371181.lite.1,SRX24885402,UMB09_10_metatranscriptome,RNA-Seq,RANDOM,METATRANSCRIPTOMIC,PAIRED,0,0,ILLUMINA,Illumina NovaSeq 6000,SRP117119,PRJNA400628,,400628,SRS2500018,SAMN07583878,simple,408170,human gut metagenome,UMB09_10,,,,,,,no,,,,,THE BROAD INSTITUTE,SRA1896502,,public,F2A1EE5FA8AE5730A8D387AF026A555F,CED5EA711EBDA4981AAD37E0C590B6EA
SRR29371180,2024-06-13 01:06:01,2024-06-12 11:46:05,3877317,1132250223,3877317,292,400,,https://sra-downloadb.be-md.ncbi.nlm.nih.gov/sos6/sra-pub-zq-40/SRR029/29371/SRR29371180/SRR29371180.lite.1,SRX24885403,UMB18_02.1_metatranscriptome,RNA-Seq,RANDOM,METATRANSCRIPTOMIC,PAIRED,0,0,ILLUMINA,Illumina NovaSeq 6000,SRP117119,PRJNA400628,,400628,SRS2500052,SAMN07583970,simple,408170,human gut metagenome,UMB18_02.1,,,,,,,no,,,,,THE BROAD INSTITUTE,SRA1896502,,public,F4CE5BCC95CC5BE493BCB93A793344C0,093296641F525BFC3A422BE5C60F11E2
SRR29343986,2024-06-10 12:56:14,2024-06-10 12:50:21,23600789,6915031177,23600789,293,2404,,https://sra-downloadb.be-md.ncbi.nlm.nih.gov/sos6/sra-pub-zq-40/SRR029/29343/SRR29343986/SRR29343986.lite.1,SRX24859726,UMB22_10_Ecoli_hybrid_selected_RNA,WGS,RANDOM,METATRANSCRIPTOMIC,PAIRED,0,0,ILLUMINA,Illumina NovaSeq 6000,SRP117119,PRJNA400628,,400628,SRS9254167,SAMN07584037,simple,408170,human gut metagenome,UMB22_10,,,,,,,no,,,,,THE BROAD INSTITUTE,SRA1893764,,public,21B42F86F56B005826659A54410DBC1A,28144142AD5C2FF20BEDF12BEA3478CD
SRR29343984,2024-06-10 12:56:14,2024-06-10 12:48:05,6318544,1851333392,6318544,293,687,,https://sra-downloadb.be-md.ncbi.nlm.nih.gov/sos6/sra-pub-zq-40/SRR029/29343/SRR29343984/SRR29343984.lite.1,SRX24859728,UMB30_01_Ecoli_hybrid_selected_RNA,WGS,RANDOM,METATRANSCRIPTOMIC,PAIRED,0,0,ILLUMINA,Illumina NovaSeq 6000,SRP117119,PRJNA400628,,400628,SRS2500662,SAMN07584127,simple,408170,human gut metagenome,UMB30_01,,,,,,,no,,,,,THE BROAD INSTITUTE,SRA1893764,,public,2F7370B03CC4C4F71B20DF1AD3D768D3,FF28BE9AC0FA06575F2E7C2B25F8E873
SRR29343989,2024-06-10 12:56:14,2024-06-10 12:47:38,4506764,1320481852,4506764,293,493,,https://sra-downloadb.be-md.ncbi.nlm.nih.gov/sos6/sra-pub-zq-40/SRR029/29343/SRR29343989/SRR29343989.lite.1,SRX24859723,UMB04_03_Ecoli_hybrid_selected_RNA,WGS,RANDOM,METATRANSCRIPTOMIC,PAIRED,0,0,ILLUMINA,Illumina NovaSeq 6000,SRP117119,PRJNA400628,,400628,SRS2499960,SAMN07583806,simple,408170,human gut metagenome,UMB04_03,,,,,,,no,,,,,THE BROAD INSTITUTE,SRA1893764,,public,A92A7E875C9FFFE7A2E5D83B594159EB,BD9646C63C6F09DECBC377AF76CB7132
SRR29343991,2024-06-10 12:56:14,2024-06-10 12:48:28,4618028,1353082204,4618028,293,481,,https://sra-downloadb.be-md.ncbi.nlm.nih.gov/sos6/sra-pub-zq-40/SRR029/29343/SRR29343991/SRR29343991.lite.1,SRX24859721,UMB10_09_Ecoli_hybrid_selected_RNA,WGS,RANDOM,METATRANSCRIPTOMIC,PAIRED,0,0,ILLUMINA,Illumina NovaSeq 6000,SRP117119,PRJNA400628,,400628,SRS2500028,SAMN07583889,simple,408170,human gut metagenome,UMB10_09,,,,,,,no,,,,,THE BROAD INSTITUTE,SRA1893764,,public,805B7EE12ECEF67D7C73EB4E3048FBE5,F8BFE40572FCFD3811C46176BB703B3E
SRR29343990,2024-06-10 12:56:14,2024-06-10 12:47:05,2326741,681735113,2326741,293,241,,https://sra-downloadb.be-md.ncbi.nlm.nih.gov/sos6/sra-pub-zq-40/SRR029/29343/SRR29343990/SRR29343990.lite.1,SRX24859722,UMB11_04_Ecoli_hybrid_selected_RNA,WGS,RANDOM,METATRANSCRIPTOMIC,PAIRED,0,0,ILLUMINA,Illumina NovaSeq 6000,SRP117119,PRJNA400628,,400628,SRS2500065,SAMN07583897,simple,408170,human gut metagenome,UMB11_04,,,,,,,no,,,,,THE BROAD INSTITUTE,SRA1893764,,public,D3E325D8C005D6FFA4DE6C8175591B36,158648FB740038A4AEF888A7FF9002DC
SRR29343987,2024-06-10 12:56:14,2024-06-10 12:47:34,6000141,1758041313,6000141,293,642,,https://sra-downloadb.be-md.ncbi.nlm.nih.gov/sos6/sra-pub-zq-40/SRR029/29343/SRR29343987/SRR29343987.lite.1,SRX24859725,UMB18_00_Ecoli_hybrid_selected_RNA,WGS,RANDOM,METATRANSCRIPTOMIC,PAIRED,0,0,ILLUMINA,Illumina NovaSeq 6000,SRP117119,PRJNA400628,,400628,SRS2500096,SAMN07583965,simple,408170,human gut metagenome,UMB18_00,,,,,,,no,,,,,THE BROAD INSTITUTE,SRA1893764,,public,9AEF521F8BD3B7516C4E0B3A4D1E8A76,9176DC6822AB538D96296E40A4815DDC
SRR29343988,2024-06-10 12:56:14,2024-06-10 12:49:00,15081823,4418974139,15081823,293,1540,,https://sra-downloadb.be-md.ncbi.nlm.nih.gov/sos6/sra-pub-zq-40/SRR029/29343/SRR29343988/SRR29343988.lite.1,SRX24859724,UMB02_07_Ecoli_hybrid_selected_RNA,WGS,RANDOM,METATRANSCRIPTOMIC,PAIRED,0,0,ILLUMINA,Illumina NovaSeq 6000,SRP117119,PRJNA400628,,400628,SRS2500870,SAMN07583784,simple,408170,human gut metagenome,UMB02_07,,,,,,,no,,,,,THE BROAD INSTITUTE,SRA1893764,,public,C424CA34B6AB6FE0C8016A387D29C1E8,0C5CA13A0867F2B84F976A95DEF22DE0
SRR29343993,2024-06-10 12:56:14,2024-06-10 12:48:20,3090834,905614362,3090834,293,337,,https://sra-downloadb.be-md.ncbi.nlm.nih.gov/sos6/sra-pub-zq-40/SRR029/29343/SRR29343993/SRR29343993.lite.1,SRX24859719,UMB04_02_Ecoli_hybrid_selected_RNA,WGS,RANDOM,METATRANSCRIPTOMIC,PAIRED,0,0,ILLUMINA,Illumina NovaSeq 6000,SRP117119,PRJNA400628,,400628,SRS2499935,SAMN07583805,simple,408170,human gut metagenome,UMB04_02,,,,,,,no,,,,,THE BROAD INSTITUTE,SRA1893764,,public,A454B437A3C10CC74345B30A51472331,4819700831E67A80DFECE3A31BCD1FCE
SRR29343994,2024-06-10 12:56:14,2024-06-10 12:48:20,3266959,957218987,3266959,293,357,,https://sra-downloadb.be-md.ncbi.nlm.nih.gov/sos6/sra-pub-zq-40/SRR029/29343/SRR29343994/SRR29343994.lite.1,SRX24859718,UMB17_07_Ecoli_hybrid_selected_RNA,WGS,RANDOM,METATRANSCRIPTOMIC,PAIRED,0,0,ILLUMINA,Illumina NovaSeq 6000,SRP117119,PRJNA400628,,400628,SRS2500098,SAMN07583959,simple,408170,human gut metagenome,UMB17_07,,,,,,,no,,,,,THE BROAD INSTITUTE,SRA1893764,,public,89EB4012D17B1F4F70E46E834181B969,E65A8D283C73AC4C57C97EB4BA750BE8
SRR29343995,2024-06-10 12:56:14,2024-06-10 12:47:17,150638,44136934,150638,293,14,,https://sra-downloadb.be-md.ncbi.nlm.nih.gov/sos6/sra-pub-zq-40/SRR029/29343/SRR29343995/SRR29343995.lite.1,SRX24859717,UMB23_07.1_Ecoli_hybrid_selected_RNA,WGS,RANDOM,METATRANSCRIPTOMIC,PAIRED,0,0,ILLUMINA,Illumina NovaSeq 6000,SRP117119,PRJNA400628,,400628,SRS2500144,SAMN07584051,simple,408170,human gut metagenome,UMB23_07.1,,,,,,,no,,,,,THE BROAD INSTITUTE,SRA1893764,,public,7E64FABE0D7905B4DDBD91CFD8B5017C,1E789AD3844D999FDF2E262BEAF930BD
SRR29343992,2024-06-10 12:56:14,2024-06-10 12:49:34,8561530,2508528290,8561530,293,892,,https://sra-downloadb.be-md.ncbi.nlm.nih.gov/sos6/sra-pub-zq-40/SRR029/29343/SRR29343992/SRR29343992.lite.1,SRX24859720,UMB28_02_Ecoli_hybrid_selected_RNA,WGS,RANDOM,METATRANSCRIPTOMIC,PAIRED,0,0,ILLUMINA,Illumina NovaSeq 6000,SRP117119,PRJNA400628,,400628,SRS2500657,SAMN07584107,simple,408170,human gut metagenome,UMB28_02,,,,,,,no,,,,,THE BROAD INSTITUTE,SRA1893764,,public,66DE2F0A21B2950B2DE32E8371321F13,16DF95CCFA24AB06E286C2A7C1FCE238
SRR29343996,2024-06-10 12:56:14,2024-06-10 12:50:47,20724706,6072338858,20724706,293,2098,,https://sra-downloadb.be-md.ncbi.nlm.nih.gov/sos6/sra-pub-zq-40/SRR029/29343/SRR29343996/SRR29343996.lite.1,SRX24859716,UMB17_12_Ecoli_hybrid_selected_RNA,WGS,RANDOM,METATRANSCRIPTOMIC,PAIRED,0,0,ILLUMINA,Illumina NovaSeq 6000,SRP117119,PRJNA400628,,400628,SRS9254333,SAMN07583964,simple,408170,human gut metagenome,UMB17_12,,,,,,,no,,,,,THE BROAD INSTITUTE,SRA1893764,,public,6515E2141D0AEF96F72FCACDF3F272E5,EC135CA8BC84E59C6A67260243C971B4
SRR29343999,2024-06-10 12:56:14,2024-06-10 12:48:35,3821887,1119812891,3821887,293,414,,https://sra-downloadb.be-md.ncbi.nlm.nih.gov/sos6/sra-pub-zq-40/SRR029/29343/SRR29343999/SRR29343999.lite.1,SRX24859713,UMB09_08_Ecoli_hybrid_selected_RNA,WGS,RANDOM,METATRANSCRIPTOMIC,PAIRED,0,0,ILLUMINA,Illumina NovaSeq 6000,SRP117119,PRJNA400628,,400628,SRS2500016,SAMN07583876,simple,408170,human gut metagenome,UMB09_08,,,,,,,no,,,,,THE BROAD INSTITUTE,SRA1893764,,public,095CD006EFB0A4E040E88027BAF63135,2D37496FE78AD89C12B9C96F0ED040A7
SRR29343997,2024-06-10 12:56:14,2024-06-10 12:47:23,335654,98346622,335654,293,31,,https://sra-downloadb.be-md.ncbi.nlm.nih.gov/sos6/sra-pub-zq-40/SRR029/29343/SRR29343997/SRR29343997.lite.1,SRX24859715,UMB18_05_Ecoli_hybrid_selected_RNA,WGS,RANDOM,METATRANSCRIPTOMIC,PAIRED,0,0,ILLUMINA,Illumina NovaSeq 6000,SRP117119,PRJNA400628,,400628,SRS2500032,SAMN07583973,simple,408170,human gut metagenome,UMB18_05,,,,,,,no,,,,,THE BROAD INSTITUTE,SRA1893764,,public,C7EFCFF93A9ED96D237D6759DC957B49,4FD6966878B9E91A9855E8A499C8530A
SRR29343998,2024-06-10 12:56:14,2024-06-10 12:47:26,734188,215117084,734188,293,69,,https://sra-downloadb.be-md.ncbi.nlm.nih.gov/sos6/sra-pub-zq-40/SRR029/29343/SRR29343998/SRR29343998.lite.1,SRX24859714,UMB18_02.1_Ecoli_hybrid_selected_RNA,WGS,RANDOM,METATRANSCRIPTOMIC,PAIRED,0,0,ILLUMINA,Illumina NovaSeq 6000,SRP117119,PRJNA400628,,400628,SRS2500052,SAMN07583970,simple,408170,human gut metagenome,UMB18_02.1,,,,,,,no,,,,,THE BROAD INSTITUTE,SRA1893764,,public,E7BD425F8BA03883A18E256F7D887809,4EB840EAE907B841EA827C841D8B1228
SRR29344001,2024-06-10 12:56:14,2024-06-10 12:47:06,1316009,385590637,1316009,293,142,,https://sra-downloadb.be-md.ncbi.nlm.nih.gov/sos6/sra-pub-zq-40/SRR029/29344/SRR29344001/SRR29344001.lite.1,SRX24859711,UMB23_06_Ecoli_hybrid_selected_RNA,WGS,RANDOM,METATRANSCRIPTOMIC,PAIRED,0,0,ILLUMINA,Illumina NovaSeq 6000,SRP117119,PRJNA400628,,400628,SRS2500157,SAMN07584048,simple,408170,human gut metagenome,UMB23_06,,,,,,,no,,,,,THE BROAD INSTITUTE,SRA1893764,,public,A76092E9E40DD81B662F9C6E09544529,2287AD4A94ECA403814DB454C70A287A
SRR29344000,2024-06-10 12:56:14,2024-06-10 12:48:45,4239196,1242084428,4239196,293,467,,https://sra-downloadb.be-md.ncbi.nlm.nih.gov/sos6/sra-pub-zq-40/SRR029/29344/SRR29344000/SRR29344000.lite.1,SRX24859712,UMB31_04_Ecoli_hybrid_selected_RNA,WGS,RANDOM,METATRANSCRIPTOMIC,PAIRED,0,0,ILLUMINA,Illumina NovaSeq 6000,SRP117119,PRJNA400628,,400628,SRS2500671,SAMN07584133,simple,408170,human gut metagenome,UMB31_04,,,,,,,no,,,,,THE BROAD INSTITUTE,SRA1893764,,public,46524B4AB8F4729093C7769CB027327D,F49AD782679311210AFB50DD0F0BBD5D
SRR29344002,2024-06-10 12:56:14,2024-06-10 12:50:07,8186004,2398499172,8186004,293,889,,https://sra-downloadb.be-md.ncbi.nlm.nih.gov/sos6/sra-pub-zq-40/SRR029/29344/SRR29344002/SRR29344002.lite.1,SRX24859710,UMB04_04_Ecoli_hybrid_selected_RNA,WGS,RANDOM,METATRANSCRIPTOMIC,PAIRED,0,0,ILLUMINA,Illumina NovaSeq 6000,SRP117119,PRJNA400628,,400628,SRS2499931,SAMN07583807,simple,408170,human gut metagenome,UMB04_04,,,,,,,no,,,,,THE BROAD INSTITUTE,SRA1893764,,public,D33A0902A9489641201ADAE58E4D8367,459D9B82D99E19358F945ACC19BDE952
SRR29344004,2024-06-10 12:56:13,2024-06-10 12:47:34,4850478,1421190054,4850478,293,531,,https://sra-downloadb.be-md.ncbi.nlm.nih.gov/sos6/sra-pub-zq-40/SRR029/29344/SRR29344004/SRR29344004.lite.1,SRX24859708,UMB05_10.1_Ecoli_hybrid_selected_RNA,WGS,RANDOM,METATRANSCRIPTOMIC,PAIRED,0,0,ILLUMINA,Illumina NovaSeq 6000,SRP117119,PRJNA400628,,400628,SRS2499946,SAMN07583831,simple,408170,human gut metagenome,UMB05_10.1,,,,,,,no,,,,,THE BROAD INSTITUTE,SRA1893764,,public,47FE890489458778C7BC44570A6535F7,BA37BCB6F9CDB6261AF684940F03715E
SRR29344005,2024-06-10 12:56:13,2024-06-10 12:47:48,6190445,1813800385,6190445,293,652,,https://sra-downloadb.be-md.ncbi.nlm.nih.gov/sos6/sra-pub-zq-40/SRR029/29344/SRR29344005/SRR29344005.lite.1,SRX24859707,UMB18_06_Ecoli_hybrid_selected_RNA,WGS,RANDOM,METATRANSCRIPTOMIC,PAIRED,0,0,ILLUMINA,Illumina NovaSeq 6000,SRP117119,PRJNA400628,,400628,SRS2500054,SAMN07583974,simple,408170,human gut metagenome,UMB18_06,,,,,,,no,,,,,THE BROAD INSTITUTE,SRA1893764,,public,2172165794177866512293721AEED872,E6445F088C1D6B6ACE6DA372723E433F
SRR29344006,2024-06-10 12:56:13,2024-06-10 12:47:41,3848230,1127531390,3848230,293,421,,https://sra-downloadb.be-md.ncbi.nlm.nih.gov/sos6/sra-pub-zq-40/SRR029/29344/SRR29344006/SRR29344006.lite.1,SRX24859706,UMB13_02_Ecoli_hybrid_selected_RNA,WGS,RANDOM,METATRANSCRIPTOMIC,PAIRED,0,0,ILLUMINA,Illumina NovaSeq 6000,SRP117119,PRJNA400628,,400628,SRS2500079,SAMN07583923,simple,408170,human gut metagenome,UMB13_02,,,,,,,no,,,,,THE BROAD INSTITUTE,SRA1893764,,public,264D93344C3D37C1734DC61F999A0AD1,A673C37658681F086AF823F864B56572
SRR29344003,2024-06-10 12:56:14,2024-06-10 12:47:52,2644742,774909406,2644742,293,274,,https://sra-downloadb.be-md.ncbi.nlm.nih.gov/sos6/sra-pub-zq-40/SRR029/29344/SRR29344003/SRR29344003.lite.1,SRX24859709,UMB02_11_Ecoli_hybrid_selected_RNA,WGS,RANDOM,METATRANSCRIPTOMIC,PAIRED,0,0,ILLUMINA,Illumina NovaSeq 6000,SRP117119,PRJNA400628,,400628,SRS2500873,SAMN07583788,simple,408170,human gut metagenome,UMB02_11,,,,,,,no,,,,,THE BROAD INSTITUTE,SRA1893764,,public,0CB95D8B3319B40ACE08B52364831C03,E498D1C68F010E5E1BCDCAFB5BD7A9BF
SRR29344007,2024-06-10 12:56:13,2024-06-10 12:47:02,759593,222560749,759593,293,81,,https://sra-downloadb.be-md.ncbi.nlm.nih.gov/sos6/sra-pub-zq-40/SRR029/29344/SRR29344007/SRR29344007.lite.1,SRX24859705,UMB03_10_Ecoli_hybrid_selected_RNA,WGS,RANDOM,METATRANSCRIPTOMIC,PAIRED,0,0,ILLUMINA,Illumina NovaSeq 6000,SRP117119,PRJNA400628,,400628,SRS2499932,SAMN07583800,simple,408170,human gut metagenome,UMB03_10,,,,,,,no,,,,,THE BROAD INSTITUTE,SRA1893764,,public,51294690BD3F06DB0D51ADF88EA96C36,047F0145D440B5530C39316EF644DF4C
SRR29344011,2024-06-10 12:56:13,2024-06-10 12:47:43,8210663,2405724259,8210663,293,908,,https://sra-downloadb.be-md.ncbi.nlm.nih.gov/sos6/sra-pub-zq-40/SRR029/29344/SRR29344011/SRR29344011.lite.1,SRX24859701,UMB13_07_Ecoli_hybrid_selected_RNA,WGS,RANDOM,METATRANSCRIPTOMIC,PAIRED,0,0,ILLUMINA,Illumina NovaSeq 6000,SRP117119,PRJNA400628,,400628,SRS2500076,SAMN07583928,simple,408170,human gut metagenome,UMB13_07,,,,,,,no,,,,,THE BROAD INSTITUTE,SRA1893764,,public,82646AFF5E9707F3A565BFCE5134D43F,D1E30A8DA6AA03D195C6BAD4E022630F
SRR29344009,2024-06-10 12:56:13,2024-06-10 12:47:26,4164590,1220224870,4164590,293,435,,https://sra-downloadb.be-md.ncbi.nlm.nih.gov/sos6/sra-pub-zq-40/SRR029/29344/SRR29344009/SRR29344009.lite.1,SRX24859703,UMB15_07_Ecoli_hybrid_selected_RNA,WGS,RANDOM,METATRANSCRIPTOMIC,PAIRED,0,0,ILLUMINA,Illumina NovaSeq 6000,SRP117119,PRJNA400628,,400628,SRS2500050,SAMN07583944,simple,408170,human gut metagenome,UMB15_07,,,,,,,no,,,,,THE BROAD INSTITUTE,SRA1893764,,public,9CCDEC0A81F5546FEF5DCED71AC3CA3E,56BF7BC242EAFEE2BCE8F22B586E1C95
SRR29344008,2024-06-10 12:56:13,2024-06-10 12:47:35,5149537,1508814341,5149537,293,568,,https://sra-downloadb.be-md.ncbi.nlm.nih.gov/sos6/sra-pub-zq-40/SRR029/29344/SRR29344008/SRR29344008.lite.1,SRX24859704,UMB23_06.1_Ecoli_hybrid_selected_RNA,WGS,RANDOM,METATRANSCRIPTOMIC,PAIRED,0,0,ILLUMINA,Illumina NovaSeq 6000,SRP117119,PRJNA400628,,400628,SRS2500111,SAMN07584049,simple,408170,human gut metagenome,UMB23_06.1,,,,,,,no,,,,,THE BROAD INSTITUTE,SRA1893764,,public,4B7B9E9A50CBC232E9F0174B6B34DACD,3EC8F4A8F9146F56E0852FFDC928385E
SRR29344010,2024-06-10 12:56:13,2024-06-10 12:47:22,1181584,346204112,1181584,293,125,,https://sra-downloadb.be-md.ncbi.nlm.nih.gov/sos6/sra-pub-zq-40/SRR029/29344/SRR29344010/SRR29344010.lite.1,SRX24859702,UMB24_04_Ecoli_hybrid_selected_RNA,WGS,RANDOM,METATRANSCRIPTOMIC,PAIRED,0,0,ILLUMINA,Illumina NovaSeq 6000,SRP117119,PRJNA400628,,400628,SRS2500105,SAMN07584060,simple,408170,human gut metagenome,UMB24_04,,,,,,,no,,,,,THE BROAD INSTITUTE,SRA1893764,,public,CC168DE531F309C8E86175816970FEE8,85D19F0FAD02055746B5EF64AC97A53D
SRR29344016,2024-06-10 12:56:13,2024-06-10 12:47:32,4080304,1195529072,4080304,293,449,,https://sra-downloadb.be-md.ncbi.nlm.nih.gov/sos6/sra-pub-zq-40/SRR029/29344/SRR29344016/SRR29344016.lite.1,SRX24859696,UMB05_10_Ecoli_hybrid_selected_RNA,WGS,RANDOM,METATRANSCRIPTOMIC,PAIRED,0,0,ILLUMINA,Illumina NovaSeq 6000,SRP117119,PRJNA400628,,400628,SRS2499966,SAMN07583830,simple,408170,human gut metagenome,UMB05_10,,,,,,,no,,,,,THE BROAD INSTITUTE,SRA1893764,,public,DB11AB6E608D2C4F21C3DEE282BF07D1,948D81C762813677E785BE2530C1F1ED
SRR29344014,2024-06-10 12:56:13,2024-06-10 12:47:36,4616598,1352663214,4616598,293,510,,https://sra-downloadb.be-md.ncbi.nlm.nih.gov/sos6/sra-pub-zq-40/SRR029/29344/SRR29344014/SRR29344014.lite.1,SRX24859698,UMB06_09_Ecoli_hybrid_selected_RNA,WGS,RANDOM,METATRANSCRIPTOMIC,PAIRED,0,0,ILLUMINA,Illumina NovaSeq 6000,SRP117119,PRJNA400628,,400628,SRS2499971,SAMN07583841,simple,408170,human gut metagenome,UMB06_09,,,,,,,no,,,,,THE BROAD INSTITUTE,SRA1893764,,public,DA97BFDC96131F13C0A9774D2F7CA199,5CF4D63BA1D283E8905AC34C6835C4A9
SRR29344015,2024-06-10 12:56:13,2024-06-10 12:47:40,5762053,1688281529,5762053,293,595,,https://sra-downloadb.be-md.ncbi.nlm.nih.gov/sos6/sra-pub-zq-40/SRR029/29344/SRR29344015/SRR29344015.lite.1,SRX24859697,UMB12_10_Ecoli_hybrid_selected_RNA,WGS,RANDOM,METATRANSCRIPTOMIC,PAIRED,0,0,ILLUMINA,Illumina NovaSeq 6000,SRP117119,PRJNA400628,,400628,SRS9254152,SAMN07583918,simple,408170,human gut metagenome,UMB12_10,,,,,,,no,,,,,THE BROAD INSTITUTE,SRA1893764,,public,E81BCA839FFA84466BB46668573562AA,82C202DE9FD23F39561261D4D3FB76ED
SRR29344013,2024-06-10 12:56:13,2024-06-10 12:47:32,5307571,1555118303,5307571,293,557,,https://sra-downloadb.be-md.ncbi.nlm.nih.gov/sos6/sra-pub-zq-40/SRR029/29344/SRR29344013/SRR29344013.lite.1,SRX24859699,UMB25_01_Ecoli_hybrid_selected_RNA,WGS,RANDOM,METATRANSCRIPTOMIC,PAIRED,0,0,ILLUMINA,Illumina NovaSeq 6000,SRP117119,PRJNA400628,,400628,SRS2500115,SAMN07584072,simple,408170,human gut metagenome,UMB25_01,,,,,,,no,,,,,THE BROAD INSTITUTE,SRA1893764,,public,6587DF0AF27647CF8306AD11DAF3026D,8A17129CF309AA6ABAA0DB8C6E93F8A9
SRR29344012,2024-06-10 12:56:13,2024-06-10 12:47:30,5609171,1643487103,5609171,293,619,,https://sra-downloadb.be-md.ncbi.nlm.nih.gov/sos6/sra-pub-zq-40/SRR029/29344/SRR29344012/SRR29344012.lite.1,SRX24859700,UMB29_08_Ecoli_hybrid_selected_RNA,WGS,RANDOM,METATRANSCRIPTOMIC,PAIRED,0,0,ILLUMINA,Illumina NovaSeq 6000,SRP117119,PRJNA400628,,400628,SRS9254205,SAMN07584123,simple,408170,human gut metagenome,UMB29_08,,,,,,,no,,,,,THE BROAD INSTITUTE,SRA1893764,,public,601C7247FCF5D1AF064DB54289B0BCDC,1B03532889445394FE46EC0A000FCFD8
SRR29344017,2024-06-10 12:56:13,2024-06-10 12:51:03,34089196,9988134428,34089196,293,3500,,https://sra-downloadb.be-md.ncbi.nlm.nih.gov/sos6/sra-pub-zq-40/SRR029/29344/SRR29344017/SRR29344017.lite.1,SRX24859695,UMB04_07_Ecoli_hybrid_selected_RNA,WGS,RANDOM,METATRANSCRIPTOMIC,PAIRED,0,0,ILLUMINA,Illumina NovaSeq 6000,SRP117119,PRJNA400628,,400628,SRS2499959,SAMN07583810,simple,408170,human gut metagenome,UMB04_07,,,,,,,no,,,,,THE BROAD INSTITUTE,SRA1893764,,public,A45957EB8DCFA7824214D520F1FBA9D0,E6B183C9B8E1D78A8F8F5C9DD36488DE
SRR29344021,2024-06-10 12:56:13,2024-06-10 12:50:12,17638180,5167986740,17638180,293,1799,,https://sra-downloadb.be-md.ncbi.nlm.nih.gov/sos6/sra-pub-zq-40/SRR029/29344/SRR29344021/SRR29344021.lite.1,SRX24859691,UMB17_08_Ecoli_hybrid_selected_RNA,WGS,RANDOM,METATRANSCRIPTOMIC,PAIRED,0,0,ILLUMINA,Illumina NovaSeq 6000,SRP117119,PRJNA400628,,400628,SRS2500038,SAMN07583960,simple,408170,human gut metagenome,UMB17_08,,,,,,,no,,,,,THE BROAD INSTITUTE,SRA1893764,,public,0F85B3A099D5EA353C6B98B1DCC1CF9E,1DEE53209513F1652432072BAEF5DBD1
SRR29344019,2024-06-10 12:56:13,2024-06-10 12:48:48,5521395,1617768735,5521395,293,601,,https://sra-downloadb.be-md.ncbi.nlm.nih.gov/sos6/sra-pub-zq-40/SRR029/29344/SRR29344019/SRR29344019.lite.1,SRX24859693,UMB22_08_Ecoli_hybrid_selected_RNA,WGS,RANDOM,METATRANSCRIPTOMIC,PAIRED,0,0,ILLUMINA,Illumina NovaSeq 6000,SRP117119,PRJNA400628,,400628,SRS2500165,SAMN07584035,simple,408170,human gut metagenome,UMB22_08,,,,,,,no,,,,,THE BROAD INSTITUTE,SRA1893764,,public,E8312F0D3CA81D5DA3BF72A022B4D9D7,90CE21B88C4091A7436A437666352681
SRR29344020,2024-06-10 12:56:13,2024-06-10 12:49:40,21704838,6359517534,21704838,293,2205,,https://sra-downloadb.be-md.ncbi.nlm.nih.gov/sos6/sra-pub-zq-40/SRR029/29344/SRR29344020/SRR29344020.lite.1,SRX24859692,UMB23_08_Ecoli_hybrid_selected_RNA,WGS,RANDOM,METATRANSCRIPTOMIC,PAIRED,0,0,ILLUMINA,Illumina NovaSeq 6000,SRP117119,PRJNA400628,,400628,SRS9254170,SAMN07584052,simple,408170,human gut metagenome,UMB23_08,,,,,,,no,,,,,THE BROAD INSTITUTE,SRA1893764,,public,575F0F75FF689D057B83555C9566E9D2,479BEC0AE37F098BAC20D259A8A37EDD
SRR29344018,2024-06-10 12:56:13,2024-06-10 12:47:57,4112562,1204980666,4112562,293,446,,https://sra-downloadb.be-md.ncbi.nlm.nih.gov/sos6/sra-pub-zq-40/SRR029/29344/SRR29344018/SRR29344018.lite.1,SRX24859694,UMB27_03_Ecoli_hybrid_selected_RNA,WGS,RANDOM,METATRANSCRIPTOMIC,PAIRED,0,0,ILLUMINA,Illumina NovaSeq 6000,SRP117119,PRJNA400628,,400628,SRS2500651,SAMN07584096,simple,408170,human gut metagenome,UMB27_03,,,,,,,no,,,,,THE BROAD INSTITUTE,SRA1893764,,public,E4C9FADDAD1385DBF0E46F8084B8E94D,342919E10DDB3EF8D37A6797183CA0B2
SRR29344022,2024-06-10 12:56:13,2024-06-10 12:49:03,6328366,1854211238,6328366,293,697,,https://sra-downloadb.be-md.ncbi.nlm.nih.gov/sos6/sra-pub-zq-40/SRR029/29344/SRR29344022/SRR29344022.lite.1,SRX24859690,UMB02_08_Ecoli_hybrid_selected_RNA,WGS,RANDOM,METATRANSCRIPTOMIC,PAIRED,0,0,ILLUMINA,Illumina NovaSeq 6000,SRP117119,PRJNA400628,,400628,SRS2500877,SAMN07583785,simple,408170,human gut metagenome,UMB02_08,,,,,,,no,,,,,THE BROAD INSTITUTE,SRA1893764,,public,2C723F5C813F1D291242B4FC77797436,05E431C2CBAECE197AB3727FB7308362
SRR29344024,2024-06-10 12:56:13,2024-06-10 12:51:24,36595979,10722621847,36595979,293,3717,,https://sra-downloadb.be-md.ncbi.nlm.nih.gov/sos6/sra-pub-zq-40/SRR029/29344/SRR29344024/SRR29344024.lite.1,SRX24859688,UMB05_06.1_Ecoli_hybrid_selected_RNA,WGS,RANDOM,METATRANSCRIPTOMIC,PAIRED,0,0,ILLUMINA,Illumina NovaSeq 6000,SRP117119,PRJNA400628,,400628,SRS2499963,SAMN07583824,simple,408170,human gut metagenome,UMB05_06.1,,,,,,,no,,,,,THE BROAD INSTITUTE,SRA1893764,,public,02841369A02E27E5D074766170A3C868,84A38CCBA9CBBC67A09C9886EA8249A6
SRR29344023,2024-06-10 12:56:13,2024-06-10 12:47:22,136769,40073317,136769,293,12,,https://sra-downloadb.be-md.ncbi.nlm.nih.gov/sos6/sra-pub-zq-40/SRR029/29344/SRR29344023/SRR29344023.lite.1,SRX24859689,UMB15_02.1_Ecoli_hybrid_selected_RNA,WGS,RANDOM,METATRANSCRIPTOMIC,PAIRED,0,0,ILLUMINA,Illumina NovaSeq 6000,SRP117119,PRJNA400628,,400628,SRS2500039,SAMN07583939,simple,408170,human gut metagenome,UMB15_02.1,,,,,,,no,,,,,THE BROAD INSTITUTE,SRA1893764,,public,5FE0B5450ECFD6B3D0B9BA58A5AD5C7B,CF6530EB275731D631677CFDE71EEF8C
SRR29344026,2024-06-10 12:56:13,2024-06-10 12:47:19,218431,64000283,218431,293,19,,https://sra-downloadb.be-md.ncbi.nlm.nih.gov/sos6/sra-pub-zq-40/SRR029/29344/SRR29344026/SRR29344026.lite.1,SRX24859686,UMB15_03_Ecoli_hybrid_selected_RNA,WGS,RANDOM,METATRANSCRIPTOMIC,PAIRED,0,0,ILLUMINA,Illumina NovaSeq 6000,SRP117119,PRJNA400628,,400628,SRS2500034,SAMN07583940,simple,408170,human gut metagenome,UMB15_03,,,,,,,no,,,,,THE BROAD INSTITUTE,SRA1893764,,public,581F6C080A3C4CCCB6AA6BD54A90C1CF,CFC81AD1E31F31C91C30B563568D7B08
SRR29344025,2024-06-10 12:56:13,2024-06-10 12:49:21,6268882,1836782426,6268882,293,644,,https://sra-downloadb.be-md.ncbi.nlm.nih.gov/sos6/sra-pub-zq-40/SRR029/29344/SRR29344025/SRR29344025.lite.1,SRX24859687,UMB23_04_Ecoli_hybrid_selected_RNA,WGS,RANDOM,METATRANSCRIPTOMIC,PAIRED,0,0,ILLUMINA,Illumina NovaSeq 6000,SRP117119,PRJNA400628,,400628,SRS2500120,SAMN07584045,simple,408170,human gut metagenome,UMB23_04,,,,,,,no,,,,,THE BROAD INSTITUTE,SRA1893764,,public,059A4BE8F1C0997351F3108C112345CA,5B70DE6D723F29AA5CB404DF99BCDA1A
SRR29344029,2024-06-10 12:56:13,2024-06-10 12:48:37,3557920,1042470560,3557920,293,403,,https://sra-downloadb.be-md.ncbi.nlm.nih.gov/sos6/sra-pub-zq-40/SRR029/29344/SRR29344029/SRR29344029.lite.1,SRX24859683,UMB02_05_Ecoli_hybrid_selected_RNA,WGS,RANDOM,METATRANSCRIPTOMIC,PAIRED,0,0,ILLUMINA,Illumina NovaSeq 6000,SRP117119,PRJNA400628,,400628,SRS2500880,SAMN07583782,simple,408170,human gut metagenome,UMB02_05,,,,,,,no,,,,,THE BROAD INSTITUTE,SRA1893764,,public,293F5ADB3372818A04214AE72BD3205B,052A3F6E4673E60D86AB2F31751748E8
SRR29344028,2024-06-10 12:56:13,2024-06-10 12:48:31,5095811,1493072623,5095811,293,543,,https://sra-downloadb.be-md.ncbi.nlm.nih.gov/sos6/sra-pub-zq-40/SRR029/29344/SRR29344028/SRR29344028.lite.1,SRX24859684,UMB03_12_Ecoli_hybrid_selected_RNA,WGS,RANDOM,METATRANSCRIPTOMIC,PAIRED,0,0,ILLUMINA,Illumina NovaSeq 6000,SRP117119,PRJNA400628,,400628,SRS2500872,SAMN07583802,simple,408170,human gut metagenome,UMB03_12,,,,,,,no,,,,,THE BROAD INSTITUTE,SRA1893764,,public,02A64AFB0F916AE03848F434C50B961A,85FC18DE1F26ECE824282EA00BB41C60
SRR29344030,2024-06-10 12:56:13,2024-06-10 12:49:58,15158433,4441420869,15158433,293,1568,,https://sra-downloadb.be-md.ncbi.nlm.nih.gov/sos6/sra-pub-zq-40/SRR029/29344/SRR29344030/SRR29344030.lite.1,SRX24859682,UMB17_06_Ecoli_hybrid_selected_RNA,WGS,RANDOM,METATRANSCRIPTOMIC,PAIRED,0,0,ILLUMINA,Illumina NovaSeq 6000,SRP117119,PRJNA400628,,400628,SRS2500090,SAMN07583958,simple,408170,human gut metagenome,UMB17_06,,,,,,,no,,,,,THE BROAD INSTITUTE,SRA1893764,,public,FE4E8C4CF56F9911135DDE078655E23D,E3F0F6BAA16F32FD8A1D6C3B0D280587
SRR29344027,2024-06-10 12:56:13,2024-06-10 12:48:58,7233113,2119302109,7233113,293,797,,https://sra-downloadb.be-md.ncbi.nlm.nih.gov/sos6/sra-pub-zq-40/SRR029/29344/SRR29344027/SRR29344027.lite.1,SRX24859685,UMB21_09_Ecoli_hybrid_selected_RNA,WGS,RANDOM,METATRANSCRIPTOMIC,PAIRED,0,0,ILLUMINA,Illumina NovaSeq 6000,SRP117119,PRJNA400628,,400628,SRS9254163,SAMN07584024,simple,408170,human gut metagenome,UMB21_09,,,,,,,no,,,,,THE BROAD INSTITUTE,SRA1893764,,public,48A5809F60033C53FD88E42E718AEFCC,6D89DC124D718FC461A976AF1217BD01
SRR29344031,2024-06-10 12:56:13,2024-06-10 12:52:21,27391501,8025709793,27391501,293,2805,,https://sra-downloadb.be-md.ncbi.nlm.nih.gov/sos6/sra-pub-zq-40/SRR029/29344/SRR29344031/SRR29344031.lite.1,SRX24859681,UMB27_06_Ecoli_hybrid_selected_RNA,WGS,RANDOM,METATRANSCRIPTOMIC,PAIRED,0,0,ILLUMINA,Illumina NovaSeq 6000,SRP117119,PRJNA400628,,400628,SRS2500648,SAMN07584099,simple,408170,human gut metagenome,UMB27_06,,,,,,,no,,,,,THE BROAD INSTITUTE,SRA1893764,,public,3813E1E7AEBA8220522633DCB8C84923,C10A91E615FC5C34BCCEB5E079BB5515
SRR29344033,2024-06-10 12:56:13,2024-06-10 12:48:24,3608280,1057226040,3608280,293,396,,https://sra-downloadb.be-md.ncbi.nlm.nih.gov/sos6/sra-pub-zq-40/SRR029/29344/SRR29344033/SRR29344033.lite.1,SRX24859679,UMB06_02_Ecoli_hybrid_selected_RNA,WGS,RANDOM,METATRANSCRIPTOMIC,PAIRED,0,0,ILLUMINA,Illumina NovaSeq 6000,SRP117119,PRJNA400628,,400628,SRS2499970,SAMN07583836,simple,408170,human gut metagenome,UMB06_02,,,,,,,no,,,,,THE BROAD INSTITUTE,SRA1893764,,public,E9C883521A2209BE92EC2EC2CBC9C954,E260C374A55AB08CCAFED56617D652A5
SRR29344032,2024-06-10 12:56:13,2024-06-10 12:49:49,15004666,4396367138,15004666,293,1544,,https://sra-downloadb.be-md.ncbi.nlm.nih.gov/sos6/sra-pub-zq-40/SRR029/29344/SRR29344032/SRR29344032.lite.1,SRX24859680,UMB15_05_Ecoli_hybrid_selected_RNA,WGS,RANDOM,METATRANSCRIPTOMIC,PAIRED,0,0,ILLUMINA,Illumina NovaSeq 6000,SRP117119,PRJNA400628,,400628,SRS2500082,SAMN07583942,simple,408170,human gut metagenome,UMB15_05,,,,,,,no,,,,,THE BROAD INSTITUTE,SRA1893764,,public,74515160338A80D35D61AE9B2113684B,27C3409A902BA4AA1B0AAEF263EF655D
SRR29344034,2024-06-10 12:56:13,2024-06-10 12:49:29,8388240,2457754320,8388240,293,916,,https://sra-downloadb.be-md.ncbi.nlm.nih.gov/sos6/sra-pub-zq-40/SRR029/29344/SRR29344034/SRR29344034.lite.1,SRX24859678,UMB25_04_Ecoli_hybrid_selected_RNA,WGS,RANDOM,METATRANSCRIPTOMIC,PAIRED,0,0,ILLUMINA,Illumina NovaSeq 6000,SRP117119,PRJNA400628,,400628,SRS2500140,SAMN07584075,simple,408170,human gut metagenome,UMB25_04,,,,,,,no,,,,,THE BROAD INSTITUTE,SRA1893764,,public,3E000F4B12FA8EAC73AE8E98A1CC9500,D6F5385E40AD662E8DDCCE8283963D2C
SRR29344036,2024-06-10 12:56:13,2024-06-10 12:48:33,3828235,1121672855,3828235,293,393,,https://sra-downloadb.be-md.ncbi.nlm.nih.gov/sos6/sra-pub-zq-40/SRR029/29344/SRR29344036/SRR29344036.lite.1,SRX24859676,UMB22_03_Ecoli_hybrid_selected_RNA,WGS,RANDOM,METATRANSCRIPTOMIC,PAIRED,0,0,ILLUMINA,Illumina NovaSeq 6000,SRP117119,PRJNA400628,,400628,SRS2500163,SAMN07584030,simple,408170,human gut metagenome,UMB22_03,,,,,,,no,,,,,THE BROAD INSTITUTE,SRA1893764,,public,5335E2C944069A4DB6ADC369B79AD590,57F3A4A6067BD3F317D7BBECB829EE89
SRR29344035,2024-06-10 12:56:13,2024-06-10 12:50:10,12429398,3641813614,12429398,293,1390,,https://sra-downloadb.be-md.ncbi.nlm.nih.gov/sos6/sra-pub-zq-40/SRR029/29344/SRR29344035/SRR29344035.lite.1,SRX24859677,UMB12_12_Ecoli_hybrid_selected_RNA,WGS,RANDOM,METATRANSCRIPTOMIC,PAIRED,0,0,ILLUMINA,Illumina NovaSeq 6000,SRP117119,PRJNA400628,,400628,SRS9254153,SAMN07583920,simple,408170,human gut metagenome,UMB12_12,,,,,,,no,,,,,THE BROAD INSTITUTE,SRA1893764,,public,54EEBE4D24FB90B83F3C686259E1CB8F,58C5E44774933F2A9656506D5938206F
SRR29090627,2024-05-21 06:14:22,2024-05-21 05:32:32,10293203,7853042981,0,762,7264,,https://sra-downloadb.be-md.ncbi.nlm.nih.gov/sos4/sra-pub-run-30/SRR029/29090/SRR29090627/SRR29090627.1,SRX24614730,FAK67139_20191001_03_UMB08_03,WGS,RANDOM,METAGENOMIC,SINGLE,0,0,OXFORD_NANOPORE,GridION,SRP117119,PRJNA400628,,400628,SRS2499997,SAMN07583862,simple,408170,human gut metagenome,UMB08_03,,,,,,,no,,,,,BROAD INSTITUTE,SRA1871910,,public,4F8D27A395DE1F57DC4188AA01974439,63AB8CDA41FE300BC669C4D1982BFFB0
SRR29090626,2024-05-21 05:23:13,2024-05-21 04:38:19,7474885,9821714605,0,1313,8793,,https://sra-downloadb.be-md.ncbi.nlm.nih.gov/sos4/sra-pub-run-30/SRR029/29090/SRR29090626/SRR29090626.1,SRX24614731,FAK99821_20191001_02_UMB12_03,WGS,RANDOM,METAGENOMIC,SINGLE,0,0,OXFORD_NANOPORE,GridION,SRP117119,PRJNA400628,,400628,SRS2500086,SAMN07583911,simple,408170,human gut metagenome,UMB12_03,,,,,,,no,,,,,BROAD INSTITUTE,SRA1871910,,public,D6A59C242421DFA42C3692E2F4D7F163,683D27785E01D9F2672788BA6B920321
SRR29090628,2024-05-21 00:05:46,2024-05-20 23:03:38,5801326,10740924379,0,1851,9578,,https://sra-downloadb.be-md.ncbi.nlm.nih.gov/sos4/sra-pub-run-30/SRR029/29090/SRR29090628/SRR29090628.1,SRX24614729,FAK67105_20190927_03_UMB18_00.1,WGS,RANDOM,METAGENOMIC,SINGLE,0,0,OXFORD_NANOPORE,GridION,SRP117119,PRJNA400628,,400628,SRS2500030,SAMN07583966,simple,408170,human gut metagenome,UMB18_00.1,,,,,,,no,,,,,BROAD INSTITUTE,SRA1871910,,public,58E6FF7049049DDC16B573549AEF0694,056577D803CA3FFB49644819BFD8DDA9
SRR29090625,2024-05-21 03:28:15,2024-05-21 00:38:24,5081559,6361386750,0,1251,5775,,https://sra-downloadb.be-md.ncbi.nlm.nih.gov/sos4/sra-pub-run-30/SRR029/29090/SRR29090625/SRR29090625.1,SRX24614732,FAK99928_20191001_01_UMB26_01,WGS,RANDOM,METAGENOMIC,SINGLE,0,0,OXFORD_NANOPORE,GridION,SRP117119,PRJNA400628,,400628,SRS2500164,SAMN07584083,simple,408170,human gut metagenome,UMB26_01,,,,,,,no,,,,,BROAD INSTITUTE,SRA1871910,,public,1A9E49B6E148E6AFBA8F216D26F915B0,FDD7A7C549160E21D85AC6E96709A480
SRR29344037,2024-06-10 12:56:13,2024-06-10 12:48:16,762433,223392869,762433,293,70,,https://sra-downloadb.be-md.ncbi.nlm.nih.gov/sos6/sra-pub-zq-40/SRR029/29344/SRR29344037/SRR29344037.lite.1,SRX24859675,UMB26_06_Ecoli_hybrid_selected_RNA,WGS,RANDOM,METATRANSCRIPTOMIC,PAIRED,0,0,ILLUMINA,Illumina NovaSeq 6000,SRP117119,PRJNA400628,,400628,SRS2500155,SAMN07584088,simple,408170,human gut metagenome,UMB26_06,,,,,,,no,,,,,THE BROAD INSTITUTE,SRA1893764,,public,215D0342255716F0E001E1386A1DB8B2,7C9C4688FF0DC3F664AF9F597B2A8986
SRR29090632,2024-05-21 03:28:15,2024-05-21 02:06:00,9254896,8599147202,0,929,7891,,https://sra-downloadb.be-md.ncbi.nlm.nih.gov/sos4/sra-pub-run-30/SRR029/29090/SRR29090632/SRR29090632.1,SRX24614725,FAK64620_20190927_05_UMB11_06,WGS,RANDOM,METAGENOMIC,SINGLE,0,0,OXFORD_NANOPORE,GridION,SRP117119,PRJNA400628,,400628,SRS2500027,SAMN07583900,simple,408170,human gut metagenome,UMB11_06,,,,,,,no,,,,,BROAD INSTITUTE,SRA1871910,,public,562F9B6B9C4E0E802086F858848DC814,CABEA32C8D3770405A62F6162E0165DB
SRR29090630,2024-05-21 03:43:20,2024-05-21 03:37:22,8839363,6156931229,0,696,5759,,https://sra-downloadb.be-md.ncbi.nlm.nih.gov/sos4/sra-pub-run-30/SRR029/29090/SRR29090630/SRR29090630.1,SRX24614727,FAK65306_20190927_02_UMB28_06,WGS,RANDOM,METAGENOMIC,SINGLE,0,0,OXFORD_NANOPORE,GridION,SRP117119,PRJNA400628,,400628,SRS2500658,SAMN07584111,simple,408170,human gut metagenome,UMB28_06,,,,,,,no,,,,,BROAD INSTITUTE,SRA1871910,,public,BBF9CF5EE014BE42BD1614D2142B541B,804A1D55598FF4459175ACF98247976F
SRR29090629,2024-05-21 03:28:15,2024-05-21 01:28:09,8696013,8980969724,0,1032,8211,,https://sra-downloadb.be-md.ncbi.nlm.nih.gov/sos4/sra-pub-run-30/SRR029/29090/SRR29090629/SRR29090629.1,SRX24614728,FAK65432_20190927_01_UMB30_01,WGS,RANDOM,METAGENOMIC,SINGLE,0,0,OXFORD_NANOPORE,GridION,SRP117119,PRJNA400628,,400628,SRS2500662,SAMN07584127,simple,408170,human gut metagenome,UMB30_01,,,,,,,no,,,,,BROAD INSTITUTE,SRA1871910,,public,6C0143869BBBEE332DC72057029754C7,06BC1407017229E90DFB6BD7667516BD
SRR24541529,2023-05-13 12:48:19,2023-05-13 12:38:46,4560556,1256311212,4560556,275,455,,https://sra-downloadb.be-md.ncbi.nlm.nih.gov/sos8/sra-pub-zq-820/SRR024/24541/SRR24541529/SRR24541529.lite.1,SRX20325845,UMB08_01.1_Ecoli_hybrid_selected_DNA,WGS,RANDOM,METAGENOMIC,PAIRED,0,0,ILLUMINA,Illumina NovaSeq 6000,SRP117119,PRJNA400628,,400628,SRS9254330,SAMN07583859,simple,408170,human gut metagenome,UMB08_01.1,,,,,,,no,,,,,BROAD INSTITUTE,SRA1637695,,public,C57423C242261225E7F50CB5B941A91D,C93CE047FB2870B770765B6F87302F5D
SRR29090631,2024-05-21 00:05:46,2024-05-20 22:46:06,5306280,9594322979,0,1808,8564,,https://sra-downloadb.be-md.ncbi.nlm.nih.gov/sos4/sra-pub-run-30/SRR029/29090/SRR29090631/SRR29090631.1,SRX24614726,FAK64813_20190927_04_UMB18_12,WGS,RANDOM,METAGENOMIC,SINGLE,0,0,OXFORD_NANOPORE,GridION,SRP117119,PRJNA400628,,400628,SRS9254338,SAMN07583982,simple,408170,human gut metagenome,UMB18_12,,,,,,,no,,,,,BROAD INSTITUTE,SRA1871910,,public,42F12AA5F6C278B17B9D4F5DF50D2463,0D5077ADF59285C098B00A8EBE3259B8
SRR24541536,2023-05-13 12:48:19,2023-05-13 12:38:55,4495734,1250634603,4495734,278,452,,https://sra-downloadb.be-md.ncbi.nlm.nih.gov/sos8/sra-pub-zq-820/SRR024/24541/SRR24541536/SRR24541536.lite.1,SRX20325838,UMB07_03_Ecoli_hybrid_selected_DNA,WGS,RANDOM,METAGENOMIC,PAIRED,0,0,ILLUMINA,Illumina NovaSeq 6000,SRP117119,PRJNA400628,,400628,SRS2499990,SAMN07583848,simple,408170,human gut metagenome,UMB07_03,,,,,,,no,,,,,BROAD INSTITUTE,SRA1637695,,public,ECA6C61B44E6A32FADD2A5B88786E486,EC5DCD7F6E24BCC1A8B0FAC2D3A2B3D9
SRR24541535,2023-05-13 12:48:19,2023-05-13 12:38:39,4212089,1164322996,4212089,276,417,,https://sra-downloadb.be-md.ncbi.nlm.nih.gov/sos8/sra-pub-zq-820/SRR024/24541/SRR24541535/SRR24541535.lite.1,SRX20325839,UMB07_04_Ecoli_hybrid_selected_DNA,WGS,RANDOM,METAGENOMIC,PAIRED,0,0,ILLUMINA,Illumina NovaSeq 6000,SRP117119,PRJNA400628,,400628,SRS2499993,SAMN07583849,simple,408170,human gut metagenome,UMB07_04,,,,,,,no,,,,,BROAD INSTITUTE,SRA1637695,,public,6077756B8F8D609B0EAD9E96A708DE72,920F6D69F69B009C144FDE1B5A02B56B
SRR24541532,2023-05-13 12:48:19,2023-05-13 12:37:37,1954118,530896246,1954118,271,191,,https://sra-downloadb.be-md.ncbi.nlm.nih.gov/sos8/sra-pub-zq-820/SRR024/24541/SRR24541532/SRR24541532.lite.1,SRX20325842,UMB07_09_Ecoli_hybrid_selected_DNA,WGS,RANDOM,METAGENOMIC,PAIRED,0,0,ILLUMINA,Illumina NovaSeq 6000,SRP117119,PRJNA400628,,400628,SRS2500000,SAMN07583854,simple,408170,human gut metagenome,UMB07_09,,,,,,,no,,,,,BROAD INSTITUTE,SRA1637695,,public,F41AA04672DB533CCD166728813E9872,F31AE62650AF5A0046C1C48510980122
SRR24541530,2023-05-13 12:48:19,2023-05-13 12:37:36,1754928,481450757,1754928,274,172,,https://sra-downloadb.be-md.ncbi.nlm.nih.gov/sos8/sra-pub-zq-820/SRR024/24541/SRR24541530/SRR24541530.lite.1,SRX20325844,UMB07_12_Ecoli_hybrid_selected_DNA,WGS,RANDOM,METAGENOMIC,PAIRED,0,0,ILLUMINA,Illumina NovaSeq 6000,SRP117119,PRJNA400628,,400628,SRS2500001,SAMN07583857,simple,408170,human gut metagenome,UMB07_12,,,,,,,no,,,,,BROAD INSTITUTE,SRA1637695,,public,27D927DBAA911FB8658468188E39A5F5,4BCEB03422FE808944D620264ED1BCD8
SRR24541531,2023-05-13 12:48:19,2023-05-13 12:39:23,5837120,1594285806,5837120,273,579,,https://sra-downloadb.be-md.ncbi.nlm.nih.gov/sos8/sra-pub-zq-820/SRR024/24541/SRR24541531/SRR24541531.lite.1,SRX20325843,UMB07_11_Ecoli_hybrid_selected_DNA,WGS,RANDOM,METAGENOMIC,PAIRED,0,0,ILLUMINA,Illumina NovaSeq 6000,SRP117119,PRJNA400628,,400628,SRS2500002,SAMN07583856,simple,408170,human gut metagenome,UMB07_11,,,,,,,no,,,,,BROAD INSTITUTE,SRA1637695,,public,127129A508DB5AF60985621D0864BCFD,1BF8497FD8DB9F8151ADDCDD19E2BA1F
SRR24541537,2023-05-13 12:48:19,2023-05-13 12:37:48,5075107,1381000061,5075107,272,500,,https://sra-downloadb.be-md.ncbi.nlm.nih.gov/sos8/sra-pub-zq-820/SRR024/24541/SRR24541537/SRR24541537.lite.1,SRX20325837,UMB01_04_Ecoli_hybrid_selected_DNA,WGS,RANDOM,METAGENOMIC,PAIRED,0,0,ILLUMINA,Illumina NovaSeq 6000,SRP117119,PRJNA400628,,400628,SRS2499922,SAMN07583768,simple,408170,human gut metagenome,UMB01_04,,,,,,,no,,,,,BROAD INSTITUTE,SRA1637695,,public,7831DCF7AB97C6F6CC56EA2693725286,E412A11737714E712B725A05CA654701
SRR24541541,2023-05-13 12:48:19,2023-05-13 12:38:05,3104318,865458029,3104318,278,315,,https://sra-downloadb.be-md.ncbi.nlm.nih.gov/sos8/sra-pub-zq-820/SRR024/24541/SRR24541541/SRR24541541.lite.1,SRX20325833,UMB04_01_Ecoli_hybrid_selected_DNA,WGS,RANDOM,METAGENOMIC,PAIRED,0,0,ILLUMINA,Illumina NovaSeq 6000,SRP117119,PRJNA400628,,400628,SRS2499933,SAMN07583804,simple,408170,human gut metagenome,UMB04_01,,,,,,,no,,,,,BROAD INSTITUTE,SRA1637695,,public,41EF81B5B1D160AF2D57D775FE67320C,9FBCA07F3F10555048767D8966DB6577
SRR24541542,2023-05-13 12:48:18,2023-05-13 12:37:56,1561009,428396129,1561009,274,154,,https://sra-downloadb.be-md.ncbi.nlm.nih.gov/sos8/sra-pub-zq-820/SRR024/24541/SRR24541542/SRR24541542.lite.1,SRX20325832,UMB04_00_Ecoli_hybrid_selected_DNA,WGS,RANDOM,METAGENOMIC,PAIRED,0,0,ILLUMINA,Illumina NovaSeq 6000,SRP117119,PRJNA400628,,400628,SRS2499941,SAMN07583803,simple,408170,human gut metagenome,UMB04_00,,,,,,,no,,,,,BROAD INSTITUTE,SRA1637695,,public,FC288C428F87F79AC98A0A61CFDE0A47,E458EA9A1AD3465FFC87D297FBA4AE07
SRR24541540,2023-05-13 12:48:19,2023-05-13 12:40:42,7634518,2089546929,7634518,273,744,,https://sra-downloadb.be-md.ncbi.nlm.nih.gov/sos8/sra-pub-zq-820/SRR024/24541/SRR24541540/SRR24541540.lite.1,SRX20325834,UMB04_06_Ecoli_hybrid_selected_DNA,WGS,RANDOM,METAGENOMIC,PAIRED,0,0,ILLUMINA,Illumina NovaSeq 6000,SRP117119,PRJNA400628,,400628,SRS2499943,SAMN07583809,simple,408170,human gut metagenome,UMB04_06,,,,,,,no,,,,,BROAD INSTITUTE,SRA1637695,,public,7DEB45D0B095C2E1E96C7B57FA87A896,848A2C93C34E0BCCE4A73E1D92366895
SRR24541538,2023-05-13 12:48:19,2023-05-13 12:37:22,1194774,320454835,1194774,268,115,,https://sra-downloadb.be-md.ncbi.nlm.nih.gov/sos8/sra-pub-zq-820/SRR024/24541/SRR24541538/SRR24541538.lite.1,SRX20325836,UMB07_01_Ecoli_hybrid_selected_DNA,WGS,RANDOM,METAGENOMIC,PAIRED,0,0,ILLUMINA,Illumina NovaSeq 6000,SRP117119,PRJNA400628,,400628,SRS2499992,SAMN07583846,simple,408170,human gut metagenome,UMB07_01,,,,,,,no,,,,,BROAD INSTITUTE,SRA1637695,,public,D6E74E4C2602A96BC9752183456945CD,638B51E9C01AE6EAF55C89A48F654497
SRR24541545,2023-05-13 12:48:18,2023-05-13 12:40:04,7711761,2102706495,7711761,272,755,,https://sra-downloadb.be-md.ncbi.nlm.nih.gov/sos8/sra-pub-zq-820/SRR024/24541/SRR24541545/SRR24541545.lite.1,SRX20325829,UMB03_08_Ecoli_hybrid_selected_DNA,WGS,RANDOM,METAGENOMIC,PAIRED,0,0,ILLUMINA,Illumina NovaSeq 6000,SRP117119,PRJNA400628,,400628,SRS2499937,SAMN07583798,simple,408170,human gut metagenome,UMB03_08,,,,,,,no,,,,,BROAD INSTITUTE,SRA1637695,,public,CC959C358FE5F0ABB272A7B80A7119BA,78C92A90AF48E3168A8C1A8AF148FF2E
SRR24541546,2023-05-13 12:48:18,2023-05-13 12:38:59,4232286,1159518368,4232286,273,418,,https://sra-downloadb.be-md.ncbi.nlm.nih.gov/sos8/sra-pub-zq-820/SRR024/24541/SRR24541546/SRR24541546.lite.1,SRX20325828,UMB03_07_Ecoli_hybrid_selected_DNA,WGS,RANDOM,METAGENOMIC,PAIRED,0,0,ILLUMINA,Illumina NovaSeq 6000,SRP117119,PRJNA400628,,400628,SRS2499956,SAMN07583797,simple,408170,human gut metagenome,UMB03_07,,,,,,,no,,,,,BROAD INSTITUTE,SRA1637695,,public,9C5D590C96E19B571760F3FDA737D51C,6E1D9E8A36EDA913B53B5A28C6B9104B
SRR24541547,2023-05-13 12:48:18,2023-05-13 12:39:26,6398806,1739163904,6398806,271,625,,https://sra-downloadb.be-md.ncbi.nlm.nih.gov/sos8/sra-pub-zq-820/SRR024/24541/SRR24541547/SRR24541547.lite.1,SRX20325827,UMB03_06_Ecoli_hybrid_selected_DNA,WGS,RANDOM,METAGENOMIC,PAIRED,0,0,ILLUMINA,Illumina NovaSeq 6000,SRP117119,PRJNA400628,,400628,SRS2500875,SAMN07583796,simple,408170,human gut metagenome,UMB03_06,,,,,,,no,,,,,BROAD INSTITUTE,SRA1637695,,public,0EC368DE8ED20153AF182FC36EE8BCBD,F4BACD845F518213AD82DC37C8ACF6B8
SRR24541552,2023-05-13 12:48:18,2023-05-13 12:38:18,1516347,407165456,1516347,268,148,,https://sra-downloadb.be-md.ncbi.nlm.nih.gov/sos8/sra-pub-zq-820/SRR024/24541/SRR24541552/SRR24541552.lite.1,SRX20325822,UMB25_12_Ecoli_hybrid_selected_DNA,WGS,RANDOM,METAGENOMIC,PAIRED,0,0,ILLUMINA,Illumina NovaSeq 6000,SRP117119,PRJNA400628,,400628,SRS9254187,SAMN07584143,simple,408170,human gut metagenome,UMB25_12,,,,,,,no,,,,,BROAD INSTITUTE,SRA1637695,,public,5D585FE8101E0A16214014965E1F1142,BC43E487FE4DF6D904C2F72CCF1D0F80
SRR24541549,2023-05-13 12:48:18,2023-05-13 12:37:33,1980723,540804372,1980723,273,196,,https://sra-downloadb.be-md.ncbi.nlm.nih.gov/sos8/sra-pub-zq-820/SRR024/24541/SRR24541549/SRR24541549.lite.1,SRX20325825,UMB31_11_Ecoli_hybrid_selected_DNA,WGS,RANDOM,METAGENOMIC,PAIRED,0,0,ILLUMINA,Illumina NovaSeq 6000,SRP117119,PRJNA400628,,400628,SRS9254216,SAMN07584145,simple,408170,human gut metagenome,UMB31_11,,,,,,,no,,,,,BROAD INSTITUTE,SRA1637695,,public,154061A7110E485916CE906A18F8FA85,B908F7C120F072302726071422FA8748
SRR24541557,2023-05-13 12:48:18,2023-05-13 12:38:41,3328247,881519541,3328247,264,316,,https://sra-downloadb.be-md.ncbi.nlm.nih.gov/sos8/sra-pub-zq-820/SRR024/24541/SRR24541557/SRR24541557.lite.1,SRX20325817,UMB18_04_Ecoli_hybrid_selected_DNA,WGS,RANDOM,METAGENOMIC,PAIRED,0,0,ILLUMINA,Illumina NovaSeq 6000,SRP117119,PRJNA400628,,400628,SRS2500071,SAMN07583972,simple,408170,human gut metagenome,UMB18_04,,,,,,,no,,,,,BROAD INSTITUTE,SRA1637695,,public,472B76504B67CAC1958B2626726A07CA,47AAC38FB2067BA33B3876A74C2FF53D
SRR24541556,2023-05-13 12:48:18,2023-05-13 12:39:26,3471817,933306013,3471817,268,337,,https://sra-downloadb.be-md.ncbi.nlm.nih.gov/sos8/sra-pub-zq-820/SRR024/24541/SRR24541556/SRR24541556.lite.1,SRX20325818,UMB18_08_Ecoli_hybrid_selected_DNA,WGS,RANDOM,METAGENOMIC,PAIRED,0,0,ILLUMINA,Illumina NovaSeq 6000,SRP117119,PRJNA400628,,400628,SRS2500089,SAMN07583976,simple,408170,human gut metagenome,UMB18_08,,,,,,,no,,,,,BROAD INSTITUTE,SRA1637695,,public,9C51301ADA1C81C3D3BDE6DF3710DA19,37EF9FC84E5674E0398B66EEAACB7D43
SRR24541555,2023-05-13 12:48:18,2023-05-13 12:41:05,8353403,2278364814,8353403,272,815,,https://sra-downloadb.be-md.ncbi.nlm.nih.gov/sos8/sra-pub-zq-820/SRR024/24541/SRR24541555/SRR24541555.lite.1,SRX20325819,UMB18_09_Ecoli_hybrid_selected_DNA,WGS,RANDOM,METAGENOMIC,PAIRED,0,0,ILLUMINA,Illumina NovaSeq 6000,SRP117119,PRJNA400628,,400628,SRS9254334,SAMN07583977,simple,408170,human gut metagenome,UMB18_09,,,,,,,no,,,,,BROAD INSTITUTE,SRA1637695,,public,86B16617F8E5EF18F06A9EA14A4D6ADF,664EF9FDB630216B213749412979C8A5
SRR24541554,2023-05-13 12:48:18,2023-05-13 12:39:47,4770117,1332336844,4770117,279,483,,https://sra-downloadb.be-md.ncbi.nlm.nih.gov/sos8/sra-pub-zq-820/SRR024/24541/SRR24541554/SRR24541554.lite.1,SRX20325820,UMB18_09.1_Ecoli_hybrid_selected_DNA,WGS,RANDOM,METAGENOMIC,PAIRED,0,0,ILLUMINA,Illumina NovaSeq 6000,SRP117119,PRJNA400628,,400628,SRS9254335,SAMN07583978,simple,408170,human gut metagenome,UMB18_09.1,,,,,,,no,,,,,BROAD INSTITUTE,SRA1637695,,public,970AD58BCA088D667CB3D1BA95B2D8C5,F679F28FBCB4875A1BA30F830C13DBD0
SRR24541553,2023-05-13 12:48:18,2023-05-13 12:39:36,6414344,1767845588,6414344,275,643,,https://sra-downloadb.be-md.ncbi.nlm.nih.gov/sos8/sra-pub-zq-820/SRR024/24541/SRR24541553/SRR24541553.lite.1,SRX20325821,UMB18_10_Ecoli_hybrid_selected_DNA,WGS,RANDOM,METAGENOMIC,PAIRED,0,0,ILLUMINA,Illumina NovaSeq 6000,SRP117119,PRJNA400628,,400628,SRS9254337,SAMN07583979,simple,408170,human gut metagenome,UMB18_10,,,,,,,no,,,,,BROAD INSTITUTE,SRA1637695,,public,AD06477CF184C995B67A15DE56E8FE81,6ABD935000679059922066F096AE3B41
SRR24541563,2023-05-13 12:48:18,2023-05-13 12:40:27,8431424,2295025085,8431424,272,824,,https://sra-downloadb.be-md.ncbi.nlm.nih.gov/sos8/sra-pub-zq-820/SRR024/24541/SRR24541563/SRR24541563.lite.1,SRX20325811,UMB01_12_Ecoli_hybrid_selected_DNA,WGS,RANDOM,METAGENOMIC,PAIRED,0,0,ILLUMINA,Illumina NovaSeq 6000,SRP117119,PRJNA400628,,400628,SRS2499926,SAMN07583776,simple,408170,human gut metagenome,UMB01_12,,,,,,,no,,,,,BROAD INSTITUTE,SRA1637695,,public,DFE4A593606412180767C94E156E9737,317A083343F3BE4927C56F1DEFB4492A
SRR24541562,2023-05-13 12:48:18,2023-05-13 12:38:29,1853650,496924706,1853650,268,179,,https://sra-downloadb.be-md.ncbi.nlm.nih.gov/sos8/sra-pub-zq-820/SRR024/24541/SRR24541562/SRR24541562.lite.1,SRX20325812,UMB17_04_Ecoli_hybrid_selected_DNA,WGS,RANDOM,METAGENOMIC,PAIRED,0,0,ILLUMINA,Illumina NovaSeq 6000,SRP117119,PRJNA400628,,400628,SRS2500097,SAMN07583956,simple,408170,human gut metagenome,UMB17_04,,,,,,,no,,,,,BROAD INSTITUTE,SRA1637695,,public,D27514F30102574C421AF3EFE7FDD9D4,0353194736967CEE455C35C6A1C8080C
SRR24541561,2023-05-13 12:48:18,2023-05-13 12:38:07,2589543,702228300,2589543,271,258,,https://sra-downloadb.be-md.ncbi.nlm.nih.gov/sos8/sra-pub-zq-820/SRR024/24541/SRR24541561/SRR24541561.lite.1,SRX20325813,UMB17_05_Ecoli_hybrid_selected_DNA,WGS,RANDOM,METAGENOMIC,PAIRED,0,0,ILLUMINA,Illumina NovaSeq 6000,SRP117119,PRJNA400628,,400628,SRS2500031,SAMN07583957,simple,408170,human gut metagenome,UMB17_05,,,,,,,no,,,,,BROAD INSTITUTE,SRA1637695,,public,D385756A8932613AFA392A02B841E55D,BD7FE433C8F865FC310B528F725BCEFA
SRR24541560,2023-05-13 12:48:18,2023-05-13 12:39:12,3024040,813619041,3024040,269,293,,https://sra-downloadb.be-md.ncbi.nlm.nih.gov/sos8/sra-pub-zq-820/SRR024/24541/SRR24541560/SRR24541560.lite.1,SRX20325814,UMB17_09_Ecoli_hybrid_selected_DNA,WGS,RANDOM,METAGENOMIC,PAIRED,0,0,ILLUMINA,Illumina NovaSeq 6000,SRP117119,PRJNA400628,,400628,SRS2500074,SAMN07583961,simple,408170,human gut metagenome,UMB17_09,,,,,,,no,,,,,BROAD INSTITUTE,SRA1637695,,public,EC5B445936FECAC91678C83435F75641,A0AA5E6409F04DD194712A66E6ECB87A
SRR24541559,2023-05-13 12:48:18,2023-05-13 12:38:45,2411267,655624009,2411267,271,237,,https://sra-downloadb.be-md.ncbi.nlm.nih.gov/sos8/sra-pub-zq-820/SRR024/24541/SRR24541559/SRR24541559.lite.1,SRX20325815,UMB17_10_Ecoli_hybrid_selected_DNA,WGS,RANDOM,METAGENOMIC,PAIRED,0,0,ILLUMINA,Illumina NovaSeq 6000,SRP117119,PRJNA400628,,400628,SRS2500102,SAMN07583962,simple,408170,human gut metagenome,UMB17_10,,,,,,,no,,,,,BROAD INSTITUTE,SRA1637695,,public,F7D794356AA7E70682E7AD8B477C13B7,4D1115E55C970CAB0A49CDB33110396E
SRR24541571,2023-05-13 12:48:18,2023-05-13 12:38:06,1506947,408225167,1506947,270,147,,https://sra-downloadb.be-md.ncbi.nlm.nih.gov/sos8/sra-pub-zq-820/SRR024/24541/SRR24541571/SRR24541571.lite.1,SRX20325803,UMB14_01_Ecoli_hybrid_selected_DNA,WGS,RANDOM,METAGENOMIC,PAIRED,0,0,ILLUMINA,Illumina NovaSeq 6000,SRP117119,PRJNA400628,,400628,SRS2500044,SAMN07583935,simple,408170,human gut metagenome,UMB14_01,,,,,,,no,,,,,BROAD INSTITUTE,SRA1637695,,public,28B168DA6C21C3CF0EAE0AC51CDDAEE3,D47C2487415255F4862C72416BE5A9F1
SRR24541570,2023-05-13 12:48:18,2023-05-13 12:39:24,3315216,930296930,3315216,280,335,,https://sra-downloadb.be-md.ncbi.nlm.nih.gov/sos8/sra-pub-zq-820/SRR024/24541/SRR24541570/SRR24541570.lite.1,SRX20325804,UMB15_01_Ecoli_hybrid_selected_DNA,WGS,RANDOM,METAGENOMIC,PAIRED,0,0,ILLUMINA,Illumina NovaSeq 6000,SRP117119,PRJNA400628,,400628,SRS2500058,SAMN07583936,simple,408170,human gut metagenome,UMB15_01,,,,,,,no,,,,,BROAD INSTITUTE,SRA1637695,,public,F79F2A1A75C81F38D8B97F5BFE1AF193,CECAFE3BD8C8871DF57AA2AD23E8C5C7
SRR24541566,2023-05-13 12:48:18,2023-05-13 12:38:18,1387698,372383720,1387698,268,133,,https://sra-downloadb.be-md.ncbi.nlm.nih.gov/sos8/sra-pub-zq-820/SRR024/24541/SRR24541566/SRR24541566.lite.1,SRX20325808,UMB15_09_Ecoli_hybrid_selected_DNA,WGS,RANDOM,METAGENOMIC,PAIRED,0,0,ILLUMINA,Illumina NovaSeq 6000,SRP117119,PRJNA400628,,400628,SRS2500077,SAMN07583946,simple,408170,human gut metagenome,UMB15_09,,,,,,,no,,,,,BROAD INSTITUTE,SRA1637695,,public,450AC4CC4A3B4DE0AB53A7E0AB5A2BCA,5DA5F03EA07E5BEC5EADE2A44BFCC67C
SRR24541565,2023-05-13 12:48:18,2023-05-13 12:39:08,3185802,858008040,3185802,269,317,,https://sra-downloadb.be-md.ncbi.nlm.nih.gov/sos8/sra-pub-zq-820/SRR024/24541/SRR24541565/SRR24541565.lite.1,SRX20325809,UMB15_12_Ecoli_hybrid_selected_DNA,WGS,RANDOM,METAGENOMIC,PAIRED,0,0,ILLUMINA,Illumina NovaSeq 6000,SRP117119,PRJNA400628,,400628,SRS9254155,SAMN07583949,simple,408170,human gut metagenome,UMB15_12,,,,,,,no,,,,,BROAD INSTITUTE,SRA1637695,,public,077F6938FDDF05D8118B25A58510AB8C,8A5A91D0D8713C1FBD35F3A5A2445FC3
SRR24541564,2023-05-13 12:48:18,2023-05-13 12:38:25,2354622,634401731,2354622,269,228,,https://sra-downloadb.be-md.ncbi.nlm.nih.gov/sos8/sra-pub-zq-820/SRR024/24541/SRR24541564/SRR24541564.lite.1,SRX20325810,UMB16_06_Ecoli_hybrid_selected_DNA,WGS,RANDOM,METAGENOMIC,PAIRED,0,0,ILLUMINA,Illumina NovaSeq 6000,SRP117119,PRJNA400628,,400628,SRS2500067,SAMN07583952,simple,408170,human gut metagenome,UMB16_06,,,,,,,no,,,,,BROAD INSTITUTE,SRA1637695,,public,37588AA9C26DD6CAA281270700B843A5,855366524EA1A6D3E91E40563B9478D8
SRR24541577,2023-05-13 12:48:18,2023-05-13 12:38:48,2874940,771574874,2874940,268,285,,https://sra-downloadb.be-md.ncbi.nlm.nih.gov/sos8/sra-pub-zq-820/SRR024/24541/SRR24541577/SRR24541577.lite.1,SRX20325797,UMB31_03_Ecoli_hybrid_selected_DNA,WGS,RANDOM,METAGENOMIC,PAIRED,0,0,ILLUMINA,Illumina NovaSeq 6000,SRP117119,PRJNA400628,,400628,SRS2500667,SAMN07584132,simple,408170,human gut metagenome,UMB31_03,,,,,,,no,,,,,BROAD INSTITUTE,SRA1637695,,public,9EE6D9F2662BF064FAE05E13CC6D9EBA,F167B416B53BE86B708BBC88D86BDD01
SRR24541572,2023-05-13 12:48:18,2023-05-13 12:38:14,2510551,691903186,2510551,275,249,,https://sra-downloadb.be-md.ncbi.nlm.nih.gov/sos8/sra-pub-zq-820/SRR024/24541/SRR24541572/SRR24541572.lite.1,SRX20325802,UMB13_12_Ecoli_hybrid_selected_DNA,WGS,RANDOM,METAGENOMIC,PAIRED,0,0,ILLUMINA,Illumina NovaSeq 6000,SRP117119,PRJNA400628,,400628,SRS9254154,SAMN07583933,simple,408170,human gut metagenome,UMB13_12,,,,,,,no,,,,,BROAD INSTITUTE,SRA1637695,,public,A8CB59A3D3013B0514EBE142D13C1341,1C5D1B3D8B183D94D6A93AC2A6F9667C
SRR24541573,2023-05-13 12:48:18,2023-05-13 12:38:38,4939590,1349083573,4939590,273,479,,https://sra-downloadb.be-md.ncbi.nlm.nih.gov/sos8/sra-pub-zq-820/SRR024/24541/SRR24541573/SRR24541573.lite.1,SRX20325801,UMB28_11_Ecoli_hybrid_selected_DNA,WGS,RANDOM,METAGENOMIC,PAIRED,0,0,ILLUMINA,Illumina NovaSeq 6000,SRP117119,PRJNA400628,,400628,SRS9254202,SAMN07584140,simple,408170,human gut metagenome,UMB28_11,,,,,,,no,,,,,BROAD INSTITUTE,SRA1637695,,public,1A953D2620DCE68815CB9DC55116B421,3B577353484D0C6280FBD24184BD7340
SRR24541575,2023-05-13 12:48:18,2023-05-13 12:39:37,4367094,1183525810,4367094,271,428,,https://sra-downloadb.be-md.ncbi.nlm.nih.gov/sos8/sra-pub-zq-820/SRR024/24541/SRR24541575/SRR24541575.lite.1,SRX20325799,UMB31_06_Ecoli_hybrid_selected_DNA,WGS,RANDOM,METAGENOMIC,PAIRED,0,0,ILLUMINA,Illumina NovaSeq 6000,SRP117119,PRJNA400628,,400628,SRS9254210,SAMN07584135,simple,408170,human gut metagenome,UMB31_06,,,,,,,no,,,,,BROAD INSTITUTE,SRA1637695,,public,5E79F599E1D2FFC557CE8BA6BE9B187D,F5462698328ABE8471FB2E57278F27A0
SRR24541574,2023-05-13 12:48:18,2023-05-13 12:38:54,3440219,938245651,3440219,272,333,,https://sra-downloadb.be-md.ncbi.nlm.nih.gov/sos8/sra-pub-zq-820/SRR024/24541/SRR24541574/SRR24541574.lite.1,SRX20325800,UMB31_09_Ecoli_hybrid_selected_DNA,WGS,RANDOM,METAGENOMIC,PAIRED,0,0,ILLUMINA,Illumina NovaSeq 6000,SRP117119,PRJNA400628,,400628,SRS9254214,SAMN07584138,simple,408170,human gut metagenome,UMB31_09,,,,,,,no,,,,,BROAD INSTITUTE,SRA1637695,,public,015D4EF6185A187847F8FC46AA170CA5,D352F333D029804656B85B23B4A6A9CE
SRR24541579,2023-05-13 12:48:18,2023-05-13 12:39:26,4967371,1392904992,4967371,280,497,,https://sra-downloadb.be-md.ncbi.nlm.nih.gov/sos8/sra-pub-zq-820/SRR024/24541/SRR24541579/SRR24541579.lite.1,SRX20325795,UMB31_00_Ecoli_hybrid_selected_DNA,WGS,RANDOM,METAGENOMIC,PAIRED,0,0,ILLUMINA,Illumina NovaSeq 6000,SRP117119,PRJNA400628,,400628,SRS2500668,SAMN07584129,simple,408170,human gut metagenome,UMB31_00,,,,,,,no,,,,,BROAD INSTITUTE,SRA1637695,,public,16ACE4756C267E60B63A2F6F68296A53,B0C3C65F6AAE0DC3D98AD0E98602B4A5
SRR24541578,2023-05-13 12:48:18,2023-05-13 12:38:24,1835695,483893508,1835695,263,172,,https://sra-downloadb.be-md.ncbi.nlm.nih.gov/sos8/sra-pub-zq-820/SRR024/24541/SRR24541578/SRR24541578.lite.1,SRX20325796,UMB31_01_Ecoli_hybrid_selected_DNA,WGS,RANDOM,METAGENOMIC,PAIRED,0,0,ILLUMINA,Illumina NovaSeq 6000,SRP117119,PRJNA400628,,400628,SRS2500670,SAMN07584130,simple,408170,human gut metagenome,UMB31_01,,,,,,,no,,,,,BROAD INSTITUTE,SRA1637695,,public,8CB3BB2F472FC70E65CB169F3615ED35,BCE659462AFB2AA2FA7205A94015720C
SRR24541583,2023-05-13 12:48:18,2023-05-13 12:38:33,2047127,555093504,2047127,271,201,,https://sra-downloadb.be-md.ncbi.nlm.nih.gov/sos8/sra-pub-zq-820/SRR024/24541/SRR24541583/SRR24541583.lite.1,SRX20325791,UMB29_07_Ecoli_hybrid_selected_DNA,WGS,RANDOM,METAGENOMIC,PAIRED,0,0,ILLUMINA,Illumina NovaSeq 6000,SRP117119,PRJNA400628,,400628,SRS9254204,SAMN07584122,simple,408170,human gut metagenome,UMB29_07,,,,,,,no,,,,,BROAD INSTITUTE,SRA1637695,,public,2FAB8939C93D25B28B76F9B5FBDA366C,2683310A7B49CDC3EF7E7EB8C03CB1FD
SRR24541582,2023-05-13 12:48:18,2023-05-13 12:38:08,855104,230493542,855104,269,84,,https://sra-downloadb.be-md.ncbi.nlm.nih.gov/sos8/sra-pub-zq-820/SRR024/24541/SRR24541582/SRR24541582.lite.1,SRX20325792,UMB29_10_Ecoli_hybrid_selected_DNA,WGS,RANDOM,METAGENOMIC,PAIRED,0,0,ILLUMINA,Illumina NovaSeq 6000,SRP117119,PRJNA400628,,400628,SRS9254207,SAMN07584125,simple,408170,human gut metagenome,UMB29_10,,,,,,,no,,,,,BROAD INSTITUTE,SRA1637695,,public,F1AC6107978AAD8656C54987B2ABB3A3,01CEE390CA1B0BF22125367A2EA7120F
SRR24541580,2023-05-13 12:48:18,2023-05-13 12:38:48,2951935,794833254,2951935,269,288,,https://sra-downloadb.be-md.ncbi.nlm.nih.gov/sos8/sra-pub-zq-820/SRR024/24541/SRR24541580/SRR24541580.lite.1,SRX20325794,UMB29_11_Ecoli_hybrid_selected_DNA,WGS,RANDOM,METAGENOMIC,PAIRED,0,0,ILLUMINA,Illumina NovaSeq 6000,SRP117119,PRJNA400628,,400628,SRS9254208,SAMN07584126,simple,408170,human gut metagenome,UMB29_11,,,,,,,no,,,,,BROAD INSTITUTE,SRA1637695,,public,7C754B24FC573C58C66090FCED75DC85,25ADB718EC5A1AE713BF25CEA30B9A81
SRR24541589,2023-05-13 12:48:18,2023-05-13 12:39:17,4369624,1196494835,4369624,273,429,,https://sra-downloadb.be-md.ncbi.nlm.nih.gov/sos8/sra-pub-zq-820/SRR024/24541/SRR24541589/SRR24541589.lite.1,SRX20325785,UMB28_10_Ecoli_hybrid_selected_DNA,WGS,RANDOM,METAGENOMIC,PAIRED,0,0,ILLUMINA,Illumina NovaSeq 6000,SRP117119,PRJNA400628,,400628,SRS9254201,SAMN07584114,simple,408170,human gut metagenome,UMB28_10,,,,,,,no,,,,,BROAD INSTITUTE,SRA1637695,,public,131BD2897EBBE6DE00B44B3E439D59A2,58C8FD6B2CB3EE8F9379E00800B8121D
SRR24541588,2023-05-13 12:48:18,2023-05-13 12:39:38,5387464,1480065785,5387464,274,537,,https://sra-downloadb.be-md.ncbi.nlm.nih.gov/sos8/sra-pub-zq-820/SRR024/24541/SRR24541588/SRR24541588.lite.1,SRX20325786,UMB29_00_Ecoli_hybrid_selected_DNA,WGS,RANDOM,METAGENOMIC,PAIRED,0,0,ILLUMINA,Illumina NovaSeq 6000,SRP117119,PRJNA400628,,400628,SRS2500661,SAMN07584115,simple,408170,human gut metagenome,UMB29_00,,,,,,,no,,,,,BROAD INSTITUTE,SRA1637695,,public,AF9C3F5D1EF20D9BE9A226BC2E4440A9,5BD8A8E9D5F2F198EBB079CD4F8EBBD1
SRR24541587,2023-05-13 12:48:18,2023-05-13 12:40:23,5448650,1496341691,5448650,274,543,,https://sra-downloadb.be-md.ncbi.nlm.nih.gov/sos8/sra-pub-zq-820/SRR024/24541/SRR24541587/SRR24541587.lite.1,SRX20325787,UMB29_02_Ecoli_hybrid_selected_DNA,WGS,RANDOM,METAGENOMIC,PAIRED,0,0,ILLUMINA,Illumina NovaSeq 6000,SRP117119,PRJNA400628,,400628,SRS2500660,SAMN07584117,simple,408170,human gut metagenome,UMB29_02,,,,,,,no,,,,,BROAD INSTITUTE,SRA1637695,,public,42BB6485021E0EB61683A6AD8C0A3423,AD7C914BDBA4F0E167E713B28B48847D
SRR24541586,2023-05-13 12:48:18,2023-05-13 12:38:33,1805094,489302500,1805094,271,178,,https://sra-downloadb.be-md.ncbi.nlm.nih.gov/sos8/sra-pub-zq-820/SRR024/24541/SRR24541586/SRR24541586.lite.1,SRX20325788,UMB29_03_Ecoli_hybrid_selected_DNA,WGS,RANDOM,METAGENOMIC,PAIRED,0,0,ILLUMINA,Illumina NovaSeq 6000,SRP117119,PRJNA400628,,400628,SRS9254203,SAMN07584118,simple,408170,human gut metagenome,UMB29_03,,,,,,,no,,,,,BROAD INSTITUTE,SRA1637695,,public,125750FA5AEEB28B9340BF46C33286C7,A7EEC165697712C7655CFB8E716F7EAC
SRR24541584,2023-05-13 12:48:18,2023-05-13 12:38:18,1499905,410699347,1499905,273,147,,https://sra-downloadb.be-md.ncbi.nlm.nih.gov/sos8/sra-pub-zq-820/SRR024/24541/SRR24541584/SRR24541584.lite.1,SRX20325790,UMB29_05_Ecoli_hybrid_selected_DNA,WGS,RANDOM,METAGENOMIC,PAIRED,0,0,ILLUMINA,Illumina NovaSeq 6000,SRP117119,PRJNA400628,,400628,SRS2500664,SAMN07584120,simple,408170,human gut metagenome,UMB29_05,,,,,,,no,,,,,BROAD INSTITUTE,SRA1637695,,public,2EB6BB768D0825F522FC3FEAC4D6F660,E7E3FF3C53E7A247BDCFC59EDCDF9D4C
SRR24541597,2023-05-13 12:48:18,2023-05-13 12:39:32,3890765,1061180566,3890765,272,383,,https://sra-downloadb.be-md.ncbi.nlm.nih.gov/sos8/sra-pub-zq-820/SRR024/24541/SRR24541597/SRR24541597.lite.1,SRX20325777,UMB25_02_Ecoli_hybrid_selected_DNA,WGS,RANDOM,METAGENOMIC,PAIRED,0,0,ILLUMINA,Illumina NovaSeq 6000,SRP117119,PRJNA400628,,400628,SRS2500154,SAMN07584073,simple,408170,human gut metagenome,UMB25_02,,,,,,,no,,,,,BROAD INSTITUTE,SRA1637695,,public,BF221C868C972B01265803CD28F08EC9,3998B42C8FA2644FD289A3E9C5074501
SRR24541595,2023-05-13 12:48:18,2023-05-13 12:38:57,3461779,947247510,3461779,273,345,,https://sra-downloadb.be-md.ncbi.nlm.nih.gov/sos8/sra-pub-zq-820/SRR024/24541/SRR24541595/SRR24541595.lite.1,SRX20325779,UMB28_03_Ecoli_hybrid_selected_DNA,WGS,RANDOM,METAGENOMIC,PAIRED,0,0,ILLUMINA,Illumina NovaSeq 6000,SRP117119,PRJNA400628,,400628,SRS2500649,SAMN07584108,simple,408170,human gut metagenome,UMB28_03,,,,,,,no,,,,,BROAD INSTITUTE,SRA1637695,,public,FCB29BDA0F0AC81025540D99FFA8CAFB,7F54A0E216C8706C7CB1140CEC823B52
SRR24541596,2023-05-13 12:48:18,2023-05-13 12:38:42,2551843,690341744,2551843,270,250,,https://sra-downloadb.be-md.ncbi.nlm.nih.gov/sos8/sra-pub-zq-820/SRR024/24541/SRR24541596/SRR24541596.lite.1,SRX20325778,UMB28_01_Ecoli_hybrid_selected_DNA,WGS,RANDOM,METAGENOMIC,PAIRED,0,0,ILLUMINA,Illumina NovaSeq 6000,SRP117119,PRJNA400628,,400628,SRS2500653,SAMN07584106,simple,408170,human gut metagenome,UMB28_01,,,,,,,no,,,,,BROAD INSTITUTE,SRA1637695,,public,D998784BA1B4B467C55E08FF2456464E,747F7F5D08BFC4782711398E62B06966
SRR24541592,2023-05-13 12:48:18,2023-05-13 12:39:50,5542170,1502525298,5542170,271,543,,https://sra-downloadb.be-md.ncbi.nlm.nih.gov/sos8/sra-pub-zq-820/SRR024/24541/SRR24541592/SRR24541592.lite.1,SRX20325782,UMB03_03_Ecoli_hybrid_selected_DNA,WGS,RANDOM,METAGENOMIC,PAIRED,0,0,ILLUMINA,Illumina NovaSeq 6000,SRP117119,PRJNA400628,,400628,SRS2500879,SAMN07583793,simple,408170,human gut metagenome,UMB03_03,,,,,,,no,,,,,BROAD INSTITUTE,SRA1637695,,public,714E410D4F6E3B3A90A12569755B41E6,472534BB67925DF32AF1AF6CDFC6CF4B
SRR24541590,2023-05-13 12:48:18,2023-05-13 12:38:51,2943275,786918640,2943275,267,285,,https://sra-downloadb.be-md.ncbi.nlm.nih.gov/sos8/sra-pub-zq-820/SRR024/24541/SRR24541590/SRR24541590.lite.1,SRX20325784,UMB28_07_Ecoli_hybrid_selected_DNA,WGS,RANDOM,METAGENOMIC,PAIRED,0,0,ILLUMINA,Illumina NovaSeq 6000,SRP117119,PRJNA400628,,400628,SRS9254200,SAMN07584112,simple,408170,human gut metagenome,UMB28_07,,,,,,,no,,,,,BROAD INSTITUTE,SRA1637695,,public,B866BB0EB4A14A0AC397F1316EA9352F,47DA03B60F602091F32FEDC8D7EA130F
SRR24541601,2023-05-13 12:48:18,2023-05-13 12:39:31,3969136,1085020710,3969136,273,388,,https://sra-downloadb.be-md.ncbi.nlm.nih.gov/sos8/sra-pub-zq-820/SRR024/24541/SRR24541601/SRR24541601.lite.1,SRX20325773,UMB03_00_Ecoli_hybrid_selected_DNA,WGS,RANDOM,METAGENOMIC,PAIRED,0,0,ILLUMINA,Illumina NovaSeq 6000,SRP117119,PRJNA400628,,400628,SRS2499936,SAMN07583790,simple,408170,human gut metagenome,UMB03_00,,,,,,,no,,,,,BROAD INSTITUTE,SRA1637695,,public,E88294E2023F0E9BC7989B60EF10C11A,99B6E9AB4681C2FFA5DCEFD1239B77EE
SRR24541605,2023-05-13 12:48:17,2023-05-13 12:37:39,28,7867,28,280,0,,https://sra-downloadb.be-md.ncbi.nlm.nih.gov/sos9/sra-pub-run-936/SRR024/24541/SRR24541605/SRR24541605.1,SRX20325769,UMB24_08_Ecoli_hybrid_selected_DNA,WGS,RANDOM,METAGENOMIC,PAIRED,0,0,ILLUMINA,Illumina NovaSeq 6000,SRP117119,PRJNA400628,,400628,SRS9254175,SAMN07584064,simple,408170,human gut metagenome,UMB24_08,,,,,,,no,,,,,BROAD INSTITUTE,SRA1637695,,public,3393834D1BDDA6639D70C710014AFB6B,249231670AAB302848A31ADA95C0EC85
SRR24541604,2023-05-13 12:48:17,2023-05-13 12:39:20,5935571,1613662186,5935571,271,577,,https://sra-downloadb.be-md.ncbi.nlm.nih.gov/sos8/sra-pub-zq-820/SRR024/24541/SRR24541604/SRR24541604.lite.1,SRX20325770,UMB24_09_Ecoli_hybrid_selected_DNA,WGS,RANDOM,METAGENOMIC,PAIRED,0,0,ILLUMINA,Illumina NovaSeq 6000,SRP117119,PRJNA400628,,400628,SRS9254176,SAMN07584065,simple,408170,human gut metagenome,UMB24_09,,,,,,,no,,,,,BROAD INSTITUTE,SRA1637695,,public,9E78CD370ADF6764000A2D9B799BE729,4DB67785DB5C2B5B0FE62E977238C852
SRR24541602,2023-05-13 12:48:18,2023-05-13 12:38:42,1972467,524380022,1972467,265,189,,https://sra-downloadb.be-md.ncbi.nlm.nih.gov/sos8/sra-pub-zq-820/SRR024/24541/SRR24541602/SRR24541602.lite.1,SRX20325772,UMB24_09.2_Ecoli_hybrid_selected_DNA,WGS,RANDOM,METAGENOMIC,PAIRED,0,0,ILLUMINA,Illumina NovaSeq 6000,SRP117119,PRJNA400628,,400628,SRS9254178,SAMN07584067,simple,408170,human gut metagenome,UMB24_09.2,,,,,,,no,,,,,BROAD INSTITUTE,SRA1637695,,public,483BA8FEFBF672FA4A02E6D8DCA64A95,CB1E05F0904D78561118DD1ACE77FA4F
SRR24541599,2023-05-13 12:48:18,2023-05-13 12:38:15,928050,248882866,928050,268,90,,https://sra-downloadb.be-md.ncbi.nlm.nih.gov/sos8/sra-pub-zq-820/SRR024/24541/SRR24541599/SRR24541599.lite.1,SRX20325775,UMB24_11_Ecoli_hybrid_selected_DNA,WGS,RANDOM,METAGENOMIC,PAIRED,0,0,ILLUMINA,Illumina NovaSeq 6000,SRP117119,PRJNA400628,,400628,SRS9254180,SAMN07584070,simple,408170,human gut metagenome,UMB24_11,,,,,,,no,,,,,BROAD INSTITUTE,SRA1637695,,public,7611FC1126B9A6B4AAF1181E632C6EAB,CB89F294E3B497416301C849E0BC9E87
SRR24541611,2023-05-13 12:48:17,2023-05-13 12:40:01,4937818,1355127111,4937818,274,493,,https://sra-downloadb.be-md.ncbi.nlm.nih.gov/sos8/sra-pub-zq-820/SRR024/24541/SRR24541611/SRR24541611.lite.1,SRX20325763,UMB23_11_Ecoli_hybrid_selected_DNA,WGS,RANDOM,METAGENOMIC,PAIRED,0,0,ILLUMINA,Illumina NovaSeq 6000,SRP117119,PRJNA400628,,400628,SRS9254174,SAMN07584056,simple,408170,human gut metagenome,UMB23_11,,,,,,,no,,,,,BROAD INSTITUTE,SRA1637695,,public,8C5F3BA598D5852005E9F6B11504E167,AF9EF5A7D9AE1BAEB330DA8D49F05620
SRR24541610,2023-05-13 12:48:17,2023-05-13 12:41:40,8246618,2258696287,8246618,273,812,,https://sra-downloadb.be-md.ncbi.nlm.nih.gov/sos8/sra-pub-zq-820/SRR024/24541/SRR24541610/SRR24541610.lite.1,SRX20325764,UMB24_01_Ecoli_hybrid_selected_DNA,WGS,RANDOM,METAGENOMIC,PAIRED,0,0,ILLUMINA,Illumina NovaSeq 6000,SRP117119,PRJNA400628,,400628,SRS2500159,SAMN07584057,simple,408170,human gut metagenome,UMB24_01,,,,,,,no,,,,,BROAD INSTITUTE,SRA1637695,,public,E37259EB0C407E280A44EDF734002874,539250A348D48ECC452C786B54B1C2B0
SRR24541609,2023-05-13 12:48:17,2023-05-13 12:40:13,5611904,1532276129,5611904,273,552,,https://sra-downloadb.be-md.ncbi.nlm.nih.gov/sos8/sra-pub-zq-820/SRR024/24541/SRR24541609/SRR24541609.lite.1,SRX20325765,UMB24_02_Ecoli_hybrid_selected_DNA,WGS,RANDOM,METAGENOMIC,PAIRED,0,0,ILLUMINA,Illumina NovaSeq 6000,SRP117119,PRJNA400628,,400628,SRS2500118,SAMN07584058,simple,408170,human gut metagenome,UMB24_02,,,,,,,no,,,,,BROAD INSTITUTE,SRA1637695,,public,98DA67589939590585D04B4CACD01211,823712C16CBCB497FFF6301B529B4A97
SRR24541607,2023-05-13 12:48:17,2023-05-13 12:38:39,1708186,458861429,1708186,268,167,,https://sra-downloadb.be-md.ncbi.nlm.nih.gov/sos8/sra-pub-zq-820/SRR024/24541/SRR24541607/SRR24541607.lite.1,SRX20325767,UMB24_06_Ecoli_hybrid_selected_DNA,WGS,RANDOM,METAGENOMIC,PAIRED,0,0,ILLUMINA,Illumina NovaSeq 6000,SRP117119,PRJNA400628,,400628,SRS2500145,SAMN07584062,simple,408170,human gut metagenome,UMB24_06,,,,,,,no,,,,,BROAD INSTITUTE,SRA1637695,,public,19D54177BCDF8ABF9D45F1E2ED99B0A5,F414A11961953733AF4B8CB561CA5D18
SRR24541606,2023-05-13 12:48:17,2023-05-13 12:38:34,1639735,437787524,1639735,266,157,,https://sra-downloadb.be-md.ncbi.nlm.nih.gov/sos8/sra-pub-zq-820/SRR024/24541/SRR24541606/SRR24541606.lite.1,SRX20325768,UMB24_07_Ecoli_hybrid_selected_DNA,WGS,RANDOM,METAGENOMIC,PAIRED,0,0,ILLUMINA,Illumina NovaSeq 6000,SRP117119,PRJNA400628,,400628,SRS2500126,SAMN07584063,simple,408170,human gut metagenome,UMB24_07,,,,,,,no,,,,,BROAD INSTITUTE,SRA1637695,,public,204A3E9B7AB00D3CCAF240CC1D283857,D15C2827F433EB7B9CEB12B0220EF472
SRR24541617,2023-05-13 12:48:17,2023-05-13 12:39:12,3106442,819996670,3106442,263,294,,https://sra-downloadb.be-md.ncbi.nlm.nih.gov/sos8/sra-pub-zq-820/SRR024/24541/SRR24541617/SRR24541617.lite.1,SRX20325757,UMB22_07_Ecoli_hybrid_selected_DNA,WGS,RANDOM,METAGENOMIC,PAIRED,0,0,ILLUMINA,Illumina NovaSeq 6000,SRP117119,PRJNA400628,,400628,SRS2500113,SAMN07584034,simple,408170,human gut metagenome,UMB22_07,,,,,,,no,,,,,BROAD INSTITUTE,SRA1637695,,public,CE63625CC4ACA0189F915FBE0DEC40D3,F3057807221E9E4ECDF81B4BC6D86F7D
SRR24541616,2023-05-13 12:48:17,2023-05-13 12:39:25,4716690,1265290359,4716690,268,450,,https://sra-downloadb.be-md.ncbi.nlm.nih.gov/sos8/sra-pub-zq-820/SRR024/24541/SRR24541616/SRR24541616.lite.1,SRX20325758,UMB22_09_Ecoli_hybrid_selected_DNA,WGS,RANDOM,METAGENOMIC,PAIRED,0,0,ILLUMINA,Illumina NovaSeq 6000,SRP117119,PRJNA400628,,400628,SRS9254165,SAMN07584036,simple,408170,human gut metagenome,UMB22_09,,,,,,,no,,,,,BROAD INSTITUTE,SRA1637695,,public,D4E1A068619753AC26B56798E00BEBFF,6C9D2A1E8EBFB9FD38F9CB15758550F6
SRR24541615,2023-05-13 12:48:17,2023-05-13 12:38:24,1541767,424462898,1541767,275,153,,https://sra-downloadb.be-md.ncbi.nlm.nih.gov/sos8/sra-pub-zq-820/SRR024/24541/SRR24541615/SRR24541615.lite.1,SRX20325759,UMB23_07_Ecoli_hybrid_selected_DNA,WGS,RANDOM,METAGENOMIC,PAIRED,0,0,ILLUMINA,Illumina NovaSeq 6000,SRP117119,PRJNA400628,,400628,SRS2500151,SAMN07584050,simple,408170,human gut metagenome,UMB23_07,,,,,,,no,,,,,BROAD INSTITUTE,SRA1637695,,public,D25123E01AF84CD0B116F2ED64380048,14C629F3747E26DF53695797705BB45D
SRR24541614,2023-05-13 12:48:17,2023-05-13 12:38:06,815397,215854150,815397,264,76,,https://sra-downloadb.be-md.ncbi.nlm.nih.gov/sos8/sra-pub-zq-820/SRR024/24541/SRR24541614/SRR24541614.lite.1,SRX20325760,UMB23_08.1_Ecoli_hybrid_selected_DNA,WGS,RANDOM,METAGENOMIC,PAIRED,0,0,ILLUMINA,Illumina NovaSeq 6000,SRP117119,PRJNA400628,,400628,SRS9254171,SAMN07584053,simple,408170,human gut metagenome,UMB23_08.1,,,,,,,no,,,,,BROAD INSTITUTE,SRA1637695,,public,7A8489F8D00F881291DA32313011C10E,7E92359C8262FFEDAF73072E11A3BF05
SRR24541613,2023-05-13 12:48:17,2023-05-13 12:38:19,1113076,294590826,1113076,264,106,,https://sra-downloadb.be-md.ncbi.nlm.nih.gov/sos8/sra-pub-zq-820/SRR024/24541/SRR24541613/SRR24541613.lite.1,SRX20325761,UMB23_10.1_Ecoli_hybrid_selected_DNA,WGS,RANDOM,METAGENOMIC,PAIRED,0,0,ILLUMINA,Illumina NovaSeq 6000,SRP117119,PRJNA400628,,400628,SRS9254173,SAMN07584055,simple,408170,human gut metagenome,UMB23_10.1,,,,,,,no,,,,,BROAD INSTITUTE,SRA1637695,,public,4A07CA4ADB3AC97CA498930153CA26C3,5F76E004DDEE245B59734CE1C0CDBE76
SRR24541622,2023-05-13 12:48:17,2023-05-13 12:38:50,5041037,1301172688,5041037,258,467,,https://sra-downloadb.be-md.ncbi.nlm.nih.gov/sos8/sra-pub-zq-820/SRR024/24541/SRR24541622/SRR24541622.lite.1,SRX20325752,UMB01_11_Ecoli_hybrid_selected_DNA,WGS,RANDOM,METAGENOMIC,PAIRED,0,0,ILLUMINA,Illumina NovaSeq 6000,SRP117119,PRJNA400628,,400628,SRS2499917,SAMN07583775,simple,408170,human gut metagenome,UMB01_11,,,,,,,no,,,,,BROAD INSTITUTE,SRA1637695,,public,FC0A641780407D781D1C40874842D846,56A387CF64231702FF1428BED1A17CBD
SRR24541623,2023-05-13 12:48:17,2023-05-13 12:38:32,1524786,416348969,1524786,273,149,,https://sra-downloadb.be-md.ncbi.nlm.nih.gov/sos8/sra-pub-zq-820/SRR024/24541/SRR24541623/SRR24541623.lite.1,SRX20325751,UMB13_08_Ecoli_hybrid_selected_DNA,WGS,RANDOM,METAGENOMIC,PAIRED,0,0,ILLUMINA,Illumina NovaSeq 6000,SRP117119,PRJNA400628,,400628,SRS2500101,SAMN07583929,simple,408170,human gut metagenome,UMB13_08,,,,,,,no,,,,,BROAD INSTITUTE,SRA1637695,,public,4616EAA581B4890DECECE2E98D723EF0,03D962E092258CA57BBB0E43A2941405
SRR24541621,2023-05-13 12:48:17,2023-05-13 12:37:39,11,2864,11,260,0,,https://sra-downloadb.be-md.ncbi.nlm.nih.gov/sos9/sra-pub-run-936/SRR024/24541/SRR24541621/SRR24541621.1,SRX20325753,UMB13_09_Ecoli_hybrid_selected_DNA,WGS,RANDOM,METAGENOMIC,PAIRED,0,0,ILLUMINA,Illumina NovaSeq 6000,SRP117119,PRJNA400628,,400628,SRS2500064,SAMN07583930,simple,408170,human gut metagenome,UMB13_09,,,,,,,no,,,,,BROAD INSTITUTE,SRA1637695,,public,D1B09917F96F8AFBCBD2506905E1AC80,11F7ECB47F6BA8B61B4341656F52DB23
SRR24541619,2023-05-13 12:48:17,2023-05-13 12:38:27,1199925,322112884,1199925,268,115,,https://sra-downloadb.be-md.ncbi.nlm.nih.gov/sos8/sra-pub-zq-820/SRR024/24541/SRR24541619/SRR24541619.lite.1,SRX20325755,UMB22_05_Ecoli_hybrid_selected_DNA,WGS,RANDOM,METAGENOMIC,PAIRED,0,0,ILLUMINA,Illumina NovaSeq 6000,SRP117119,PRJNA400628,,400628,SRS2500162,SAMN07584032,simple,408170,human gut metagenome,UMB22_05,,,,,,,no,,,,,BROAD INSTITUTE,SRA1637695,,public,CE3F4DD21EA3965AF58A5B392FD3AC2D,64375754EB9D82D593DA3463883DEC0A
SRR24541618,2023-05-13 12:48:17,2023-05-13 12:39:05,2760100,760061719,2760100,275,277,,https://sra-downloadb.be-md.ncbi.nlm.nih.gov/sos8/sra-pub-zq-820/SRR024/24541/SRR24541618/SRR24541618.lite.1,SRX20325756,UMB22_06_Ecoli_hybrid_selected_DNA,WGS,RANDOM,METAGENOMIC,PAIRED,0,0,ILLUMINA,Illumina NovaSeq 6000,SRP117119,PRJNA400628,,400628,SRS2500133,SAMN07584033,simple,408170,human gut metagenome,UMB22_06,,,,,,,no,,,,,BROAD INSTITUTE,SRA1637695,,public,B9E44D30696B3CEF6B0D5205FBBED264,6F7B6710274255FFE5EC38C504615DB4
SRR24541624,2023-05-13 12:48:17,2023-05-13 12:39:33,3216849,878021958,3216849,272,315,,https://sra-downloadb.be-md.ncbi.nlm.nih.gov/sos8/sra-pub-zq-820/SRR024/24541/SRR24541624/SRR24541624.lite.1,SRX20325750,UMB13_06_Ecoli_hybrid_selected_DNA,WGS,RANDOM,METAGENOMIC,PAIRED,0,0,ILLUMINA,Illumina NovaSeq 6000,SRP117119,PRJNA400628,,400628,SRS2500043,SAMN07583927,simple,408170,human gut metagenome,UMB13_06,,,,,,,no,,,,,BROAD INSTITUTE,SRA1637695,,public,3B57784583E1E0504D117F33A5D15402,7063D4D5FC5B30A5A6EA13B1E2F4D399
SRR24541626,2023-05-13 12:48:17,2023-05-13 12:39:10,4139321,1123083256,4139321,271,401,,https://sra-downloadb.be-md.ncbi.nlm.nih.gov/sos8/sra-pub-zq-820/SRR024/24541/SRR24541626/SRR24541626.lite.1,SRX20325748,UMB13_00_Ecoli_hybrid_selected_DNA,WGS,RANDOM,METAGENOMIC,PAIRED,0,0,ILLUMINA,Illumina NovaSeq 6000,SRP117119,PRJNA400628,,400628,SRS2500060,SAMN07583921,simple,408170,human gut metagenome,UMB13_00,,,,,,,no,,,,,BROAD INSTITUTE,SRA1637695,,public,C9025678846A1E043BC4756B32990088,15115CDF6783E561D3596A20755ED780
SRR24541625,2023-05-13 12:48:17,2023-05-13 12:39:06,2822409,780723432,2822409,276,280,,https://sra-downloadb.be-md.ncbi.nlm.nih.gov/sos8/sra-pub-zq-820/SRR024/24541/SRR24541625/SRR24541625.lite.1,SRX20325749,UMB13_03_Ecoli_hybrid_selected_DNA,WGS,RANDOM,METAGENOMIC,PAIRED,0,0,ILLUMINA,Illumina NovaSeq 6000,SRP117119,PRJNA400628,,400628,SRS2500080,SAMN07583924,simple,408170,human gut metagenome,UMB13_03,,,,,,,no,,,,,BROAD INSTITUTE,SRA1637695,,public,42FFF8918130EBA3C3726D29770A9208,F1F250F1CA435F9C62B202D6D3EBD1C7
SRR24541628,2023-05-13 12:48:17,2023-05-13 12:39:00,2715044,736161620,2715044,271,262,,https://sra-downloadb.be-md.ncbi.nlm.nih.gov/sos8/sra-pub-zq-820/SRR024/24541/SRR24541628/SRR24541628.lite.1,SRX20325746,UMB12_08_Ecoli_hybrid_selected_DNA,WGS,RANDOM,METAGENOMIC,PAIRED,0,0,ILLUMINA,Illumina NovaSeq 6000,SRP117119,PRJNA400628,,400628,SRS2508940,SAMN07583916,simple,408170,human gut metagenome,UMB12_08,,,,,,,no,,,,,BROAD INSTITUTE,SRA1637695,,public,53F908163018A20C73469E805B5D9DD6,FA882BC657BCB8FF961B83919EC92402
SRR24541627,2023-05-13 12:48:17,2023-05-13 12:39:55,4133673,1130507850,4133673,273,407,,https://sra-downloadb.be-md.ncbi.nlm.nih.gov/sos8/sra-pub-zq-820/SRR024/24541/SRR24541627/SRR24541627.lite.1,SRX20325747,UMB12_09_Ecoli_hybrid_selected_DNA,WGS,RANDOM,METAGENOMIC,PAIRED,0,0,ILLUMINA,Illumina NovaSeq 6000,SRP117119,PRJNA400628,,400628,SRS9254151,SAMN07583917,simple,408170,human gut metagenome,UMB12_09,,,,,,,no,,,,,BROAD INSTITUTE,SRA1637695,,public,A9B4CD1D39616422121A0064368DB68C,9E9FCA3F77012449C8E489E846E7F82B
SRR24541633,2023-05-13 12:48:17,2023-05-13 12:39:07,2333583,630885442,2333583,270,227,,https://sra-downloadb.be-md.ncbi.nlm.nih.gov/sos8/sra-pub-zq-820/SRR024/24541/SRR24541633/SRR24541633.lite.1,SRX20325741,UMB01_10_Ecoli_hybrid_selected_DNA,WGS,RANDOM,METAGENOMIC,PAIRED,0,0,ILLUMINA,Illumina NovaSeq 6000,SRP117119,PRJNA400628,,400628,SRS2499913,SAMN07583774,simple,408170,human gut metagenome,UMB01_10,,,,,,,no,,,,,BROAD INSTITUTE,SRA1637695,,public,F33A2EB804842CA243486B71757DD096,22F5844E125379EBA2B41A0C2AB8C521
SRR24541629,2023-05-13 12:48:17,2023-05-13 12:39:19,3315099,899303227,3315099,271,320,,https://sra-downloadb.be-md.ncbi.nlm.nih.gov/sos8/sra-pub-zq-820/SRR024/24541/SRR24541629/SRR24541629.lite.1,SRX20325745,UMB12_06_Ecoli_hybrid_selected_DNA,WGS,RANDOM,METAGENOMIC,PAIRED,0,0,ILLUMINA,Illumina NovaSeq 6000,SRP117119,PRJNA400628,,400628,SRS2500022,SAMN07583914,simple,408170,human gut metagenome,UMB12_06,,,,,,,no,,,,,BROAD INSTITUTE,SRA1637695,,public,DC0AAB2EA866C4C53B5BB8A5B2DDD651,E33EA8EF5CD239F3FE40C25950EDB7EA
SRR24541630,2023-05-13 12:48:17,2023-05-13 12:40:02,5381947,1459956619,5381947,271,525,,https://sra-downloadb.be-md.ncbi.nlm.nih.gov/sos8/sra-pub-zq-820/SRR024/24541/SRR24541630/SRR24541630.lite.1,SRX20325744,UMB12_04_Ecoli_hybrid_selected_DNA,WGS,RANDOM,METAGENOMIC,PAIRED,0,0,ILLUMINA,Illumina NovaSeq 6000,SRP117119,PRJNA400628,,400628,SRS2500041,SAMN07583912,simple,408170,human gut metagenome,UMB12_04,,,,,,,no,,,,,BROAD INSTITUTE,SRA1637695,,public,1DCB8B6EB95C126E9015040C5651E930,67EA5F24F4ED25EF54B04A33A53C320E
SRR24541632,2023-05-13 12:48:17,2023-05-13 12:39:25,4154616,1145595701,4154616,275,411,,https://sra-downloadb.be-md.ncbi.nlm.nih.gov/sos8/sra-pub-zq-820/SRR024/24541/SRR24541632/SRR24541632.lite.1,SRX20325742,UMB12_02_Ecoli_hybrid_selected_DNA,WGS,RANDOM,METAGENOMIC,PAIRED,0,0,ILLUMINA,Illumina NovaSeq 6000,SRP117119,PRJNA400628,,400628,SRS2500055,SAMN07583910,simple,408170,human gut metagenome,UMB12_02,,,,,,,no,,,,,BROAD INSTITUTE,SRA1637695,,public,1D146A21AD97DD72BF9A2438EA253D4B,330B344E2D55192CFF166F21B4D0E0D8
SRR24541631,2023-05-13 12:48:17,2023-05-13 12:40:45,6889777,1919298081,6889777,278,690,,https://sra-downloadb.be-md.ncbi.nlm.nih.gov/sos8/sra-pub-zq-820/SRR024/24541/SRR24541631/SRR24541631.lite.1,SRX20325743,UMB12_03_Ecoli_hybrid_selected_DNA,WGS,RANDOM,METAGENOMIC,PAIRED,0,0,ILLUMINA,Illumina NovaSeq 6000,SRP117119,PRJNA400628,,400628,SRS2500086,SAMN07583911,simple,408170,human gut metagenome,UMB12_03,,,,,,,no,,,,,BROAD INSTITUTE,SRA1637695,,public,B9AA0CF0D058E88D1ACA1B9495BE0A5F,F27674044FC7BA55ED08403B40E9BCEB
SRR24541644,2023-05-13 12:48:17,2023-05-13 12:38:25,1597201,438720642,1597201,274,159,,https://sra-downloadb.be-md.ncbi.nlm.nih.gov/sos8/sra-pub-zq-820/SRR024/24541/SRR24541644/SRR24541644.lite.1,SRX20325730,UMB01_09_Ecoli_hybrid_selected_DNA,WGS,RANDOM,METAGENOMIC,PAIRED,0,0,ILLUMINA,Illumina NovaSeq 6000,SRP117119,PRJNA400628,,400628,SRS2499914,SAMN07583773,simple,408170,human gut metagenome,UMB01_09,,,,,,,no,,,,,BROAD INSTITUTE,SRA1637695,,public,D4DEEF81E9713BDAF66052E00B2BD68F,5A5F224343D94DE12F5EA09EEA404C19
SRR24541641,2023-05-13 12:48:17,2023-05-13 12:38:53,3185349,879178399,3185349,276,317,,https://sra-downloadb.be-md.ncbi.nlm.nih.gov/sos8/sra-pub-zq-820/SRR024/24541/SRR24541641/SRR24541641.lite.1,SRX20325733,UMB11_04.1_Ecoli_hybrid_selected_DNA,WGS,RANDOM,METAGENOMIC,PAIRED,0,0,ILLUMINA,Illumina NovaSeq 6000,SRP117119,PRJNA400628,,400628,SRS2500056,SAMN07583898,simple,408170,human gut metagenome,UMB11_04.1,,,,,,,no,,,,,BROAD INSTITUTE,SRA1637695,,public,0A50E4E87B1DB9A788CCA664CEBCAFD7,D889FE7445D5FD0479B94000CCDE272A
SRR24541640,2023-05-13 12:48:17,2023-05-13 12:39:17,3303657,906398968,3303657,274,324,,https://sra-downloadb.be-md.ncbi.nlm.nih.gov/sos8/sra-pub-zq-820/SRR024/24541/SRR24541640/SRR24541640.lite.1,SRX20325734,UMB11_05_Ecoli_hybrid_selected_DNA,WGS,RANDOM,METAGENOMIC,PAIRED,0,0,ILLUMINA,Illumina NovaSeq 6000,SRP117119,PRJNA400628,,400628,SRS2500040,SAMN07583899,simple,408170,human gut metagenome,UMB11_05,,,,,,,no,,,,,BROAD INSTITUTE,SRA1637695,,public,97B4C6CFE975380CB06549EEEA4142F5,D8E9307FAF95E16614C14438D368DED1
SRR24541635,2023-05-13 12:48:17,2023-05-13 12:41:38,8581555,2312378430,8581555,269,838,,https://sra-downloadb.be-md.ncbi.nlm.nih.gov/sos8/sra-pub-zq-820/SRR024/24541/SRR24541635/SRR24541635.lite.1,SRX20325739,UMB11_12_Ecoli_hybrid_selected_DNA,WGS,RANDOM,METAGENOMIC,PAIRED,0,0,ILLUMINA,Illumina NovaSeq 6000,SRP117119,PRJNA400628,,400628,SRS9254332,SAMN07583906,simple,408170,human gut metagenome,UMB11_12,,,,,,,no,,,,,BROAD INSTITUTE,SRA1637695,,public,BDC800B6D30C5DD118DB02F67D233F56,E12659EFA44796A70D72307FBB50FFE6
SRR24541645,2023-05-13 12:48:17,2023-05-13 12:38:31,1156312,311624022,1156312,269,110,,https://sra-downloadb.be-md.ncbi.nlm.nih.gov/sos8/sra-pub-zq-820/SRR024/24541/SRR24541645/SRR24541645.lite.1,SRX20325729,UMB27_11_Ecoli_hybrid_selected_DNA,WGS,RANDOM,METAGENOMIC,PAIRED,0,0,ILLUMINA,Illumina NovaSeq 6000,SRP117119,PRJNA400628,,400628,SRS9254198,SAMN07584104,simple,408170,human gut metagenome,UMB27_11,,,,,,,no,,,,,BROAD INSTITUTE,SRA1637695,,public,9FAB512C856DC054AD672B448FE641EA,8E07B85D16E6C7CD455846C31FB02C85
SRR24541650,2023-05-13 12:48:17,2023-05-13 12:38:30,1866260,503028925,1866260,269,182,,https://sra-downloadb.be-md.ncbi.nlm.nih.gov/sos8/sra-pub-zq-820/SRR024/24541/SRR24541650/SRR24541650.lite.1,SRX20325724,UMB27_05_Ecoli_hybrid_selected_DNA,WGS,RANDOM,METAGENOMIC,PAIRED,0,0,ILLUMINA,Illumina NovaSeq 6000,SRP117119,PRJNA400628,,400628,SRS2500654,SAMN07584098,simple,408170,human gut metagenome,UMB27_05,,,,,,,no,,,,,BROAD INSTITUTE,SRA1637695,,public,E2F0BC50E3AD2B0EBA28713A4B3E10A8,CF4772E0253430A32ED6F4CAF2745CC4
SRR24541649,2023-05-13 12:48:17,2023-05-13 12:38:27,1920876,517696720,1920876,269,186,,https://sra-downloadb.be-md.ncbi.nlm.nih.gov/sos8/sra-pub-zq-820/SRR024/24541/SRR24541649/SRR24541649.lite.1,SRX20325725,UMB27_07_Ecoli_hybrid_selected_DNA,WGS,RANDOM,METAGENOMIC,PAIRED,0,0,ILLUMINA,Illumina NovaSeq 6000,SRP117119,PRJNA400628,,400628,SRS9254193,SAMN07584100,simple,408170,human gut metagenome,UMB27_07,,,,,,,no,,,,,BROAD INSTITUTE,SRA1637695,,public,C8C9FD629762AAB48CB3478AA1399028,5039FFB2EDAD31AB34BC4E8F45A46DE5
SRR24541648,2023-05-13 12:48:17,2023-05-13 12:39:50,6024569,1629334815,6024569,270,583,,https://sra-downloadb.be-md.ncbi.nlm.nih.gov/sos8/sra-pub-zq-820/SRR024/24541/SRR24541648/SRR24541648.lite.1,SRX20325726,UMB27_08_Ecoli_hybrid_selected_DNA,WGS,RANDOM,METAGENOMIC,PAIRED,0,0,ILLUMINA,Illumina NovaSeq 6000,SRP117119,PRJNA400628,,400628,SRS9254195,SAMN07584101,simple,408170,human gut metagenome,UMB27_08,,,,,,,no,,,,,BROAD INSTITUTE,SRA1637695,,public,B55378E1540B941013F87BCB0D9B54C3,994C7D180BD993277BF3FE66B73D38CE
SRR24541647,2023-05-13 12:48:17,2023-05-13 12:38:42,1838823,497111276,1838823,270,178,,https://sra-downloadb.be-md.ncbi.nlm.nih.gov/sos8/sra-pub-zq-820/SRR024/24541/SRR24541647/SRR24541647.lite.1,SRX20325727,UMB27_09_Ecoli_hybrid_selected_DNA,WGS,RANDOM,METAGENOMIC,PAIRED,0,0,ILLUMINA,Illumina NovaSeq 6000,SRP117119,PRJNA400628,,400628,SRS9254196,SAMN07584102,simple,408170,human gut metagenome,UMB27_09,,,,,,,no,,,,,BROAD INSTITUTE,SRA1637695,,public,E169594A18AE562D0225389CB8D6545A,8855657FB2CD859B58A5DFEB705F9E62
SRR24541646,2023-05-13 12:48:17,2023-05-13 12:39:38,5259210,1398084619,5259210,265,508,,https://sra-downloadb.be-md.ncbi.nlm.nih.gov/sos8/sra-pub-zq-820/SRR024/24541/SRR24541646/SRR24541646.lite.1,SRX20325728,UMB27_10_Ecoli_hybrid_selected_DNA,WGS,RANDOM,METAGENOMIC,PAIRED,0,0,ILLUMINA,Illumina NovaSeq 6000,SRP117119,PRJNA400628,,400628,SRS9254197,SAMN07584103,simple,408170,human gut metagenome,UMB27_10,,,,,,,no,,,,,BROAD INSTITUTE,SRA1637695,,public,92EA08AA1C32C279EA59107BC4BB1A85,A9C1C135DA5C600A77FD93C3477C7A9D
SRR24541662,2023-05-13 12:48:17,2023-05-13 12:40:16,7050303,1929847989,7050303,273,694,,https://sra-downloadb.be-md.ncbi.nlm.nih.gov/sos8/sra-pub-zq-820/SRR024/24541/SRR24541662/SRR24541662.lite.1,SRX20325712,UMB03_01_Ecoli_hybrid_selected_DNA,WGS,RANDOM,METAGENOMIC,PAIRED,0,0,ILLUMINA,Illumina NovaSeq 6000,SRP117119,PRJNA400628,,400628,SRS2499942,SAMN07583791,simple,408170,human gut metagenome,UMB03_01,,,,,,,no,,,,,BROAD INSTITUTE,SRA1637695,,public,577ED36C6ED9EC0C87B39469A893F3DD,7BC58BA33CF38B3F129439E6C0ADAECB
SRR24541651,2023-05-13 12:48:17,2023-05-13 12:40:39,6768821,1849174619,6768821,273,664,,https://sra-downloadb.be-md.ncbi.nlm.nih.gov/sos8/sra-pub-zq-820/SRR024/24541/SRR24541651/SRR24541651.lite.1,SRX20325723,UMB03_02_Ecoli_hybrid_selected_DNA,WGS,RANDOM,METAGENOMIC,PAIRED,0,0,ILLUMINA,Illumina NovaSeq 6000,SRP117119,PRJNA400628,,400628,SRS2499934,SAMN07583792,simple,408170,human gut metagenome,UMB03_02,,,,,,,no,,,,,BROAD INSTITUTE,SRA1637695,,public,6CA767C6D920B13BB3C77A3CE1E24A86,95B0BFDF0A1A0FC68066E6E25F64D390
SRR24541654,2023-05-13 12:48:17,2023-05-13 12:39:28,3622028,981588255,3622028,271,355,,https://sra-downloadb.be-md.ncbi.nlm.nih.gov/sos8/sra-pub-zq-820/SRR024/24541/SRR24541654/SRR24541654.lite.1,SRX20325720,UMB26_09_Ecoli_hybrid_selected_DNA,WGS,RANDOM,METAGENOMIC,PAIRED,0,0,ILLUMINA,Illumina NovaSeq 6000,SRP117119,PRJNA400628,,400628,SRS9254190,SAMN07584091,simple,408170,human gut metagenome,UMB26_09,,,,,,,no,,,,,BROAD INSTITUTE,SRA1637695,,public,FD538337A7899F26677BB1BDA3AE7DCD,32D2E2FD6B402C8A2BF02E2A4D0A991C
SRR24541653,2023-05-13 12:48:17,2023-05-13 12:39:01,4154485,1138112393,4154485,273,415,,https://sra-downloadb.be-md.ncbi.nlm.nih.gov/sos8/sra-pub-zq-820/SRR024/24541/SRR24541653/SRR24541653.lite.1,SRX20325721,UMB27_00_Ecoli_hybrid_selected_DNA,WGS,RANDOM,METAGENOMIC,PAIRED,0,0,ILLUMINA,Illumina NovaSeq 6000,SRP117119,PRJNA400628,,400628,SRS2500131,SAMN07584094,simple,408170,human gut metagenome,UMB27_00,,,,,,,no,,,,,BROAD INSTITUTE,SRA1637695,,public,861D43E8EA55808272F70D893AC62EAE,383FE1967FC9326A1B11F1892F67BD8C
SRR24541652,2023-05-13 12:48:17,2023-05-13 12:38:47,2225765,600378184,2225765,269,217,,https://sra-downloadb.be-md.ncbi.nlm.nih.gov/sos8/sra-pub-zq-820/SRR024/24541/SRR24541652/SRR24541652.lite.1,SRX20325722,UMB27_01_Ecoli_hybrid_selected_DNA,WGS,RANDOM,METAGENOMIC,PAIRED,0,0,ILLUMINA,Illumina NovaSeq 6000,SRP117119,PRJNA400628,,400628,SRS2500652,SAMN07584095,simple,408170,human gut metagenome,UMB27_01,,,,,,,no,,,,,BROAD INSTITUTE,SRA1637695,,public,83EE2861E51CCBEC84AD5296BB7E4200,B61D3F614568A4B3E974B36888C085A9
SRR24541667,2023-05-13 12:48:16,2023-05-13 12:42:17,7322977,1979520332,7322977,270,726,,https://sra-downloadb.be-md.ncbi.nlm.nih.gov/sos8/sra-pub-zq-820/SRR024/24541/SRR24541667/SRR24541667.lite.1,SRX20325707,UMB25_06_Ecoli_hybrid_selected_DNA,WGS,RANDOM,METAGENOMIC,PAIRED,0,0,ILLUMINA,Illumina NovaSeq 6000,SRP117119,PRJNA400628,,400628,SRS2500156,SAMN07584077,simple,408170,human gut metagenome,UMB25_06,,,,,,,no,,,,,BROAD INSTITUTE,SRA1637695,,public,75B48E68CEE4F676D9BE2392B947D23F,A55FCA95CBED4BD614EF3358030D34FF
SRR24541666,2023-05-13 12:48:16,2023-05-13 12:38:46,2650426,715979404,2650426,270,256,,https://sra-downloadb.be-md.ncbi.nlm.nih.gov/sos8/sra-pub-zq-820/SRR024/24541/SRR24541666/SRR24541666.lite.1,SRX20325708,UMB25_07_Ecoli_hybrid_selected_DNA,WGS,RANDOM,METAGENOMIC,PAIRED,0,0,ILLUMINA,Illumina NovaSeq 6000,SRP117119,PRJNA400628,,400628,SRS9254182,SAMN07584078,simple,408170,human gut metagenome,UMB25_07,,,,,,,no,,,,,BROAD INSTITUTE,SRA1637695,,public,CCE06E7A302745D068F6306C8F8E2C79,9ADF208D1E8B03049F9FC59CD77E7A39
SRR24541665,2023-05-13 12:48:17,2023-05-13 12:37:58,1195128,324645494,1195128,271,114,,https://sra-downloadb.be-md.ncbi.nlm.nih.gov/sos8/sra-pub-zq-820/SRR024/24541/SRR24541665/SRR24541665.lite.1,SRX20325709,UMB25_08_Ecoli_hybrid_selected_DNA,WGS,RANDOM,METAGENOMIC,PAIRED,0,0,ILLUMINA,Illumina NovaSeq 6000,SRP117119,PRJNA400628,,400628,SRS9254183,SAMN07584079,simple,408170,human gut metagenome,UMB25_08,,,,,,,no,,,,,BROAD INSTITUTE,SRA1637695,,public,9103EC0C35C5A2A8C3877AB0301D71DD,5072697B5BF1192C8DB8CAF4BF9F8778
SRR24541664,2023-05-13 12:48:17,2023-05-13 12:41:00,6669773,1838499361,6669773,275,658,,https://sra-downloadb.be-md.ncbi.nlm.nih.gov/sos8/sra-pub-zq-820/SRR024/24541/SRR24541664/SRR24541664.lite.1,SRX20325710,UMB25_09_Ecoli_hybrid_selected_DNA,WGS,RANDOM,METAGENOMIC,PAIRED,0,0,ILLUMINA,Illumina NovaSeq 6000,SRP117119,PRJNA400628,,400628,SRS9254184,SAMN07584080,simple,408170,human gut metagenome,UMB25_09,,,,,,,no,,,,,BROAD INSTITUTE,SRA1637695,,public,AB982477258FF306A62BE3B18A23280D,F261C6095FAD10C563E5759BA8860D95
SRR24541663,2023-05-13 12:48:17,2023-05-13 12:38:34,1694879,454975924,1694879,268,166,,https://sra-downloadb.be-md.ncbi.nlm.nih.gov/sos8/sra-pub-zq-820/SRR024/24541/SRR24541663/SRR24541663.lite.1,SRX20325711,UMB25_10_Ecoli_hybrid_selected_DNA,WGS,RANDOM,METAGENOMIC,PAIRED,0,0,ILLUMINA,Illumina NovaSeq 6000,SRP117119,PRJNA400628,,400628,SRS9254185,SAMN07584081,simple,408170,human gut metagenome,UMB25_10,,,,,,,no,,,,,BROAD INSTITUTE,SRA1637695,,public,7AB1001E99F4909CDA1E4FA002B8BA3A,4D46C965E816759F9CBD8477923B5652
SRR24541671,2023-05-13 12:48:16,2023-05-13 12:38:18,1374709,375719728,1374709,273,137,,https://sra-downloadb.be-md.ncbi.nlm.nih.gov/sos8/sra-pub-zq-820/SRR024/24541/SRR24541671/SRR24541671.lite.1,SRX20325703,UMB02_06_Ecoli_hybrid_selected_DNA,WGS,RANDOM,METAGENOMIC,PAIRED,0,0,ILLUMINA,Illumina NovaSeq 6000,SRP117119,PRJNA400628,,400628,SRS2499939,SAMN07583783,simple,408170,human gut metagenome,UMB02_06,,,,,,,no,,,,,BROAD INSTITUTE,SRA1637695,,public,EA980EC4E07371FFD95757622EF54E17,650492A45B02138F9A1352975D382900
SRR24541672,2023-05-13 12:48:16,2023-05-13 12:38:42,2547350,687100716,2547350,269,249,,https://sra-downloadb.be-md.ncbi.nlm.nih.gov/sos8/sra-pub-zq-820/SRR024/24541/SRR24541672/SRR24541672.lite.1,SRX20325702,UMB21_06_Ecoli_hybrid_selected_DNA,WGS,RANDOM,METAGENOMIC,PAIRED,0,0,ILLUMINA,Illumina NovaSeq 6000,SRP117119,PRJNA400628,,400628,SRS2500146,SAMN07584021,simple,408170,human gut metagenome,UMB21_06,,,,,,,no,,,,,BROAD INSTITUTE,SRA1637695,,public,232B034DD3C9338C3F297727571549BB,089E5A994FD1F47C3C8AC06FC3F80654
SRR24541670,2023-05-13 12:48:16,2023-05-13 12:39:04,3194939,870298270,3194939,272,311,,https://sra-downloadb.be-md.ncbi.nlm.nih.gov/sos8/sra-pub-zq-820/SRR024/24541/SRR24541670/SRR24541670.lite.1,SRX20325704,UMB21_08_Ecoli_hybrid_selected_DNA,WGS,RANDOM,METAGENOMIC,PAIRED,0,0,ILLUMINA,Illumina NovaSeq 6000,SRP117119,PRJNA400628,,400628,SRS2500107,SAMN07584023,simple,408170,human gut metagenome,UMB21_08,,,,,,,no,,,,,BROAD INSTITUTE,SRA1637695,,public,2A6A2E92E15FAF2194F155CDBF2CBC65,EFC1465E61CED88D02F8EDF63514BECF
SRR24541669,2023-05-13 12:48:16,2023-05-13 12:38:43,2593082,705288483,2593082,271,253,,https://sra-downloadb.be-md.ncbi.nlm.nih.gov/sos8/sra-pub-zq-820/SRR024/24541/SRR24541669/SRR24541669.lite.1,SRX20325705,UMB22_02_Ecoli_hybrid_selected_DNA,WGS,RANDOM,METAGENOMIC,PAIRED,0,0,ILLUMINA,Illumina NovaSeq 6000,SRP117119,PRJNA400628,,400628,SRS2500139,SAMN07584029,simple,408170,human gut metagenome,UMB22_02,,,,,,,no,,,,,BROAD INSTITUTE,SRA1637695,,public,57D19275617DB57E82361DDF1B147B8B,E6AF699A480A9EADF54CCDFBF4DCAE7E
SRR24541668,2023-05-13 12:48:16,2023-05-13 12:40:01,4740020,1280981147,4740020,270,454,,https://sra-downloadb.be-md.ncbi.nlm.nih.gov/sos8/sra-pub-zq-820/SRR024/24541/SRR24541668/SRR24541668.lite.1,SRX20325706,UMB25_05_Ecoli_hybrid_selected_DNA,WGS,RANDOM,METAGENOMIC,PAIRED,0,0,ILLUMINA,Illumina NovaSeq 6000,SRP117119,PRJNA400628,,400628,SRS2500160,SAMN07584076,simple,408170,human gut metagenome,UMB25_05,,,,,,,no,,,,,BROAD INSTITUTE,SRA1637695,,public,0D7782E756AF20CD47B54AA783D05AA5,DFFB2CD8F04074BDC0CFD33B304746A5
SRR24541677,2023-05-13 12:48:16,2023-05-13 12:40:19,5532776,1507572442,5532776,272,547,,https://sra-downloadb.be-md.ncbi.nlm.nih.gov/sos8/sra-pub-zq-820/SRR024/24541/SRR24541677/SRR24541677.lite.1,SRX20325697,UMB20_05.1_Ecoli_hybrid_selected_DNA,WGS,RANDOM,METAGENOMIC,PAIRED,0,0,ILLUMINA,Illumina NovaSeq 6000,SRP117119,PRJNA400628,,400628,SRS2500125,SAMN07584007,simple,408170,human gut metagenome,UMB20_05.1,,,,,,,no,,,,,BROAD INSTITUTE,SRA1637695,,public,108582234EBD33350E80C9E3BAEE4E5D,BBFDBD8E12206BFCF7BB25DB45CD3F1B
SRR24541676,2023-05-13 12:48:16,2023-05-13 12:40:30,6137562,1658138295,6137562,270,592,,https://sra-downloadb.be-md.ncbi.nlm.nih.gov/sos8/sra-pub-zq-820/SRR024/24541/SRR24541676/SRR24541676.lite.1,SRX20325698,UMB20_09_Ecoli_hybrid_selected_DNA,WGS,RANDOM,METAGENOMIC,PAIRED,0,0,ILLUMINA,Illumina NovaSeq 6000,SRP117119,PRJNA400628,,400628,SRS9254158,SAMN07584011,simple,408170,human gut metagenome,UMB20_09,,,,,,,no,,,,,BROAD INSTITUTE,SRA1637695,,public,B78C079FB60D73B466F968EA235C27BE,B129074D32E6449B116475F4E254F3B8
SRR24541675,2023-05-13 12:48:16,2023-05-13 12:39:35,4190518,1121691616,4190518,267,403,,https://sra-downloadb.be-md.ncbi.nlm.nih.gov/sos8/sra-pub-zq-820/SRR024/24541/SRR24541675/SRR24541675.lite.1,SRX20325699,UMB20_10.1_Ecoli_hybrid_selected_DNA,WGS,RANDOM,METAGENOMIC,PAIRED,0,0,ILLUMINA,Illumina NovaSeq 6000,SRP117119,PRJNA400628,,400628,SRS9254160,SAMN07584013,simple,408170,human gut metagenome,UMB20_10.1,,,,,,,no,,,,,BROAD INSTITUTE,SRA1637695,,public,92DD6F53646D5E0ADA52ABEC1685BB56,7A442D6DF2795D3FBA79CA2AB3843613
SRR24541674,2023-05-13 12:48:16,2023-05-13 12:38:19,1029709,278164824,1029709,270,101,,https://sra-downloadb.be-md.ncbi.nlm.nih.gov/sos8/sra-pub-zq-820/SRR024/24541/SRR24541674/SRR24541674.lite.1,SRX20325700,UMB20_11_Ecoli_hybrid_selected_DNA,WGS,RANDOM,METAGENOMIC,PAIRED,0,0,ILLUMINA,Illumina NovaSeq 6000,SRP117119,PRJNA400628,,400628,SRS9254161,SAMN07584014,simple,408170,human gut metagenome,UMB20_11,,,,,,,no,,,,,BROAD INSTITUTE,SRA1637695,,public,12DE2CF1F2819517EC3412BD29D67A0D,4399CA8A186917BCDE30682F5981FF28
SRR24541673,2023-05-13 12:48:16,2023-05-13 12:40:46,7204927,1942111238,7204927,269,704,,https://sra-downloadb.be-md.ncbi.nlm.nih.gov/sos8/sra-pub-zq-820/SRR024/24541/SRR24541673/SRR24541673.lite.1,SRX20325701,UMB20_12_Ecoli_hybrid_selected_DNA,WGS,RANDOM,METAGENOMIC,PAIRED,0,0,ILLUMINA,Illumina NovaSeq 6000,SRP117119,PRJNA400628,,400628,SRS9254162,SAMN07584015,simple,408170,human gut metagenome,UMB20_12,,,,,,,no,,,,,BROAD INSTITUTE,SRA1637695,,public,703619F37F022088B1486AFDF29BBD3C,231B1C4C485887B42F3932E6241F353F
SRR24541682,2023-05-13 12:48:16,2023-05-13 12:39:14,2932124,787466293,2932124,268,281,,https://sra-downloadb.be-md.ncbi.nlm.nih.gov/sos8/sra-pub-zq-820/SRR024/24541/SRR24541682/SRR24541682.lite.1,SRX20325692,UMB02_03_Ecoli_hybrid_selected_DNA,WGS,RANDOM,METAGENOMIC,PAIRED,0,0,ILLUMINA,Illumina NovaSeq 6000,SRP117119,PRJNA400628,,400628,SRS2499940,SAMN07583780,simple,408170,human gut metagenome,UMB02_03,,,,,,,no,,,,,BROAD INSTITUTE,SRA1637695,,public,26E41F621B7CB7FB9CE1E6054D69B4FE,778B6EF2287927048FB01C3DB1022B3A
SRR24541684,2023-05-13 12:48:16,2023-05-13 12:39:29,4736639,1288897765,4736639,272,463,,https://sra-downloadb.be-md.ncbi.nlm.nih.gov/sos8/sra-pub-zq-820/SRR024/24541/SRR24541684/SRR24541684.lite.1,SRX20325690,UMB19_09_Ecoli_hybrid_selected_DNA,WGS,RANDOM,METAGENOMIC,PAIRED,0,0,ILLUMINA,Illumina NovaSeq 6000,SRP117119,PRJNA400628,,400628,SRS9254340,SAMN07583991,simple,408170,human gut metagenome,UMB19_09,,,,,,,no,,,,,BROAD INSTITUTE,SRA1637695,,public,FCE760243DE7D1317811C0341442DD4B,95FF1596596457A2D958D70364EDA84C
SRR24541683,2023-05-13 12:48:16,2023-05-13 12:38:30,2866076,772325852,2866076,269,274,,https://sra-downloadb.be-md.ncbi.nlm.nih.gov/sos8/sra-pub-zq-820/SRR024/24541/SRR24541683/SRR24541683.lite.1,SRX20325691,UMB19_10_Ecoli_hybrid_selected_DNA,WGS,RANDOM,METAGENOMIC,PAIRED,0,0,ILLUMINA,Illumina NovaSeq 6000,SRP117119,PRJNA400628,,400628,SRS9254341,SAMN07583992,simple,408170,human gut metagenome,UMB19_10,,,,,,,no,,,,,BROAD INSTITUTE,SRA1637695,,public,630F997800A986782AB6A23A925FA175,6C718E37AC9F08582225951F945F821D
SRR24541681,2023-05-13 12:48:16,2023-05-13 12:39:06,2868467,780856272,2868467,272,282,,https://sra-downloadb.be-md.ncbi.nlm.nih.gov/sos8/sra-pub-zq-820/SRR024/24541/SRR24541681/SRR24541681.lite.1,SRX20325693,UMB19_11_Ecoli_hybrid_selected_DNA,WGS,RANDOM,METAGENOMIC,PAIRED,0,0,ILLUMINA,Illumina NovaSeq 6000,SRP117119,PRJNA400628,,400628,SRS9254156,SAMN07583993,simple,408170,human gut metagenome,UMB19_11,,,,,,,no,,,,,BROAD INSTITUTE,SRA1637695,,public,E431741A77570CC0D40283531C0161EB,E310261BCA8B3C3F72EBC3BC8F6893FF
SRR24541679,2023-05-13 12:48:16,2023-05-13 12:39:19,3222496,889226480,3222496,275,319,,https://sra-downloadb.be-md.ncbi.nlm.nih.gov/sos8/sra-pub-zq-820/SRR024/24541/SRR24541679/SRR24541679.lite.1,SRX20325695,UMB20_01.2_Ecoli_hybrid_selected_DNA,WGS,RANDOM,METAGENOMIC,PAIRED,0,0,ILLUMINA,Illumina NovaSeq 6000,SRP117119,PRJNA400628,,400628,SRS2500167,SAMN07583998,simple,408170,human gut metagenome,UMB20_01.2,,,,,,,no,,,,,BROAD INSTITUTE,SRA1637695,,public,DCB4A583998213342EA44ADF73996037,A17AFAAB98D2328C1E63F11B8F86EAE1
SRR24541689,2023-05-13 12:48:16,2023-05-13 12:38:37,1661444,449866100,1661444,270,159,,https://sra-downloadb.be-md.ncbi.nlm.nih.gov/sos8/sra-pub-zq-820/SRR024/24541/SRR24541689/SRR24541689.lite.1,SRX20325685,UMB19_03_Ecoli_hybrid_selected_DNA,WGS,RANDOM,METAGENOMIC,PAIRED,0,0,ILLUMINA,Illumina NovaSeq 6000,SRP117119,PRJNA400628,,400628,SRS2500049,SAMN07583985,simple,408170,human gut metagenome,UMB19_03,,,,,,,no,,,,,BROAD INSTITUTE,SRA1637695,,public,3363D4F4A890B2CA8F27EA76F1648648,8B2CACBB790E55FB3B33F1121D9389F8
SRR24541688,2023-05-13 12:48:16,2023-05-13 12:40:34,6159571,1687196094,6159571,273,622,,https://sra-downloadb.be-md.ncbi.nlm.nih.gov/sos8/sra-pub-zq-820/SRR024/24541/SRR24541688/SRR24541688.lite.1,SRX20325686,UMB19_04_Ecoli_hybrid_selected_DNA,WGS,RANDOM,METAGENOMIC,PAIRED,0,0,ILLUMINA,Illumina NovaSeq 6000,SRP117119,PRJNA400628,,400628,SRS2500128,SAMN07583986,simple,408170,human gut metagenome,UMB19_04,,,,,,,no,,,,,BROAD INSTITUTE,SRA1637695,,public,66A03AD902E665C4B5EE3BB96EEA3913,9002149E22CB816D90325182EA198AFF
SRR24541687,2023-05-13 12:48:16,2023-05-13 12:38:20,1192810,321833973,1192810,269,117,,https://sra-downloadb.be-md.ncbi.nlm.nih.gov/sos8/sra-pub-zq-820/SRR024/24541/SRR24541687/SRR24541687.lite.1,SRX20325687,UMB19_05_Ecoli_hybrid_selected_DNA,WGS,RANDOM,METAGENOMIC,PAIRED,0,0,ILLUMINA,Illumina NovaSeq 6000,SRP117119,PRJNA400628,,400628,SRS2500150,SAMN07583987,simple,408170,human gut metagenome,UMB19_05,,,,,,,no,,,,,BROAD INSTITUTE,SRA1637695,,public,DDDD48802C85E0E434B1A79A0E279387,362D1F57A304196268D5DBEA83BDDB77
SRR24541686,2023-05-13 12:48:16,2023-05-13 12:39:30,4814975,1272489666,4814975,264,459,,https://sra-downloadb.be-md.ncbi.nlm.nih.gov/sos8/sra-pub-zq-820/SRR024/24541/SRR24541686/SRR24541686.lite.1,SRX20325688,UMB19_07_Ecoli_hybrid_selected_DNA,WGS,RANDOM,METAGENOMIC,PAIRED,0,0,ILLUMINA,Illumina NovaSeq 6000,SRP117119,PRJNA400628,,400628,SRS2500070,SAMN07583989,simple,408170,human gut metagenome,UMB19_07,,,,,,,no,,,,,BROAD INSTITUTE,SRA1637695,,public,D2E88BFF5C1F0C9016A7B22D2A9D2E99,5E00B857C91BFF426EBC5BEC2C500767
SRR24541685,2023-05-13 12:48:16,2023-05-13 12:38:39,2140800,574808949,2140800,268,207,,https://sra-downloadb.be-md.ncbi.nlm.nih.gov/sos8/sra-pub-zq-820/SRR024/24541/SRR24541685/SRR24541685.lite.1,SRX20325689,UMB19_08_Ecoli_hybrid_selected_DNA,WGS,RANDOM,METAGENOMIC,PAIRED,0,0,ILLUMINA,Illumina NovaSeq 6000,SRP117119,PRJNA400628,,400628,SRS2500152,SAMN07583990,simple,408170,human gut metagenome,UMB19_08,,,,,,,no,,,,,BROAD INSTITUTE,SRA1637695,,public,D3F19F04F81457CF853D76A9367A2C1E,7373E3DE1A8EDCD9A965F430B8D16126
SRR24541696,2023-05-13 12:48:16,2023-05-13 12:39:20,3386807,910309946,3386807,268,323,,https://sra-downloadb.be-md.ncbi.nlm.nih.gov/sos8/sra-pub-zq-820/SRR024/24541/SRR24541696/SRR24541696.lite.1,SRX20325678,UMB10_10_Ecoli_hybrid_selected_DNA,WGS,RANDOM,METAGENOMIC,PAIRED,0,0,ILLUMINA,Illumina NovaSeq 6000,SRP117119,PRJNA400628,,400628,SRS2500026,SAMN07583890,simple,408170,human gut metagenome,UMB10_10,,,,,,,no,,,,,BROAD INSTITUTE,SRA1637695,,public,9BE98DF365C6927B1354934FAC002192,E1CF7D742A8C7DDDE124D3AC8C5E5CE4
SRR24541693,2023-05-13 12:48:16,2023-05-13 12:38:16,1039751,292503082,1039751,281,112,,https://sra-downloadb.be-md.ncbi.nlm.nih.gov/sos8/sra-pub-zq-820/SRR024/24541/SRR24541693/SRR24541693.lite.1,SRX20325681,UMB11_02_Ecoli_hybrid_selected_DNA,WGS,RANDOM,METAGENOMIC,PAIRED,0,0,ILLUMINA,Illumina NovaSeq 6000,SRP117119,PRJNA400628,,400628,SRS2500091,SAMN07583894,simple,408170,human gut metagenome,UMB11_02,,,,,,,no,,,,,BROAD INSTITUTE,SRA1637695,,public,395E68BAD1BBA67DACD59E90A14ED03A,24C24A6DA1EF258F57FB6310A408674F
SRR24541695,2023-05-13 12:48:16,2023-05-13 12:40:07,5285939,1440473554,5285939,272,516,,https://sra-downloadb.be-md.ncbi.nlm.nih.gov/sos8/sra-pub-zq-820/SRR024/24541/SRR24541695/SRR24541695.lite.1,SRX20325679,UMB10_12_Ecoli_hybrid_selected_DNA,WGS,RANDOM,METAGENOMIC,PAIRED,0,0,ILLUMINA,Illumina NovaSeq 6000,SRP117119,PRJNA400628,,400628,SRS9254331,SAMN07583892,simple,408170,human gut metagenome,UMB10_12,,,,,,,no,,,,,BROAD INSTITUTE,SRA1637695,,public,E69B1E5BFD63D7E63014E0920A91CF31,DA06C41AC11A70A4B21FA896E387C1AD
SRR24541692,2023-05-13 12:48:16,2023-05-13 12:40:29,6182565,1695306875,6182565,274,615,,https://sra-downloadb.be-md.ncbi.nlm.nih.gov/sos8/sra-pub-zq-820/SRR024/24541/SRR24541692/SRR24541692.lite.1,SRX20325682,UMB18_10.1_Ecoli_hybrid_selected_DNA,WGS,RANDOM,METAGENOMIC,PAIRED,0,0,ILLUMINA,Illumina NovaSeq 6000,SRP117119,PRJNA400628,,400628,SRS9254336,SAMN07583980,simple,408170,human gut metagenome,UMB18_10.1,,,,,,,no,,,,,BROAD INSTITUTE,SRA1637695,,public,0051B991B4604500FFFD57D59E624623,55F38A27E21195E1E58111D535CC09C0
SRR24541691,2023-05-13 12:48:16,2023-05-13 12:40:46,6134001,1684288279,6134001,274,611,,https://sra-downloadb.be-md.ncbi.nlm.nih.gov/sos8/sra-pub-zq-820/SRR024/24541/SRR24541691/SRR24541691.lite.1,SRX20325683,UMB18_10.2_Ecoli_hybrid_selected_DNA,WGS,RANDOM,METAGENOMIC,PAIRED,0,0,ILLUMINA,Illumina NovaSeq 6000,SRP117119,PRJNA400628,,400628,SRS9254339,SAMN07583981,simple,408170,human gut metagenome,UMB18_10.2,,,,,,,no,,,,,BROAD INSTITUTE,SRA1637695,,public,87DF83C80969C7268E4034539D30FC06,468CDA716C4E285F8722A1B6CE0639C7
SRR24541702,2023-05-13 12:48:16,2023-05-13 12:39:04,2675578,723604578,2675578,270,260,,https://sra-downloadb.be-md.ncbi.nlm.nih.gov/sos8/sra-pub-zq-820/SRR024/24541/SRR24541702/SRR24541702.lite.1,SRX20325672,UMB09_09_Ecoli_hybrid_selected_DNA,WGS,RANDOM,METAGENOMIC,PAIRED,0,0,ILLUMINA,Illumina NovaSeq 6000,SRP117119,PRJNA400628,,400628,SRS2500015,SAMN07583877,simple,408170,human gut metagenome,UMB09_09,,,,,,,no,,,,,BROAD INSTITUTE,SRA1637695,,public,E28056C1CA91955CB33DB4944DDAF0F1,337128AC79DE24E2371D8B823AAEE2BA
SRR24541701,2023-05-13 12:48:16,2023-05-13 12:41:36,8217078,2254875788,8217078,274,817,,https://sra-downloadb.be-md.ncbi.nlm.nih.gov/sos8/sra-pub-zq-820/SRR024/24541/SRR24541701/SRR24541701.lite.1,SRX20325673,UMB09_12_Ecoli_hybrid_selected_DNA,WGS,RANDOM,METAGENOMIC,PAIRED,0,0,ILLUMINA,Illumina NovaSeq 6000,SRP117119,PRJNA400628,,400628,SRS2508917,SAMN07583880,simple,408170,human gut metagenome,UMB09_12,,,,,,,no,,,,,BROAD INSTITUTE,SRA1637695,,public,CEA93150EF24D63EAD7C5547EC23CB3E,868F647ADDAAB13AF11AAF51490C20AB
SRR24541700,2023-05-13 12:48:16,2023-05-13 12:38:35,1979615,533513025,1979615,269,192,,https://sra-downloadb.be-md.ncbi.nlm.nih.gov/sos8/sra-pub-zq-820/SRR024/24541/SRR24541700/SRR24541700.lite.1,SRX20325674,UMB10_03_Ecoli_hybrid_selected_DNA,WGS,RANDOM,METAGENOMIC,PAIRED,0,0,ILLUMINA,Illumina NovaSeq 6000,SRP117119,PRJNA400628,,400628,SRS2500024,SAMN07583883,simple,408170,human gut metagenome,UMB10_03,,,,,,,no,,,,,BROAD INSTITUTE,SRA1637695,,public,2F49B80A5C6EB1C859577E43F7A17ADE,4B097ECFF6A07FCFAD4FE044CF42104A
SRR24541698,2023-05-13 12:48:16,2023-05-13 12:38:50,2083162,563434074,2083162,270,202,,https://sra-downloadb.be-md.ncbi.nlm.nih.gov/sos8/sra-pub-zq-820/SRR024/24541/SRR24541698/SRR24541698.lite.1,SRX20325676,UMB10_07_Ecoli_hybrid_selected_DNA,WGS,RANDOM,METAGENOMIC,PAIRED,0,0,ILLUMINA,Illumina NovaSeq 6000,SRP117119,PRJNA400628,,400628,SRS2500053,SAMN07583887,simple,408170,human gut metagenome,UMB10_07,,,,,,,no,,,,,BROAD INSTITUTE,SRA1637695,,public,FE0CBE4F4B7302F5A94DE4EC795A0F5C,DCD37E8D603F23A2C55A8233EF9D8821
SRR24541697,2023-05-13 12:48:16,2023-05-13 12:39:13,3104640,805786738,3104640,259,291,,https://sra-downloadb.be-md.ncbi.nlm.nih.gov/sos8/sra-pub-zq-820/SRR024/24541/SRR24541697/SRR24541697.lite.1,SRX20325677,UMB10_08_Ecoli_hybrid_selected_DNA,WGS,RANDOM,METAGENOMIC,PAIRED,0,0,ILLUMINA,Illumina NovaSeq 6000,SRP117119,PRJNA400628,,400628,SRS2500078,SAMN07583888,simple,408170,human gut metagenome,UMB10_08,,,,,,,no,,,,,BROAD INSTITUTE,SRA1637695,,public,FC7148B79D36921AE2782399AFBC90EC,4682E8AE2DB8274AB82075C788F14CD4
SRR24541708,2023-05-13 12:48:16,2023-05-13 12:39:10,2546594,686784975,2546594,269,249,,https://sra-downloadb.be-md.ncbi.nlm.nih.gov/sos8/sra-pub-zq-820/SRR024/24541/SRR24541708/SRR24541708.lite.1,SRX20325666,UMB08_09_Ecoli_hybrid_selected_DNA,WGS,RANDOM,METAGENOMIC,PAIRED,0,0,ILLUMINA,Illumina NovaSeq 6000,SRP117119,PRJNA400628,,400628,SRS2500008,SAMN07583868,simple,408170,human gut metagenome,UMB08_09,,,,,,,no,,,,,BROAD INSTITUTE,SRA1637695,,public,F97487E5C7B1C461947CB03B78C9F7A0,A7F509007906B34CAE335CF6444F6EC8
SRR24541705,2023-05-13 12:48:16,2023-05-13 12:37:58,1142548,310686810,1142548,271,112,,https://sra-downloadb.be-md.ncbi.nlm.nih.gov/sos8/sra-pub-zq-820/SRR024/24541/SRR24541705/SRR24541705.lite.1,SRX20325669,UMB09_06_Ecoli_hybrid_selected_DNA,WGS,RANDOM,METAGENOMIC,PAIRED,0,0,ILLUMINA,Illumina NovaSeq 6000,SRP117119,PRJNA400628,,400628,SRS2500010,SAMN07583874,simple,408170,human gut metagenome,UMB09_06,,,,,,,no,,,,,BROAD INSTITUTE,SRA1637695,,public,7587774BECA29929D84606073A635DF0,E483814D5C5BA3775B4FDDA7ECAE3AFE
SRR24541707,2023-05-13 12:48:16,2023-05-13 12:40:25,4429675,1200939709,4429675,271,436,,https://sra-downloadb.be-md.ncbi.nlm.nih.gov/sos8/sra-pub-zq-820/SRR024/24541/SRR24541707/SRR24541707.lite.1,SRX20325667,UMB08_12_Ecoli_hybrid_selected_DNA,WGS,RANDOM,METAGENOMIC,PAIRED,0,0,ILLUMINA,Illumina NovaSeq 6000,SRP117119,PRJNA400628,,400628,SRS2500011,SAMN07583871,simple,408170,human gut metagenome,UMB08_12,,,,,,,no,,,,,BROAD INSTITUTE,SRA1637695,,public,EEF83F2D4D161E35A722D01BE39D5938,68F7B8B7E3E51BF2FD52BC4189E192DB
SRR24541706,2023-05-13 12:48:16,2023-05-13 12:39:09,2758034,733298234,2758034,265,268,,https://sra-downloadb.be-md.ncbi.nlm.nih.gov/sos8/sra-pub-zq-820/SRR024/24541/SRR24541706/SRR24541706.lite.1,SRX20325668,UMB09_01_Ecoli_hybrid_selected_DNA,WGS,RANDOM,METAGENOMIC,PAIRED,0,0,ILLUMINA,Illumina NovaSeq 6000,SRP117119,PRJNA400628,,400628,SRS2500012,SAMN07583872,simple,408170,human gut metagenome,UMB09_01,,,,,,,no,,,,,BROAD INSTITUTE,SRA1637695,,public,A2544A75F61BC4D534F7DBC0679A73FA,BE2025B16102C50437710ED486B28F31
SRR24541704,2023-05-13 12:48:16,2023-05-13 12:38:13,668161,185867203,668161,278,65,,https://sra-downloadb.be-md.ncbi.nlm.nih.gov/sos8/sra-pub-zq-820/SRR024/24541/SRR24541704/SRR24541704.lite.1,SRX20325670,UMB09_07_Ecoli_hybrid_selected_DNA,WGS,RANDOM,METAGENOMIC,PAIRED,0,0,ILLUMINA,Illumina NovaSeq 6000,SRP117119,PRJNA400628,,400628,SRS2500017,SAMN07583875,simple,408170,human gut metagenome,UMB09_07,,,,,,,no,,,,,BROAD INSTITUTE,SRA1637695,,public,0EBD4E6C0E92AA376988D7FF716281F5,201654933B799F7CDD74B868CC15A955
SRR24541714,2023-05-13 12:48:16,2023-05-13 12:38:17,1190102,309804687,1190102,260,112,,https://sra-downloadb.be-md.ncbi.nlm.nih.gov/sos8/sra-pub-zq-820/SRR024/24541/SRR24541714/SRR24541714.lite.1,SRX20325660,UMB01_06_Ecoli_hybrid_selected_DNA,WGS,RANDOM,METAGENOMIC,PAIRED,0,0,ILLUMINA,Illumina NovaSeq 6000,SRP117119,PRJNA400628,,400628,SRS2499923,SAMN07583770,simple,408170,human gut metagenome,UMB01_06,,,,,,,no,,,,,BROAD INSTITUTE,SRA1637695,,public,7A6825993F3DEFD30F1E655FA6ED0E0B,267413D44AF5B11013F49688B357FBD0
SRR24541713,2023-05-13 12:48:16,2023-05-13 12:37:41,15,4148,15,276,0,,https://sra-downloadb.be-md.ncbi.nlm.nih.gov/sos9/sra-pub-run-936/SRR024/24541/SRR24541713/SRR24541713.1,SRX20325661,UMB08_04_Ecoli_hybrid_selected_DNA,WGS,RANDOM,METAGENOMIC,PAIRED,0,0,ILLUMINA,Illumina NovaSeq 6000,SRP117119,PRJNA400628,,400628,SRS2499998,SAMN07583863,simple,408170,human gut metagenome,UMB08_04,,,,,,,no,,,,,BROAD INSTITUTE,SRA1637695,,public,41132333D5E24715DEAF5C3A6A62BED2,0636034B41EFE4680D6D056D61B985E5
SRR24541712,2023-05-13 12:48:16,2023-05-13 12:40:38,5238583,1421102685,5238583,271,510,,https://sra-downloadb.be-md.ncbi.nlm.nih.gov/sos8/sra-pub-zq-820/SRR024/24541/SRR24541712/SRR24541712.lite.1,SRX20325662,UMB08_05_Ecoli_hybrid_selected_DNA,WGS,RANDOM,METAGENOMIC,PAIRED,0,0,ILLUMINA,Illumina NovaSeq 6000,SRP117119,PRJNA400628,,400628,SRS2500006,SAMN07583864,simple,408170,human gut metagenome,UMB08_05,,,,,,,no,,,,,BROAD INSTITUTE,SRA1637695,,public,8B1CD37A53252D2EE408FA6F6B0E3893,3B8EF983E7A9F2CDD7266F526A2B33D5
SRR24541711,2023-05-13 12:48:16,2023-05-13 12:41:07,7088839,1891782567,7088839,266,688,,https://sra-downloadb.be-md.ncbi.nlm.nih.gov/sos8/sra-pub-zq-820/SRR024/24541/SRR24541711/SRR24541711.lite.1,SRX20325663,UMB08_06_Ecoli_hybrid_selected_DNA,WGS,RANDOM,METAGENOMIC,PAIRED,0,0,ILLUMINA,Illumina NovaSeq 6000,SRP117119,PRJNA400628,,400628,SRS2500005,SAMN07583865,simple,408170,human gut metagenome,UMB08_06,,,,,,,no,,,,,BROAD INSTITUTE,SRA1637695,,public,02FF3FC17364CE5C5AE94B60C7632E2C,25409D9E6CFE39C5B64DA372D4F5399A
SRR24541710,2023-05-13 12:48:16,2023-05-13 12:39:36,3538315,957427341,3538315,270,342,,https://sra-downloadb.be-md.ncbi.nlm.nih.gov/sos8/sra-pub-zq-820/SRR024/24541/SRR24541710/SRR24541710.lite.1,SRX20325664,UMB08_07_Ecoli_hybrid_selected_DNA,WGS,RANDOM,METAGENOMIC,PAIRED,0,0,ILLUMINA,Illumina NovaSeq 6000,SRP117119,PRJNA400628,,400628,SRS2500007,SAMN07583866,simple,408170,human gut metagenome,UMB08_07,,,,,,,no,,,,,BROAD INSTITUTE,SRA1637695,,public,9C2AC2E17E62802568F9508ABDE17354,843A8CE0F6DCE6FDD88B0C66C9944CED
SRR24541718,2023-05-13 12:48:16,2023-05-13 12:39:42,4149731,1115712858,4149731,268,402,,https://sra-downloadb.be-md.ncbi.nlm.nih.gov/sos8/sra-pub-zq-820/SRR024/24541/SRR24541718/SRR24541718.lite.1,SRX20325656,UMB01_01_Ecoli_hybrid_selected_DNA,WGS,RANDOM,METAGENOMIC,PAIRED,0,0,ILLUMINA,Illumina NovaSeq 6000,SRP117119,PRJNA400628,,400628,SRS2499915,SAMN07583765,simple,408170,human gut metagenome,UMB01_01,,,,,,,no,,,,,BROAD INSTITUTE,SRA1637695,,public,661A601C9C454141CE1713E1830601BD,FFDD7A2834C267C8B0D46805A99D4CC9
SRR24541715,2023-05-13 12:48:16,2023-05-13 12:40:26,5985956,1666064897,5985956,278,599,,https://sra-downloadb.be-md.ncbi.nlm.nih.gov/sos8/sra-pub-zq-820/SRR024/24541/SRR24541715/SRR24541715.lite.1,SRX20325659,UMB08_03_Ecoli_hybrid_selected_DNA,WGS,RANDOM,METAGENOMIC,PAIRED,0,0,ILLUMINA,Illumina NovaSeq 6000,SRP117119,PRJNA400628,,400628,SRS2499997,SAMN07583862,simple,408170,human gut metagenome,UMB08_03,,,,,,,no,,,,,BROAD INSTITUTE,SRA1637695,,public,85A360E45BC7D3A5A47BA240093A713C,DB89DBAF732D07327865021555754FD3
SRR24541399,2023-05-13 12:48:16,2023-05-13 12:33:44,7764,2149531,7764,276,0,,https://sra-downloadb.be-md.ncbi.nlm.nih.gov/sos8/sra-pub-zq-820/SRR024/24541/SRR24541399/SRR24541399.lite.1,SRX20325653,UMB21_08_metatranscriptome,RNA-Seq,RANDOM,METATRANSCRIPTOMIC,PAIRED,0,0,ILLUMINA,Illumina NovaSeq 6000,SRP117119,PRJNA400628,,400628,SRS2500107,SAMN07584023,simple,408170,human gut metagenome,UMB21_08,,,,,,,no,,,,,BROAD INSTITUTE,SRA1637693,,public,DD857970D8751C1D97B295CEC76C9C00,92CDB2F0BD2C12A94DE74DC81B458D20
SRR24541497,2023-05-13 12:48:16,2023-05-13 12:38:20,10824299,3019966349,10824299,278,945,,https://sra-downloadb.be-md.ncbi.nlm.nih.gov/sos8/sra-pub-zq-820/SRR024/24541/SRR24541497/SRR24541497.lite.1,SRX20325654,UMB22_02_metatranscriptome,RNA-Seq,RANDOM,METATRANSCRIPTOMIC,PAIRED,0,0,ILLUMINA,Illumina NovaSeq 6000,SRP117119,PRJNA400628,,400628,SRS2500139,SAMN07584029,simple,408170,human gut metagenome,UMB22_02,,,,,,,no,,,,,BROAD INSTITUTE,SRA1637693,,public,C81CC85DD8DD7388C572EDED1E79A770,FEAFF8C62416E46378F6E2C9EBEE19C8
SRR24541719,2023-05-13 12:48:16,2023-05-13 12:39:17,2575895,700444668,2575895,271,251,,https://sra-downloadb.be-md.ncbi.nlm.nih.gov/sos8/sra-pub-zq-820/SRR024/24541/SRR24541719/SRR24541719.lite.1,SRX20325655,UMB01_00_Ecoli_hybrid_selected_DNA,WGS,RANDOM,METAGENOMIC,PAIRED,0,0,ILLUMINA,Illumina NovaSeq 6000,SRP117119,PRJNA400628,,400628,SRS2500878,SAMN07583764,simple,408170,human gut metagenome,UMB01_00,,,,,,,no,,,,,BROAD INSTITUTE,SRA1637695,,public,7F8A9516EE2C0AB0D2066FCB1B3ED0B0,27345C86CD27766C3F518E21FB8675BC
SRR24541403,2023-05-13 12:48:16,2023-05-13 12:37:32,10296383,2882591887,10296383,279,891,,https://sra-downloadb.be-md.ncbi.nlm.nih.gov/sos8/sra-pub-zq-820/SRR024/24541/SRR24541403/SRR24541403.lite.1,SRX20325649,UMB20_05.1_metatranscriptome,RNA-Seq,RANDOM,METATRANSCRIPTOMIC,PAIRED,0,0,ILLUMINA,Illumina NovaSeq 6000,SRP117119,PRJNA400628,,400628,SRS2500125,SAMN07584007,simple,408170,human gut metagenome,UMB20_05.1,,,,,,,no,,,,,BROAD INSTITUTE,SRA1637693,,public,156C7006EC0AB7F91FA55BEDEAA0105A,19EEFCEEC29A6E4ED460B37A43C0BA1F
SRR24541400,2023-05-13 12:48:16,2023-05-13 12:38:31,13785131,3906713173,13785131,283,1209,,https://sra-downloadb.be-md.ncbi.nlm.nih.gov/sos8/sra-pub-zq-820/SRR024/24541/SRR24541400/SRR24541400.lite.1,SRX20325652,UMB21_06_metatranscriptome,RNA-Seq,RANDOM,METATRANSCRIPTOMIC,PAIRED,0,0,ILLUMINA,Illumina NovaSeq 6000,SRP117119,PRJNA400628,,400628,SRS2500146,SAMN07584021,simple,408170,human gut metagenome,UMB21_06,,,,,,,no,,,,,BROAD INSTITUTE,SRA1637693,,public,A31F1F9C8FDBB618C1A63B610A2ADABC,6CA76F48FDDD410FA616A834D3A69F82
SRR24541404,2023-05-13 12:48:16,2023-05-13 12:34:20,1173516,334445600,1173516,284,102,,https://sra-downloadb.be-md.ncbi.nlm.nih.gov/sos8/sra-pub-zq-820/SRR024/24541/SRR24541404/SRR24541404.lite.1,SRX20325648,UMB20_04.1_metatranscriptome,RNA-Seq,RANDOM,METATRANSCRIPTOMIC,PAIRED,0,0,ILLUMINA,Illumina NovaSeq 6000,SRP117119,PRJNA400628,,400628,SRS2508950,SAMN07584005,simple,408170,human gut metagenome,UMB20_04.1,,,,,,,no,,,,,BROAD INSTITUTE,SRA1637693,,public,237E3FA92E7A5BB45B2206ACC1C95474,99307E6B5C7736940E25A2A2C80D4A50
SRR24541402,2023-05-13 12:48:16,2023-05-13 12:33:43,8995,2484526,8995,276,0,,https://sra-downloadb.be-md.ncbi.nlm.nih.gov/sos8/sra-pub-zq-820/SRR024/24541/SRR24541402/SRR24541402.lite.1,SRX20325650,UMB20_09_metatranscriptome,RNA-Seq,RANDOM,METATRANSCRIPTOMIC,PAIRED,0,0,ILLUMINA,Illumina NovaSeq 6000,SRP117119,PRJNA400628,,400628,SRS9254158,SAMN07584011,simple,408170,human gut metagenome,UMB20_09,,,,,,,no,,,,,BROAD INSTITUTE,SRA1637693,,public,F6F4861C31608A511857B258457074BD,76E019EAC8528DD3FE86E1857EA02DDC
SRR24541401,2023-05-13 13:34:25,2023-05-13 13:28:31,79737831,22334297052,79737831,280,6880,,https://sra-downloadb.be-md.ncbi.nlm.nih.gov/sos8/sra-pub-zq-820/SRR024/24541/SRR24541401/SRR24541401.lite.1,SRX20325651,UMB20_10.1_metatranscriptome,RNA-Seq,RANDOM,METATRANSCRIPTOMIC,PAIRED,0,0,ILLUMINA,Illumina NovaSeq 6000,SRP117119,PRJNA400628,,400628,SRS9254160,SAMN07584013,simple,408170,human gut metagenome,UMB20_10.1,,,,,,,no,,,,,BROAD INSTITUTE,SRA1637693,,public,5578C8DEA9BDFFB38088886E05ACDAC7,3125CEED9B02878C9B73ABBCC8B4EBFB
SRR24541405,2023-05-13 12:48:16,2023-05-13 12:35:45,3877906,1097159538,3877906,282,336,,https://sra-downloadb.be-md.ncbi.nlm.nih.gov/sos8/sra-pub-zq-820/SRR024/24541/SRR24541405/SRR24541405.lite.1,SRX20325647,UMB02_03_metatranscriptome,RNA-Seq,RANDOM,METATRANSCRIPTOMIC,PAIRED,0,0,ILLUMINA,Illumina NovaSeq 6000,SRP117119,PRJNA400628,,400628,SRS2499940,SAMN07583780,simple,408170,human gut metagenome,UMB02_03,,,,,,,no,,,,,BROAD INSTITUTE,SRA1637693,,public,14CE3EF746AD64DF1025529EDA4525E0,B206624B3145BB4985696FFC0A0EE188
SRR24541409,2023-05-13 12:48:16,2023-05-13 12:34:21,3201596,870083937,3201596,271,269,,https://sra-downloadb.be-md.ncbi.nlm.nih.gov/sos8/sra-pub-zq-820/SRR024/24541/SRR24541409/SRR24541409.lite.1,SRX20325643,UMB19_07_metatranscriptome,RNA-Seq,RANDOM,METATRANSCRIPTOMIC,PAIRED,0,0,ILLUMINA,Illumina NovaSeq 6000,SRP117119,PRJNA400628,,400628,SRS2500070,SAMN07583989,simple,408170,human gut metagenome,UMB19_07,,,,,,,no,,,,,BROAD INSTITUTE,SRA1637693,,public,CACF6F355B18675232192CB3C8C14826,DD08FACCBCBBF8B58FC600A6940AF226
SRR24541406,2023-05-13 13:16:02,2023-05-13 12:58:53,45738193,12608382721,45738193,275,3914,,https://sra-downloadb.be-md.ncbi.nlm.nih.gov/sos8/sra-pub-zq-820/SRR024/24541/SRR24541406/SRR24541406.lite.1,SRX20325646,UMB20_01.2_metatranscriptome,RNA-Seq,RANDOM,METATRANSCRIPTOMIC,PAIRED,0,0,ILLUMINA,Illumina NovaSeq 6000,SRP117119,PRJNA400628,,400628,SRS2500167,SAMN07583998,simple,408170,human gut metagenome,UMB20_01.2,,,,,,,no,,,,,BROAD INSTITUTE,SRA1637693,,public,EE440375A2FB078C29DC278EA3D8198F,9F089DA84055E0D698D349CF89DD3083
SRR24541407,2023-05-13 12:48:16,2023-05-13 12:42:27,20341521,5716008237,20341521,281,1748,,https://sra-downloadb.be-md.ncbi.nlm.nih.gov/sos8/sra-pub-zq-820/SRR024/24541/SRR24541407/SRR24541407.lite.1,SRX20325645,UMB19_11_metatranscriptome,RNA-Seq,RANDOM,METATRANSCRIPTOMIC,PAIRED,0,0,ILLUMINA,Illumina NovaSeq 6000,SRP117119,PRJNA400628,,400628,SRS9254156,SAMN07583993,simple,408170,human gut metagenome,UMB19_11,,,,,,,no,,,,,BROAD INSTITUTE,SRA1637693,,public,CF6DB579B0D21231A617828E6D8A277D,2B1D108021C2D33E2811A35BA239FF72
SRR24541408,2023-05-13 12:48:16,2023-05-13 12:41:11,22634307,5856908154,22634307,258,1807,,https://sra-downloadb.be-md.ncbi.nlm.nih.gov/sos8/sra-pub-zq-820/SRR024/24541/SRR24541408/SRR24541408.lite.1,SRX20325644,UMB19_09_metatranscriptome,RNA-Seq,RANDOM,METATRANSCRIPTOMIC,PAIRED,0,0,ILLUMINA,Illumina NovaSeq 6000,SRP117119,PRJNA400628,,400628,SRS9254340,SAMN07583991,simple,408170,human gut metagenome,UMB19_09,,,,,,,no,,,,,BROAD INSTITUTE,SRA1637693,,public,62C62D02116AC25426AD74FF1D8F470B,D3981A3D30CBEC52A417046C652BEDE4
SRR24541412,2023-05-13 12:48:15,2023-05-13 12:33:51,8794,2404485,8794,273,0,,https://sra-downloadb.be-md.ncbi.nlm.nih.gov/sos8/sra-pub-zq-820/SRR024/24541/SRR24541412/SRR24541412.lite.1,SRX20325640,UMB19_03_metatranscriptome,RNA-Seq,RANDOM,METATRANSCRIPTOMIC,PAIRED,0,0,ILLUMINA,Illumina NovaSeq 6000,SRP117119,PRJNA400628,,400628,SRS2500049,SAMN07583985,simple,408170,human gut metagenome,UMB19_03,,,,,,,no,,,,,BROAD INSTITUTE,SRA1637693,,public,C14EA4FAFD174932395CB950246A647C,BF68FABF9F887C446A8E4D2BB5254D91
SRR24541411,2023-05-13 13:16:02,2023-05-13 12:58:44,41083493,11124091083,41083493,270,3428,,https://sra-downloadb.be-md.ncbi.nlm.nih.gov/sos8/sra-pub-zq-820/SRR024/24541/SRR24541411/SRR24541411.lite.1,SRX20325641,UMB19_04_metatranscriptome,RNA-Seq,RANDOM,METATRANSCRIPTOMIC,PAIRED,0,0,ILLUMINA,Illumina NovaSeq 6000,SRP117119,PRJNA400628,,400628,SRS2500128,SAMN07583986,simple,408170,human gut metagenome,UMB19_04,,,,,,,no,,,,,BROAD INSTITUTE,SRA1637693,,public,EECA6164F4F1A2F593E4C87F89E170A1,54B6010567F7FD54E1190E2013ACE400
SRR24541410,2023-05-13 12:48:16,2023-05-13 12:36:26,5676379,1576436641,5676379,277,485,,https://sra-downloadb.be-md.ncbi.nlm.nih.gov/sos8/sra-pub-zq-820/SRR024/24541/SRR24541410/SRR24541410.lite.1,SRX20325642,UMB19_05_metatranscriptome,RNA-Seq,RANDOM,METATRANSCRIPTOMIC,PAIRED,0,0,ILLUMINA,Illumina NovaSeq 6000,SRP117119,PRJNA400628,,400628,SRS2500150,SAMN07583987,simple,408170,human gut metagenome,UMB19_05,,,,,,,no,,,,,BROAD INSTITUTE,SRA1637693,,public,C9BF49CEA50A9990042F37DABE8EDFBD,5284B93EF6FB8BC3059DA68D6CDFDD51
SRR24541414,2023-05-13 12:56:53,2023-05-13 12:50:14,27288483,7813661385,27288483,286,2418,,https://sra-downloadb.be-md.ncbi.nlm.nih.gov/sos8/sra-pub-zq-820/SRR024/24541/SRR24541414/SRR24541414.lite.1,SRX20325638,UMB18_10.1_metatranscriptome,RNA-Seq,RANDOM,METATRANSCRIPTOMIC,PAIRED,0,0,ILLUMINA,Illumina NovaSeq 6000,SRP117119,PRJNA400628,,400628,SRS9254336,SAMN07583980,simple,408170,human gut metagenome,UMB18_10.1,,,,,,,no,,,,,BROAD INSTITUTE,SRA1637693,,public,177CD335C167253806B9E5D47C15B6DE,DB0ACF222FE3BA46C956578D00383AEA
SRR24541413,2023-05-13 12:48:15,2023-05-13 12:44:41,35321720,9684323613,35321720,274,3012,,https://sra-downloadb.be-md.ncbi.nlm.nih.gov/sos8/sra-pub-zq-820/SRR024/24541/SRR24541413/SRR24541413.lite.1,SRX20325639,UMB18_10.2_metatranscriptome,RNA-Seq,RANDOM,METATRANSCRIPTOMIC,PAIRED,0,0,ILLUMINA,Illumina NovaSeq 6000,SRP117119,PRJNA400628,,400628,SRS9254339,SAMN07583981,simple,408170,human gut metagenome,UMB18_10.2,,,,,,,no,,,,,BROAD INSTITUTE,SRA1637693,,public,D3F5AEABDD6DFD210C8FDC830105FEFE,17118947E70E0174DCE80EE751C86D0D
SRR24541416,2023-05-13 12:48:15,2023-05-13 12:34:27,1278263,352860901,1278263,276,107,,https://sra-downloadb.be-md.ncbi.nlm.nih.gov/sos8/sra-pub-zq-820/SRR024/24541/SRR24541416/SRR24541416.lite.1,SRX20325636,UMB01_12_metatranscriptome,RNA-Seq,RANDOM,METATRANSCRIPTOMIC,PAIRED,0,0,ILLUMINA,Illumina NovaSeq 6000,SRP117119,PRJNA400628,,400628,SRS2499926,SAMN07583776,simple,408170,human gut metagenome,UMB01_12,,,,,,,no,,,,,BROAD INSTITUTE,SRA1637693,,public,DE12DDAE72DAAC5ED301461315CD7836,EAF61A7C2E5BCFBE4964623E3579EE09
SRR24541419,2023-05-13 12:48:15,2023-05-13 12:37:13,9423469,2564823507,9423469,272,787,,https://sra-downloadb.be-md.ncbi.nlm.nih.gov/sos8/sra-pub-zq-820/SRR024/24541/SRR24541419/SRR24541419.lite.1,SRX20325633,UMB18_04_metatranscriptome,RNA-Seq,RANDOM,METATRANSCRIPTOMIC,PAIRED,0,0,ILLUMINA,Illumina NovaSeq 6000,SRP117119,PRJNA400628,,400628,SRS2500071,SAMN07583972,simple,408170,human gut metagenome,UMB18_04,,,,,,,no,,,,,BROAD INSTITUTE,SRA1637693,,public,38B03BAB2F781272A15D29E35891BC2E,99D208B29B986724AC583537603F9B7B
SRR24541418,2023-05-13 12:56:53,2023-05-13 12:48:22,26008915,7226949715,26008915,277,2240,,https://sra-downloadb.be-md.ncbi.nlm.nih.gov/sos8/sra-pub-zq-820/SRR024/24541/SRR24541418/SRR24541418.lite.1,SRX20325634,UMB18_09_metatranscriptome,RNA-Seq,RANDOM,METATRANSCRIPTOMIC,PAIRED,0,0,ILLUMINA,Illumina NovaSeq 6000,SRP117119,PRJNA400628,,400628,SRS9254334,SAMN07583977,simple,408170,human gut metagenome,UMB18_09,,,,,,,no,,,,,BROAD INSTITUTE,SRA1637693,,public,812A9DFC6F8ED9BD24EAB9A01077EB27,A70B839D92B1BAF07DCC05C14527BFF6
SRR24541417,2023-05-13 12:48:15,2023-05-13 12:38:56,12284435,3383859372,12284435,275,1048,,https://sra-downloadb.be-md.ncbi.nlm.nih.gov/sos8/sra-pub-zq-820/SRR024/24541/SRR24541417/SRR24541417.lite.1,SRX20325635,UMB18_09.1_metatranscriptome,RNA-Seq,RANDOM,METATRANSCRIPTOMIC,PAIRED,0,0,ILLUMINA,Illumina NovaSeq 6000,SRP117119,PRJNA400628,,400628,SRS9254335,SAMN07583978,simple,408170,human gut metagenome,UMB18_09.1,,,,,,,no,,,,,BROAD INSTITUTE,SRA1637693,,public,7152B797192BC306DE297FE3AAD87169,E45229208BF866FB7CCD5E1D4A768D91
SRR24541415,2023-05-13 12:48:15,2023-05-13 12:34:41,1816305,522048347,1816305,287,161,,https://sra-downloadb.be-md.ncbi.nlm.nih.gov/sos8/sra-pub-zq-820/SRR024/24541/SRR24541415/SRR24541415.lite.1,SRX20325637,UMB18_10_metatranscriptome,RNA-Seq,RANDOM,METATRANSCRIPTOMIC,PAIRED,0,0,ILLUMINA,Illumina NovaSeq 6000,SRP117119,PRJNA400628,,400628,SRS9254337,SAMN07583979,simple,408170,human gut metagenome,UMB18_10,,,,,,,no,,,,,BROAD INSTITUTE,SRA1637693,,public,A2E6F0C1273C35694115288C0E778D56,E63223DC6E2A3255A58236307CAAF80C
SRR24541422,2023-05-13 12:48:15,2023-05-13 12:38:10,12080431,3433180465,12080431,284,1058,,https://sra-downloadb.be-md.ncbi.nlm.nih.gov/sos8/sra-pub-zq-820/SRR024/24541/SRR24541422/SRR24541422.lite.1,SRX20325630,UMB17_05_metatranscriptome,RNA-Seq,RANDOM,METATRANSCRIPTOMIC,PAIRED,0,0,ILLUMINA,Illumina NovaSeq 6000,SRP117119,PRJNA400628,,400628,SRS2500031,SAMN07583957,simple,408170,human gut metagenome,UMB17_05,,,,,,,no,,,,,BROAD INSTITUTE,SRA1637693,,public,F068B1ABB2F0902E9D52FB7EC47C8482,4471CF143C68AFE4E73F20EF901DE751
SRR24541423,2023-05-13 12:48:15,2023-05-13 12:40:21,19116077,5533863779,19116077,289,1703,,https://sra-downloadb.be-md.ncbi.nlm.nih.gov/sos8/sra-pub-zq-820/SRR024/24541/SRR24541423/SRR24541423.lite.1,SRX20325629,UMB16_06_metatranscriptome,RNA-Seq,RANDOM,METATRANSCRIPTOMIC,PAIRED,0,0,ILLUMINA,Illumina NovaSeq 6000,SRP117119,PRJNA400628,,400628,SRS2500067,SAMN07583952,simple,408170,human gut metagenome,UMB16_06,,,,,,,no,,,,,BROAD INSTITUTE,SRA1637693,,public,9D65143B821AE55B16D86104A63EA250,EC154CBD4734B6FB424BD3824C45BD43
SRR24541421,2023-05-13 12:48:15,2023-05-13 12:36:23,5660940,1589838616,5660940,280,487,,https://sra-downloadb.be-md.ncbi.nlm.nih.gov/sos8/sra-pub-zq-820/SRR024/24541/SRR24541421/SRR24541421.lite.1,SRX20325631,UMB17_09_metatranscriptome,RNA-Seq,RANDOM,METATRANSCRIPTOMIC,PAIRED,0,0,ILLUMINA,Illumina NovaSeq 6000,SRP117119,PRJNA400628,,400628,SRS2500074,SAMN07583961,simple,408170,human gut metagenome,UMB17_09,,,,,,,no,,,,,BROAD INSTITUTE,SRA1637693,,public,A7CBB1F93945EC1F65140A07F5622404,9E0E29C52E5877650DEC2C0627B6D678
SRR24541420,2023-05-13 12:48:15,2023-05-13 12:34:49,2029218,563608812,2029218,277,172,,https://sra-downloadb.be-md.ncbi.nlm.nih.gov/sos8/sra-pub-zq-820/SRR024/24541/SRR24541420/SRR24541420.lite.1,SRX20325632,UMB17_10_metatranscriptome,RNA-Seq,RANDOM,METATRANSCRIPTOMIC,PAIRED,0,0,ILLUMINA,Illumina NovaSeq 6000,SRP117119,PRJNA400628,,400628,SRS2500102,SAMN07583962,simple,408170,human gut metagenome,UMB17_10,,,,,,,no,,,,,BROAD INSTITUTE,SRA1637693,,public,25B6207E1E9D3EB3B676478406978BF9,5DE43709A90DDC866F1A95C4E191F4F0
SRR24541424,2023-05-13 13:16:02,2023-05-13 13:13:00,33170664,9540819775,33170664,287,2953,,https://sra-downloadb.be-md.ncbi.nlm.nih.gov/sos8/sra-pub-zq-820/SRR024/24541/SRR24541424/SRR24541424.lite.1,SRX20325628,UMB15_12_metatranscriptome,RNA-Seq,RANDOM,METATRANSCRIPTOMIC,PAIRED,0,0,ILLUMINA,Illumina NovaSeq 6000,SRP117119,PRJNA400628,,400628,SRS9254155,SAMN07583949,simple,408170,human gut metagenome,UMB15_12,,,,,,,no,,,,,BROAD INSTITUTE,SRA1637693,,public,FBDF69FCCAC980322E9D167A6E9E76C7,77EA4C9B2415E309F336D78662A57CFE
SRR24541427,2023-05-13 12:48:15,2023-05-13 12:33:53,4379,1205536,4379,275,0,,https://sra-downloadb.be-md.ncbi.nlm.nih.gov/sos8/sra-pub-zq-820/SRR024/24541/SRR24541427/SRR24541427.lite.1,SRX20325625,UMB01_11_metatranscriptome,RNA-Seq,RANDOM,METATRANSCRIPTOMIC,PAIRED,0,0,ILLUMINA,Illumina NovaSeq 6000,SRP117119,PRJNA400628,,400628,SRS2499917,SAMN07583775,simple,408170,human gut metagenome,UMB01_11,,,,,,,no,,,,,BROAD INSTITUTE,SRA1637693,,public,71F54AEE331DEB5C445332C24B683C41,5C402F4C07018A6A3B256CD46CFCECB1
SRR24541429,2023-05-13 12:48:15,2023-05-13 12:33:52,12849,3545043,12849,275,1,,https://sra-downloadb.be-md.ncbi.nlm.nih.gov/sos8/sra-pub-zq-820/SRR024/24541/SRR24541429/SRR24541429.lite.1,SRX20325623,UMB14_01_metatranscriptome,RNA-Seq,RANDOM,METATRANSCRIPTOMIC,PAIRED,0,0,ILLUMINA,Illumina NovaSeq 6000,SRP117119,PRJNA400628,,400628,SRS2500044,SAMN07583935,simple,408170,human gut metagenome,UMB14_01,,,,,,,no,,,,,BROAD INSTITUTE,SRA1637693,,public,58C2B3284366EA321106FF6F5D37747B,0F5058FBC34D74FBF0ACE369C2469276
SRR24541428,2023-05-13 12:48:15,2023-05-13 12:35:26,5723648,1612646877,5723648,281,499,,https://sra-downloadb.be-md.ncbi.nlm.nih.gov/sos8/sra-pub-zq-820/SRR024/24541/SRR24541428/SRR24541428.lite.1,SRX20325624,UMB15_02_metatranscriptome,RNA-Seq,RANDOM,METATRANSCRIPTOMIC,PAIRED,0,0,ILLUMINA,Illumina NovaSeq 6000,SRP117119,PRJNA400628,,400628,SRS2500066,SAMN07583938,simple,408170,human gut metagenome,UMB15_02,,,,,,,no,,,,,BROAD INSTITUTE,SRA1637693,,public,0B4B0FB3F6CA5183BAAEFB013BC5E175,B272575D2D391D56872E8E4C9091041F
SRR24541426,2023-05-13 12:48:15,2023-05-13 12:38:24,8577065,2381931418,8577065,277,738,,https://sra-downloadb.be-md.ncbi.nlm.nih.gov/sos8/sra-pub-zq-820/SRR024/24541/SRR24541426/SRR24541426.lite.1,SRX20325626,UMB15_06_metatranscriptome,RNA-Seq,RANDOM,METATRANSCRIPTOMIC,PAIRED,0,0,ILLUMINA,Illumina NovaSeq 6000,SRP117119,PRJNA400628,,400628,SRS2500083,SAMN07583943,simple,408170,human gut metagenome,UMB15_06,,,,,,,no,,,,,BROAD INSTITUTE,SRA1637693,,public,31C08AA65C0C51D7AF43C3C2EEC355A3,E5255B238D4845B5DAB45C4EE493235E
SRR24541425,2023-05-13 12:48:15,2023-05-13 12:43:35,28600539,7837954848,28600539,274,2409,,https://sra-downloadb.be-md.ncbi.nlm.nih.gov/sos8/sra-pub-zq-820/SRR024/24541/SRR24541425/SRR24541425.lite.1,SRX20325627,UMB15_09_metatranscriptome,RNA-Seq,RANDOM,METATRANSCRIPTOMIC,PAIRED,0,0,ILLUMINA,Illumina NovaSeq 6000,SRP117119,PRJNA400628,,400628,SRS2500077,SAMN07583946,simple,408170,human gut metagenome,UMB15_09,,,,,,,no,,,,,BROAD INSTITUTE,SRA1637693,,public,CDEB1F833A3D02B0EDB9BF715B01434F,B54313FA7268DB90D5ABDE9E75D2B08F
SRR24541433,2023-05-13 12:48:15,2023-05-13 12:34:22,1255354,345461395,1255354,275,106,,https://sra-downloadb.be-md.ncbi.nlm.nih.gov/sos8/sra-pub-zq-820/SRR024/24541/SRR24541433/SRR24541433.lite.1,SRX20325619,UMB13_06_metatranscriptome,RNA-Seq,RANDOM,METATRANSCRIPTOMIC,PAIRED,0,0,ILLUMINA,Illumina NovaSeq 6000,SRP117119,PRJNA400628,,400628,SRS2500043,SAMN07583927,simple,408170,human gut metagenome,UMB13_06,,,,,,,no,,,,,BROAD INSTITUTE,SRA1637693,,public,0619057B802469EDDF711C478C31C989,03E612E48C4ECD910A71567CE5FBA379
SRR24541434,2023-05-13 12:48:15,2023-05-13 12:38:19,9253081,2542968581,9253081,274,784,,https://sra-downloadb.be-md.ncbi.nlm.nih.gov/sos8/sra-pub-zq-820/SRR024/24541/SRR24541434/SRR24541434.lite.1,SRX20325618,UMB13_00_metatranscriptome,RNA-Seq,RANDOM,METATRANSCRIPTOMIC,PAIRED,0,0,ILLUMINA,Illumina NovaSeq 6000,SRP117119,PRJNA400628,,400628,SRS2500060,SAMN07583921,simple,408170,human gut metagenome,UMB13_00,,,,,,,no,,,,,BROAD INSTITUTE,SRA1637693,,public,5F8A7AAEDF89C769190024B8431FD5A7,4CC6A3D4030F7144B276FAE0F93FA1DC
SRR24541431,2023-05-13 12:48:15,2023-05-13 12:33:46,3008,813218,3008,270,0,,https://sra-downloadb.be-md.ncbi.nlm.nih.gov/sos8/sra-pub-zq-820/SRR024/24541/SRR24541431/SRR24541431.lite.1,SRX20325621,UMB13_09_metatranscriptome,RNA-Seq,RANDOM,METATRANSCRIPTOMIC,PAIRED,0,0,ILLUMINA,Illumina NovaSeq 6000,SRP117119,PRJNA400628,,400628,SRS2500064,SAMN07583930,simple,408170,human gut metagenome,UMB13_09,,,,,,,no,,,,,BROAD INSTITUTE,SRA1637693,,public,719F6E317936671AFC6A03A41C27B810,DA8DA96123588188DE243747EE553B31
SRR24541432,2023-05-13 12:56:53,2023-05-13 12:45:44,21687572,5936856484,21687572,273,1866,,https://sra-downloadb.be-md.ncbi.nlm.nih.gov/sos8/sra-pub-zq-820/SRR024/24541/SRR24541432/SRR24541432.lite.1,SRX20325620,UMB13_08_metatranscriptome,RNA-Seq,RANDOM,METATRANSCRIPTOMIC,PAIRED,0,0,ILLUMINA,Illumina NovaSeq 6000,SRP117119,PRJNA400628,,400628,SRS2500101,SAMN07583929,simple,408170,human gut metagenome,UMB13_08,,,,,,,no,,,,,BROAD INSTITUTE,SRA1637693,,public,781D52D10846A69483E6331B1A9E04DC,2E58F23B6C292EBA235E73E5FB637A2B
SRR24541430,2023-05-13 12:48:15,2023-05-13 12:34:22,841384,232771229,841384,276,71,,https://sra-downloadb.be-md.ncbi.nlm.nih.gov/sos8/sra-pub-zq-820/SRR024/24541/SRR24541430/SRR24541430.lite.1,SRX20325622,UMB13_12_metatranscriptome,RNA-Seq,RANDOM,METATRANSCRIPTOMIC,PAIRED,0,0,ILLUMINA,Illumina NovaSeq 6000,SRP117119,PRJNA400628,,400628,SRS9254154,SAMN07583933,simple,408170,human gut metagenome,UMB13_12,,,,,,,no,,,,,BROAD INSTITUTE,SRA1637693,,public,59015B0F009D8D1707A8A3D4830087BA,54F55FACD29B4C274C3E33ED40B392D3
SRR24541438,2023-05-13 12:48:15,2023-05-13 12:39:03,16714384,4483695660,16714384,268,1390,,https://sra-downloadb.be-md.ncbi.nlm.nih.gov/sos8/sra-pub-zq-820/SRR024/24541/SRR24541438/SRR24541438.lite.1,SRX20325614,UMB01_10_metatranscriptome,RNA-Seq,RANDOM,METATRANSCRIPTOMIC,PAIRED,0,0,ILLUMINA,Illumina NovaSeq 6000,SRP117119,PRJNA400628,,400628,SRS2499913,SAMN07583774,simple,408170,human gut metagenome,UMB01_10,,,,,,,no,,,,,BROAD INSTITUTE,SRA1637693,,public,90F6DFADD578CBC9A26FECBA48204600,AA5125113FB0C0B10A8A73DDA520CB4C
SRR24541437,2023-05-13 12:48:15,2023-05-13 12:34:45,1804777,512566865,1804777,284,157,,https://sra-downloadb.be-md.ncbi.nlm.nih.gov/sos8/sra-pub-zq-820/SRR024/24541/SRR24541437/SRR24541437.lite.1,SRX20325615,UMB12_02_metatranscriptome,RNA-Seq,RANDOM,METATRANSCRIPTOMIC,PAIRED,0,0,ILLUMINA,Illumina NovaSeq 6000,SRP117119,PRJNA400628,,400628,SRS2500055,SAMN07583910,simple,408170,human gut metagenome,UMB12_02,,,,,,,no,,,,,BROAD INSTITUTE,SRA1637693,,public,62FBE67081E5BC735A5CB6529C2DBA84,7A12A71128644CDCFCDB16FA8ED02B6E
SRR24541439,2023-05-13 12:48:15,2023-05-13 12:34:17,672151,187237764,672151,278,58,,https://sra-downloadb.be-md.ncbi.nlm.nih.gov/sos8/sra-pub-zq-820/SRR024/24541/SRR24541439/SRR24541439.lite.1,SRX20325613,UMB12_01.2_metatranscriptome,RNA-Seq,RANDOM,METATRANSCRIPTOMIC,PAIRED,0,0,ILLUMINA,Illumina NovaSeq 6000,SRP117119,PRJNA400628,,400628,SRS2508939,SAMN07583909,simple,408170,human gut metagenome,UMB12_01.2,,,,,,,no,,,,,BROAD INSTITUTE,SRA1637693,,public,ECCE362D2DB3BC65A8BAA71D7F11FA17,9E94373391F852AA22D812D3509ABD6B
SRR24541436,2023-05-13 12:48:15,2023-05-13 12:35:00,2490973,659043089,2490973,264,202,,https://sra-downloadb.be-md.ncbi.nlm.nih.gov/sos8/sra-pub-zq-820/SRR024/24541/SRR24541436/SRR24541436.lite.1,SRX20325616,UMB12_08_metatranscriptome,RNA-Seq,RANDOM,METATRANSCRIPTOMIC,PAIRED,0,0,ILLUMINA,Illumina NovaSeq 6000,SRP117119,PRJNA400628,,400628,SRS2508940,SAMN07583916,simple,408170,human gut metagenome,UMB12_08,,,,,,,no,,,,,BROAD INSTITUTE,SRA1637693,,public,2BC9FD3FE68E8F1550E20764C384F6CB,36C96DCF2B3850B0CB7291C9F1625BF9
SRR24541435,2023-05-13 12:48:15,2023-05-13 12:35:03,2630443,669638952,2630443,254,209,,https://sra-downloadb.be-md.ncbi.nlm.nih.gov/sos8/sra-pub-zq-820/SRR024/24541/SRR24541435/SRR24541435.lite.1,SRX20325617,UMB12_09_metatranscriptome,RNA-Seq,RANDOM,METATRANSCRIPTOMIC,PAIRED,0,0,ILLUMINA,Illumina NovaSeq 6000,SRP117119,PRJNA400628,,400628,SRS9254151,SAMN07583917,simple,408170,human gut metagenome,UMB12_09,,,,,,,no,,,,,BROAD INSTITUTE,SRA1637693,,public,9F1FC858137B94E3B96FA54147D367D9,364F032C0E7316615B250362A783D19B
SRR24541444,2023-05-13 13:11:03,2023-05-13 12:55:42,37557864,10351393638,37557864,275,3196,,https://sra-downloadb.be-md.ncbi.nlm.nih.gov/sos8/sra-pub-zq-820/SRR024/24541/SRR24541444/SRR24541444.lite.1,SRX20325608,UMB11_05_metatranscriptome,RNA-Seq,RANDOM,METATRANSCRIPTOMIC,PAIRED,0,0,ILLUMINA,Illumina NovaSeq 6000,SRP117119,PRJNA400628,,400628,SRS2500040,SAMN07583899,simple,408170,human gut metagenome,UMB11_05,,,,,,,no,,,,,BROAD INSTITUTE,SRA1637693,,public,AE54DAD3E1A6627E78464ACD2664186B,937F69114C08A84C06D5B397002AA37D
SRR24541443,2023-05-13 12:48:15,2023-05-13 12:38:33,21687572,5936856484,21687572,273,1866,,https://sra-downloadb.be-md.ncbi.nlm.nih.gov/sos8/sra-pub-zq-820/SRR024/24541/SRR24541443/SRR24541443.lite.1,SRX20325609,UMB11_06_metatranscriptome,RNA-Seq,RANDOM,METATRANSCRIPTOMIC,PAIRED,0,0,ILLUMINA,Illumina NovaSeq 6000,SRP117119,PRJNA400628,,400628,SRS2500027,SAMN07583900,simple,408170,human gut metagenome,UMB11_06,,,,,,,no,,,,,BROAD INSTITUTE,SRA1637693,,public,781D52D10846A69483E6331B1A9E04DC,2E58F23B6C292EBA235E73E5FB637A2B
SRR24541442,2023-05-13 12:48:15,2023-05-13 12:41:24,13549480,3708592565,13549480,273,1151,,https://sra-downloadb.be-md.ncbi.nlm.nih.gov/sos8/sra-pub-zq-820/SRR024/24541/SRR24541442/SRR24541442.lite.1,SRX20325610,UMB11_07_metatranscriptome,RNA-Seq,RANDOM,METATRANSCRIPTOMIC,PAIRED,0,0,ILLUMINA,Illumina NovaSeq 6000,SRP117119,PRJNA400628,,400628,SRS2500057,SAMN07583901,simple,408170,human gut metagenome,UMB11_07,,,,,,,no,,,,,BROAD INSTITUTE,SRA1637693,,public,7AB56CD2FC1AC951A5820260B6292E4F,EB60A7DBB0CE70C89D3808B74649017B
SRR24541441,2023-05-13 12:48:15,2023-05-13 12:33:50,9406,2583176,9406,274,0,,https://sra-downloadb.be-md.ncbi.nlm.nih.gov/sos8/sra-pub-zq-820/SRR024/24541/SRR24541441/SRR24541441.lite.1,SRX20325611,UMB11_08_metatranscriptome,RNA-Seq,RANDOM,METATRANSCRIPTOMIC,PAIRED,0,0,ILLUMINA,Illumina NovaSeq 6000,SRP117119,PRJNA400628,,400628,SRS2508918,SAMN07583902,simple,408170,human gut metagenome,UMB11_08,,,,,,,no,,,,,BROAD INSTITUTE,SRA1637693,,public,BB9CB8E9AFB326890034AC4C4E7CB244,033DC40ED515791B0B591CEB62FAA342
SRR24541440,2023-05-13 12:48:15,2023-05-13 12:34:12,463580,124546562,463580,268,38,,https://sra-downloadb.be-md.ncbi.nlm.nih.gov/sos8/sra-pub-zq-820/SRR024/24541/SRR24541440/SRR24541440.lite.1,SRX20325612,UMB11_11_metatranscriptome,RNA-Seq,RANDOM,METATRANSCRIPTOMIC,PAIRED,0,0,ILLUMINA,Illumina NovaSeq 6000,SRP117119,PRJNA400628,,400628,SRS2508919,SAMN07583905,simple,408170,human gut metagenome,UMB11_11,,,,,,,no,,,,,BROAD INSTITUTE,SRA1637693,,public,DB7EBE3E3EFB21D49400328B522CA80C,672490E6861E79A22C24EC63AD47397E
SRR24541449,2023-05-13 12:48:15,2023-05-13 12:33:51,6147,1653201,6147,268,0,,https://sra-downloadb.be-md.ncbi.nlm.nih.gov/sos8/sra-pub-zq-820/SRR024/24541/SRR24541449/SRR24541449.lite.1,SRX20325603,UMB01_09_metatranscriptome,RNA-Seq,RANDOM,METATRANSCRIPTOMIC,PAIRED,0,0,ILLUMINA,Illumina NovaSeq 6000,SRP117119,PRJNA400628,,400628,SRS2499914,SAMN07583773,simple,408170,human gut metagenome,UMB01_09,,,,,,,no,,,,,BROAD INSTITUTE,SRA1637693,,public,2911769707471A4070BFB4061CE87EFC,BFB0B6CDA6E67082C64344E2A5B7DDCB
SRR24541445,2023-05-13 12:48:15,2023-05-13 12:41:42,15827280,4311294839,15827280,272,1342,,https://sra-downloadb.be-md.ncbi.nlm.nih.gov/sos8/sra-pub-zq-820/SRR024/24541/SRR24541445/SRR24541445.lite.1,SRX20325607,UMB11_03.1_metatranscriptome,RNA-Seq,RANDOM,METATRANSCRIPTOMIC,PAIRED,0,0,ILLUMINA,Illumina NovaSeq 6000,SRP117119,PRJNA400628,,400628,SRS2500023,SAMN07583896,simple,408170,human gut metagenome,UMB11_03.1,,,,,,,no,,,,,BROAD INSTITUTE,SRA1637693,,public,8AF5F77DBEB347A84213134F9B2DA754,66882909725BFF780C06136DEAB1D165
SRR24541446,2023-05-13 12:48:15,2023-05-13 12:43:02,18086523,5025659029,18086523,277,1540,,https://sra-downloadb.be-md.ncbi.nlm.nih.gov/sos8/sra-pub-zq-820/SRR024/24541/SRR24541446/SRR24541446.lite.1,SRX20325606,UMB11_03_metatranscriptome,RNA-Seq,RANDOM,METATRANSCRIPTOMIC,PAIRED,0,0,ILLUMINA,Illumina NovaSeq 6000,SRP117119,PRJNA400628,,400628,SRS2500025,SAMN07583895,simple,408170,human gut metagenome,UMB11_03,,,,,,,no,,,,,BROAD INSTITUTE,SRA1637693,,public,8C9B517AC2BE8E9169163156789636CB,8F959EF3ADCA090AFD9E17F7D5E52F18
SRR24541448,2023-05-13 12:48:15,2023-05-13 12:34:29,1092231,312190954,1092231,285,96,,https://sra-downloadb.be-md.ncbi.nlm.nih.gov/sos8/sra-pub-zq-820/SRR024/24541/SRR24541448/SRR24541448.lite.1,SRX20325604,UMB11_01_metatranscriptome,RNA-Seq,RANDOM,METATRANSCRIPTOMIC,PAIRED,0,0,ILLUMINA,Illumina NovaSeq 6000,SRP117119,PRJNA400628,,400628,SRS2500075,SAMN07583893,simple,408170,human gut metagenome,UMB11_01,,,,,,,no,,,,,BROAD INSTITUTE,SRA1637693,,public,C0CAA6994ECD8E1DF9D3A894AEF4AB66,781C0F49724B6FB382F6E113CA0F7A56
SRR24541447,2023-05-13 12:48:15,2023-05-13 12:42:58,20630319,5742339203,20630319,278,1762,,https://sra-downloadb.be-md.ncbi.nlm.nih.gov/sos8/sra-pub-zq-820/SRR024/24541/SRR24541447/SRR24541447.lite.1,SRX20325605,UMB11_02_metatranscriptome,RNA-Seq,RANDOM,METATRANSCRIPTOMIC,PAIRED,0,0,ILLUMINA,Illumina NovaSeq 6000,SRP117119,PRJNA400628,,400628,SRS2500091,SAMN07583894,simple,408170,human gut metagenome,UMB11_02,,,,,,,no,,,,,BROAD INSTITUTE,SRA1637693,,public,49018EE4F0FFCEF5E7A46E7687EBAE8D,6C76FB5199F6C0172F442881EDC79F90
SRR24541453,2023-05-13 12:48:15,2023-05-13 12:33:56,19729,5377266,19729,272,1,,https://sra-downloadb.be-md.ncbi.nlm.nih.gov/sos8/sra-pub-zq-820/SRR024/24541/SRR24541453/SRR24541453.lite.1,SRX20325599,UMB10_07_metatranscriptome,RNA-Seq,RANDOM,METATRANSCRIPTOMIC,PAIRED,0,0,ILLUMINA,Illumina NovaSeq 6000,SRP117119,PRJNA400628,,400628,SRS2500053,SAMN07583887,simple,408170,human gut metagenome,UMB10_07,,,,,,,no,,,,,BROAD INSTITUTE,SRA1637693,,public,6FD2A905F625E1C5566531B445A82BC2,EDB5FD8F71F204871A45F4762B49E78E
SRR24541452,2023-05-13 12:48:15,2023-05-13 12:36:44,6536134,1772830376,6536134,271,545,,https://sra-downloadb.be-md.ncbi.nlm.nih.gov/sos8/sra-pub-zq-820/SRR024/24541/SRR24541452/SRR24541452.lite.1,SRX20325600,UMB10_08_metatranscriptome,RNA-Seq,RANDOM,METATRANSCRIPTOMIC,PAIRED,0,0,ILLUMINA,Illumina NovaSeq 6000,SRP117119,PRJNA400628,,400628,SRS2500078,SAMN07583888,simple,408170,human gut metagenome,UMB10_08,,,,,,,no,,,,,BROAD INSTITUTE,SRA1637693,,public,67832295F010518E68953FA062B6A8AC,53950365FAB50D01C859D06D037627D1
SRR24541451,2023-05-13 12:48:15,2023-05-13 12:36:14,5302693,1496274582,5302693,282,471,,https://sra-downloadb.be-md.ncbi.nlm.nih.gov/sos8/sra-pub-zq-820/SRR024/24541/SRR24541451/SRR24541451.lite.1,SRX20325601,UMB10_10_metatranscriptome,RNA-Seq,RANDOM,METATRANSCRIPTOMIC,PAIRED,0,0,ILLUMINA,Illumina NovaSeq 6000,SRP117119,PRJNA400628,,400628,SRS2500026,SAMN07583890,simple,408170,human gut metagenome,UMB10_10,,,,,,,no,,,,,BROAD INSTITUTE,SRA1637693,,public,714112F1CF866DC681D4E7DD26603880,D30CD6AF9F1BEA9D5E4EE4DEB3A98058
SRR24541450,2023-05-13 12:48:15,2023-05-13 12:36:42,7934753,2237331057,7934753,281,685,,https://sra-downloadb.be-md.ncbi.nlm.nih.gov/sos8/sra-pub-zq-820/SRR024/24541/SRR24541450/SRR24541450.lite.1,SRX20325602,UMB10_12_metatranscriptome,RNA-Seq,RANDOM,METATRANSCRIPTOMIC,PAIRED,0,0,ILLUMINA,Illumina NovaSeq 6000,SRP117119,PRJNA400628,,400628,SRS9254331,SAMN07583892,simple,408170,human gut metagenome,UMB10_12,,,,,,,no,,,,,BROAD INSTITUTE,SRA1637693,,public,15193A741E88B0227F9A7551665A39A6,4866D88CD23E3CDC5114EE2479FBFCCA
SRR24541525,2023-05-13 12:48:15,2023-05-13 12:36:20,7034817,1966241761,7034817,279,611,,https://sra-downloadb.be-md.ncbi.nlm.nih.gov/sos8/sra-pub-zq-820/SRR024/24541/SRR24541525/SRR24541525.lite.1,SRX20325598,UMB31_01_metatranscriptome,RNA-Seq,RANDOM,METATRANSCRIPTOMIC,PAIRED,0,0,ILLUMINA,Illumina NovaSeq 6000,SRP117119,PRJNA400628,,400628,SRS2500670,SAMN07584130,simple,408170,human gut metagenome,UMB31_01,,,,,,,no,,,,,BROAD INSTITUTE,SRA1637693,,public,8F5A2E754AED6EED8F6CC7883D32C377,3616AEE8BBC716C4DB85CDD57EAD9FAE
SRR24541458,2023-05-13 12:48:15,2023-05-13 12:33:49,5949,1612253,5949,271,0,,https://sra-downloadb.be-md.ncbi.nlm.nih.gov/sos8/sra-pub-zq-820/SRR024/24541/SRR24541458/SRR24541458.lite.1,SRX20325594,UMB29_04_metatranscriptome,RNA-Seq,RANDOM,METATRANSCRIPTOMIC,PAIRED,0,0,ILLUMINA,Illumina NovaSeq 6000,SRP117119,PRJNA400628,,400628,SRS2500663,SAMN07584119,simple,408170,human gut metagenome,UMB29_04,,,,,,,no,,,,,BROAD INSTITUTE,SRA1637693,,public,970382D45929A1E39759C52F6F7BB83F,515939ABE060C182D8C4B8BC4D0F6327
SRR24541457,2023-05-13 12:48:15,2023-05-13 12:35:22,3077767,860109179,3077767,279,266,,https://sra-downloadb.be-md.ncbi.nlm.nih.gov/sos8/sra-pub-zq-820/SRR024/24541/SRR24541457/SRR24541457.lite.1,SRX20325595,UMB29_05_metatranscriptome,RNA-Seq,RANDOM,METATRANSCRIPTOMIC,PAIRED,0,0,ILLUMINA,Illumina NovaSeq 6000,SRP117119,PRJNA400628,,400628,SRS2500664,SAMN07584120,simple,408170,human gut metagenome,UMB29_05,,,,,,,no,,,,,BROAD INSTITUTE,SRA1637693,,public,06F471EA7940501DAF4D6F31FF8876C3,6CE92E80EC1B1144ABAA659429E59651
SRR24541455,2023-05-13 12:48:15,2023-05-13 12:39:06,12302205,3449648096,12302205,280,1066,,https://sra-downloadb.be-md.ncbi.nlm.nih.gov/sos8/sra-pub-zq-820/SRR024/24541/SRR24541455/SRR24541455.lite.1,SRX20325597,UMB31_00_metatranscriptome,RNA-Seq,RANDOM,METATRANSCRIPTOMIC,PAIRED,0,0,ILLUMINA,Illumina NovaSeq 6000,SRP117119,PRJNA400628,,400628,SRS2500668,SAMN07584129,simple,408170,human gut metagenome,UMB31_00,,,,,,,no,,,,,BROAD INSTITUTE,SRA1637693,,public,EB5C323FA01D7CC2D8EAADAF215BE793,F41918377F23D75E82F303637D903B8F
SRR24541459,2023-05-13 12:48:15,2023-05-13 12:35:29,3916047,1072585641,3916047,273,331,,https://sra-downloadb.be-md.ncbi.nlm.nih.gov/sos8/sra-pub-zq-820/SRR024/24541/SRR24541459/SRR24541459.lite.1,SRX20325593,UMB29_03_metatranscriptome,RNA-Seq,RANDOM,METATRANSCRIPTOMIC,PAIRED,0,0,ILLUMINA,Illumina NovaSeq 6000,SRP117119,PRJNA400628,,400628,SRS9254203,SAMN07584118,simple,408170,human gut metagenome,UMB29_03,,,,,,,no,,,,,BROAD INSTITUTE,SRA1637693,,public,3B2C9EB7F2F214749ADBEAAA9922D532,C764DB9BC8085239A021AF70C55D9A54
SRR24541456,2023-05-13 12:48:15,2023-05-13 12:36:50,14485187,4070030644,14485187,280,1255,,https://sra-downloadb.be-md.ncbi.nlm.nih.gov/sos8/sra-pub-zq-820/SRR024/24541/SRR24541456/SRR24541456.lite.1,SRX20325596,UMB29_07_metatranscriptome,RNA-Seq,RANDOM,METATRANSCRIPTOMIC,PAIRED,0,0,ILLUMINA,Illumina NovaSeq 6000,SRP117119,PRJNA400628,,400628,SRS9254204,SAMN07584122,simple,408170,human gut metagenome,UMB29_07,,,,,,,no,,,,,BROAD INSTITUTE,SRA1637693,,public,CA4D3F671B42E912717F65F86C5D115F,397E784FD8A2C8EBFFA07D898C63FC27
SRR24541461,2023-05-13 12:56:53,2023-05-13 12:52:51,29733463,8133583251,29733463,273,2487,,https://sra-downloadb.be-md.ncbi.nlm.nih.gov/sos8/sra-pub-zq-820/SRR024/24541/SRR24541461/SRR24541461.lite.1,SRX20325591,UMB03_01_metatranscriptome,RNA-Seq,RANDOM,METATRANSCRIPTOMIC,PAIRED,0,0,ILLUMINA,Illumina NovaSeq 6000,SRP117119,PRJNA400628,,400628,SRS2499942,SAMN07583791,simple,408170,human gut metagenome,UMB03_01,,,,,,,no,,,,,BROAD INSTITUTE,SRA1637693,,public,F777FE651CC541370D5967FEE13A0519,541884FCA8C8A231F7B8AF98BE9B244C
SRR24541464,2023-05-13 13:11:03,2023-05-13 12:56:13,36238856,9882591973,36238856,272,3111,,https://sra-downloadb.be-md.ncbi.nlm.nih.gov/sos8/sra-pub-zq-820/SRR024/24541/SRR24541464/SRR24541464.lite.1,SRX20325588,UMB28_06_metatranscriptome,RNA-Seq,RANDOM,METATRANSCRIPTOMIC,PAIRED,0,0,ILLUMINA,Illumina NovaSeq 6000,SRP117119,PRJNA400628,,400628,SRS2500658,SAMN07584111,simple,408170,human gut metagenome,UMB28_06,,,,,,,no,,,,,BROAD INSTITUTE,SRA1637693,,public,E25869C21257FAD480AE3FC52A2D476C,1BE91ECB13EE2C03782AD6C0752B966A
SRR24541460,2023-05-13 12:48:15,2023-05-13 12:35:28,3855378,1085773611,3855378,281,334,,https://sra-downloadb.be-md.ncbi.nlm.nih.gov/sos8/sra-pub-zq-820/SRR024/24541/SRR24541460/SRR24541460.lite.1,SRX20325592,UMB29_02_metatranscriptome,RNA-Seq,RANDOM,METATRANSCRIPTOMIC,PAIRED,0,0,ILLUMINA,Illumina NovaSeq 6000,SRP117119,PRJNA400628,,400628,SRS2500660,SAMN07584117,simple,408170,human gut metagenome,UMB29_02,,,,,,,no,,,,,BROAD INSTITUTE,SRA1637693,,public,A7601886ECEA3ADE60A37E707E0E1868,C0E8CCA84FF5B3D9699F5203D71DE178
SRR24541462,2023-05-13 12:48:15,2023-05-13 12:37:06,9052714,2470872966,9052714,272,756,,https://sra-downloadb.be-md.ncbi.nlm.nih.gov/sos8/sra-pub-zq-820/SRR024/24541/SRR24541462/SRR24541462.lite.1,SRX20325590,UMB29_00_metatranscriptome,RNA-Seq,RANDOM,METATRANSCRIPTOMIC,PAIRED,0,0,ILLUMINA,Illumina NovaSeq 6000,SRP117119,PRJNA400628,,400628,SRS2500661,SAMN07584115,simple,408170,human gut metagenome,UMB29_00,,,,,,,no,,,,,BROAD INSTITUTE,SRA1637693,,public,544F12C5CECA6EE7122A4CFC71315FC8,6806DC2F9402F7B9A082554707102C65
SRR24541463,2023-05-13 13:11:03,2023-05-13 12:53:43,30790299,8352143047,30790299,271,2583,,https://sra-downloadb.be-md.ncbi.nlm.nih.gov/sos8/sra-pub-zq-820/SRR024/24541/SRR24541463/SRR24541463.lite.1,SRX20325589,UMB28_07_metatranscriptome,RNA-Seq,RANDOM,METATRANSCRIPTOMIC,PAIRED,0,0,ILLUMINA,Illumina NovaSeq 6000,SRP117119,PRJNA400628,,400628,SRS9254200,SAMN07584112,simple,408170,human gut metagenome,UMB28_07,,,,,,,no,,,,,BROAD INSTITUTE,SRA1637693,,public,E86EED4021BE54C3F0E1D892824CC298,0B3F44E85043B272361EFBF8713ADE09
SRR24541469,2023-05-13 12:56:53,2023-05-13 12:45:44,30150294,8367330174,30150294,277,2566,,https://sra-downloadb.be-md.ncbi.nlm.nih.gov/sos8/sra-pub-zq-820/SRR024/24541/SRR24541469/SRR24541469.lite.1,SRX20325583,UMB27_07_metatranscriptome,RNA-Seq,RANDOM,METATRANSCRIPTOMIC,PAIRED,0,0,ILLUMINA,Illumina NovaSeq 6000,SRP117119,PRJNA400628,,400628,SRS9254193,SAMN07584100,simple,408170,human gut metagenome,UMB27_07,,,,,,,no,,,,,BROAD INSTITUTE,SRA1637693,,public,9A8CEB837B6F528B856CC2A1AE778563,F79A7221F723931F46F614EA571D0805
SRR24541468,2023-05-13 12:48:15,2023-05-13 12:34:22,942227,259427788,942227,275,79,,https://sra-downloadb.be-md.ncbi.nlm.nih.gov/sos8/sra-pub-zq-820/SRR024/24541/SRR24541468/SRR24541468.lite.1,SRX20325584,UMB28_01_metatranscriptome,RNA-Seq,RANDOM,METATRANSCRIPTOMIC,PAIRED,0,0,ILLUMINA,Illumina NovaSeq 6000,SRP117119,PRJNA400628,,400628,SRS2500653,SAMN07584106,simple,408170,human gut metagenome,UMB28_01,,,,,,,no,,,,,BROAD INSTITUTE,SRA1637693,,public,9E5A59ED873B0B39DD052CEA14A2C500,D50ABF7F31CAE8D09013DDAEE08467AC
SRR24541467,2023-05-13 12:48:15,2023-05-13 12:41:45,15394375,4156750026,15394375,270,1278,,https://sra-downloadb.be-md.ncbi.nlm.nih.gov/sos8/sra-pub-zq-820/SRR024/24541/SRR24541467/SRR24541467.lite.1,SRX20325585,UMB28_03_metatranscriptome,RNA-Seq,RANDOM,METATRANSCRIPTOMIC,PAIRED,0,0,ILLUMINA,Illumina NovaSeq 6000,SRP117119,PRJNA400628,,400628,SRS2500649,SAMN07584108,simple,408170,human gut metagenome,UMB28_03,,,,,,,no,,,,,BROAD INSTITUTE,SRA1637693,,public,281DD3E8ED8EFD8121AC752E06661292,DA5B48BC99EFE1C3A4FEBAD54F171B30
SRR24541466,2023-05-13 12:48:15,2023-05-13 12:34:22,961634,278799776,961634,289,85,,https://sra-downloadb.be-md.ncbi.nlm.nih.gov/sos8/sra-pub-zq-820/SRR024/24541/SRR24541466/SRR24541466.lite.1,SRX20325586,UMB28_04_metatranscriptome,RNA-Seq,RANDOM,METATRANSCRIPTOMIC,PAIRED,0,0,ILLUMINA,Illumina NovaSeq 6000,SRP117119,PRJNA400628,,400628,SRS2500647,SAMN07584109,simple,408170,human gut metagenome,UMB28_04,,,,,,,no,,,,,BROAD INSTITUTE,SRA1637693,,public,F9AC0FB353BEEC36580CD79DC1E16821,75DD13F9366CD9D4E9D5F0CA6AD0AE3F
SRR24541465,2023-05-13 12:48:15,2023-05-13 12:34:26,672151,187237764,672151,278,58,,https://sra-downloadb.be-md.ncbi.nlm.nih.gov/sos8/sra-pub-zq-820/SRR024/24541/SRR24541465/SRR24541465.lite.1,SRX20325587,UMB28_05_metatranscriptome,RNA-Seq,RANDOM,METATRANSCRIPTOMIC,PAIRED,0,0,ILLUMINA,Illumina NovaSeq 6000,SRP117119,PRJNA400628,,400628,SRS2500650,SAMN07584110,simple,408170,human gut metagenome,UMB28_05,,,,,,,no,,,,,BROAD INSTITUTE,SRA1637693,,public,ECCE362D2DB3BC65A8BAA71D7F11FA17,9E94373391F852AA22D812D3509ABD6B
SRR24541472,2023-05-13 12:56:53,2023-05-13 12:52:54,35645483,9860899310,35645483,276,3068,,https://sra-downloadb.be-md.ncbi.nlm.nih.gov/sos8/sra-pub-zq-820/SRR024/24541/SRR24541472/SRR24541472.lite.1,SRX20325580,UMB03_00_metatranscriptome,RNA-Seq,RANDOM,METATRANSCRIPTOMIC,PAIRED,0,0,ILLUMINA,Illumina NovaSeq 6000,SRP117119,PRJNA400628,,400628,SRS2499936,SAMN07583790,simple,408170,human gut metagenome,UMB03_00,,,,,,,no,,,,,BROAD INSTITUTE,SRA1637693,,public,A083DEB2728E766429881BB8A33E3875,D82A38E5ECCBF618B31C41FE9D0C3C98
SRR24541474,2023-05-13 12:48:15,2023-05-13 12:34:46,2630443,669638952,2630443,254,209,,https://sra-downloadb.be-md.ncbi.nlm.nih.gov/sos8/sra-pub-zq-820/SRR024/24541/SRR24541474/SRR24541474.lite.1,SRX20325578,UMB26_05_metatranscriptome,RNA-Seq,RANDOM,METATRANSCRIPTOMIC,PAIRED,0,0,ILLUMINA,Illumina NovaSeq 6000,SRP117119,PRJNA400628,,400628,SRS2500127,SAMN07584087,simple,408170,human gut metagenome,UMB26_05,,,,,,,no,,,,,BROAD INSTITUTE,SRA1637693,,public,9F1FC858137B94E3B96FA54147D367D9,364F032C0E7316615B250362A783D19B
SRR24541473,2023-05-13 13:11:03,2023-05-13 12:53:26,47487589,13655169391,47487589,287,4160,,https://sra-downloadb.be-md.ncbi.nlm.nih.gov/sos8/sra-pub-zq-820/SRR024/24541/SRR24541473/SRR24541473.lite.1,SRX20325579,UMB27_00_metatranscriptome,RNA-Seq,RANDOM,METATRANSCRIPTOMIC,PAIRED,0,0,ILLUMINA,Illumina NovaSeq 6000,SRP117119,PRJNA400628,,400628,SRS2500131,SAMN07584094,simple,408170,human gut metagenome,UMB27_00,,,,,,,no,,,,,BROAD INSTITUTE,SRA1637693,,public,C9E9758753CF3A5C52F26E4B34EE7CC4,8A5AC4FD7FF4050AF51AE02AE9921BDA
SRR24541471,2023-05-13 12:56:53,2023-05-13 12:50:49,30968816,8432890944,30968816,272,2579,,https://sra-downloadb.be-md.ncbi.nlm.nih.gov/sos8/sra-pub-zq-820/SRR024/24541/SRR24541471/SRR24541471.lite.1,SRX20325581,UMB27_01_metatranscriptome,RNA-Seq,RANDOM,METATRANSCRIPTOMIC,PAIRED,0,0,ILLUMINA,Illumina NovaSeq 6000,SRP117119,PRJNA400628,,400628,SRS2500652,SAMN07584095,simple,408170,human gut metagenome,UMB27_01,,,,,,,no,,,,,BROAD INSTITUTE,SRA1637693,,public,6652791B80E3AF87EBFD4E7E2F92B50C,A7ED7CDE2D1D98B5605C2B6B9D098D64
SRR24541470,2023-05-13 13:11:03,2023-05-13 12:53:17,34048480,9400229462,34048480,276,2912,,https://sra-downloadb.be-md.ncbi.nlm.nih.gov/sos8/sra-pub-zq-820/SRR024/24541/SRR24541470/SRR24541470.lite.1,SRX20325582,UMB27_05_metatranscriptome,RNA-Seq,RANDOM,METATRANSCRIPTOMIC,PAIRED,0,0,ILLUMINA,Illumina NovaSeq 6000,SRP117119,PRJNA400628,,400628,SRS2500654,SAMN07584098,simple,408170,human gut metagenome,UMB27_05,,,,,,,no,,,,,BROAD INSTITUTE,SRA1637693,,public,0ED8DCADF209C165B92016DF0E2833D6,380C4F3E0E4D383C0AE8575491A3EEBA
SRR24541476,2023-05-13 12:48:15,2023-05-13 12:39:37,13276081,3799024001,13276081,286,1178,,https://sra-downloadb.be-md.ncbi.nlm.nih.gov/sos8/sra-pub-zq-820/SRR024/24541/SRR24541476/SRR24541476.lite.1,SRX20325576,UMB26_03_metatranscriptome,RNA-Seq,RANDOM,METATRANSCRIPTOMIC,PAIRED,0,0,ILLUMINA,Illumina NovaSeq 6000,SRP117119,PRJNA400628,,400628,SRS2500122,SAMN07584085,simple,408170,human gut metagenome,UMB26_03,,,,,,,no,,,,,BROAD INSTITUTE,SRA1637693,,public,AC3E99D07C331EC35702D037F28FB7C0,31DF6C6042D8BE1B7A6AEA5932A559ED
SRR24541478,2023-05-13 12:56:53,2023-05-13 12:48:20,21595438,6137397538,21595438,284,1910,,https://sra-downloadb.be-md.ncbi.nlm.nih.gov/sos8/sra-pub-zq-820/SRR024/24541/SRR24541478/SRR24541478.lite.1,SRX20325574,UMB26_01_metatranscriptome,RNA-Seq,RANDOM,METATRANSCRIPTOMIC,PAIRED,0,0,ILLUMINA,Illumina NovaSeq 6000,SRP117119,PRJNA400628,,400628,SRS2500164,SAMN07584083,simple,408170,human gut metagenome,UMB26_01,,,,,,,no,,,,,BROAD INSTITUTE,SRA1637693,,public,658387DC8A789EBCA6C87E67F69BBCEE,2B66EF978C3E3AB9F890A5B0F29E101D
SRR24541477,2023-05-13 12:48:15,2023-05-13 12:33:51,12849,3545043,12849,275,1,,https://sra-downloadb.be-md.ncbi.nlm.nih.gov/sos8/sra-pub-zq-820/SRR024/24541/SRR24541477/SRR24541477.lite.1,SRX20325575,UMB26_02_metatranscriptome,RNA-Seq,RANDOM,METATRANSCRIPTOMIC,PAIRED,0,0,ILLUMINA,Illumina NovaSeq 6000,SRP117119,PRJNA400628,,400628,SRS2500168,SAMN07584084,simple,408170,human gut metagenome,UMB26_02,,,,,,,no,,,,,BROAD INSTITUTE,SRA1637693,,public,58C2B3284366EA321106FF6F5D37747B,0F5058FBC34D74FBF0ACE369C2469276
SRR24541475,2023-05-13 12:48:15,2023-05-13 12:38:15,16669752,4559942661,16669752,273,1420,,https://sra-downloadb.be-md.ncbi.nlm.nih.gov/sos8/sra-pub-zq-820/SRR024/24541/SRR24541475/SRR24541475.lite.1,SRX20325577,UMB26_04_metatranscriptome,RNA-Seq,RANDOM,METATRANSCRIPTOMIC,PAIRED,0,0,ILLUMINA,Illumina NovaSeq 6000,SRP117119,PRJNA400628,,400628,SRS2500169,SAMN07584086,simple,408170,human gut metagenome,UMB26_04,,,,,,,no,,,,,BROAD INSTITUTE,SRA1637693,,public,5A632B56D8AF7E9A006B5ADC6C333F4E,25C5656B3C3AB04758462C3E33088815
SRR24541479,2023-05-13 13:11:03,2023-05-13 12:54:50,33819444,9392165186,33819444,277,2884,,https://sra-downloadb.be-md.ncbi.nlm.nih.gov/sos8/sra-pub-zq-820/SRR024/24541/SRR24541479/SRR24541479.lite.1,SRX20325573,UMB25_07_metatranscriptome,RNA-Seq,RANDOM,METATRANSCRIPTOMIC,PAIRED,0,0,ILLUMINA,Illumina NovaSeq 6000,SRP117119,PRJNA400628,,400628,SRS9254182,SAMN07584078,simple,408170,human gut metagenome,UMB25_07,,,,,,,no,,,,,BROAD INSTITUTE,SRA1637693,,public,CB14EE322A85BDE6131655E767D6F979,9320B4DBFACEA1A3993C61AE9E9C9A7B
SRR24541485,2023-05-13 12:48:15,2023-05-13 12:36:18,5716169,1605879251,5716169,280,497,,https://sra-downloadb.be-md.ncbi.nlm.nih.gov/sos8/sra-pub-zq-820/SRR024/24541/SRR24541485/SRR24541485.lite.1,SRX20325568,UMB24_09_metatranscriptome,RNA-Seq,RANDOM,METATRANSCRIPTOMIC,PAIRED,0,0,ILLUMINA,Illumina NovaSeq 6000,SRP117119,PRJNA400628,,400628,SRS9254176,SAMN07584065,simple,408170,human gut metagenome,UMB24_09,,,,,,,no,,,,,BROAD INSTITUTE,SRA1637693,,public,2420FC461AF6A7D72C3715C6242B992A,86F6A9B6B61BB19A1A637CB0685D2F02
SRR24541484,2023-05-13 12:48:15,2023-05-13 12:44:17,15191832,4378953272,15191832,288,1367,,https://sra-downloadb.be-md.ncbi.nlm.nih.gov/sos8/sra-pub-zq-820/SRR024/24541/SRR24541484/SRR24541484.lite.1,SRX20325569,UMB24_09.1_metatranscriptome,RNA-Seq,RANDOM,METATRANSCRIPTOMIC,PAIRED,0,0,ILLUMINA,Illumina NovaSeq 6000,SRP117119,PRJNA400628,,400628,SRS9254177,SAMN07584066,simple,408170,human gut metagenome,UMB24_09.1,,,,,,,no,,,,,BROAD INSTITUTE,SRA1637693,,public,DC8C99C295C8E1D9A553F12E0E85FA8D,86C6C371612015E1F246BEF310FD6FBD
SRR24541482,2023-05-13 12:48:15,2023-05-13 12:37:18,7569375,2108750819,7569375,278,649,,https://sra-downloadb.be-md.ncbi.nlm.nih.gov/sos8/sra-pub-zq-820/SRR024/24541/SRR24541482/SRR24541482.lite.1,SRX20325570,UMB24_09.2_metatranscriptome,RNA-Seq,RANDOM,METATRANSCRIPTOMIC,PAIRED,0,0,ILLUMINA,Illumina NovaSeq 6000,SRP117119,PRJNA400628,,400628,SRS9254178,SAMN07584067,simple,408170,human gut metagenome,UMB24_09.2,,,,,,,no,,,,,BROAD INSTITUTE,SRA1637693,,public,1016F3DD7BB893FF9A2027D88B622CC9,5ECC9AC7AE837A73B40270EE683834F7
SRR24541481,2023-05-13 12:48:15,2023-05-13 12:34:35,1275932,359037421,1275932,281,110,,https://sra-downloadb.be-md.ncbi.nlm.nih.gov/sos8/sra-pub-zq-820/SRR024/24541/SRR24541481/SRR24541481.lite.1,SRX20325571,UMB25_05_metatranscriptome,RNA-Seq,RANDOM,METATRANSCRIPTOMIC,PAIRED,0,0,ILLUMINA,Illumina NovaSeq 6000,SRP117119,PRJNA400628,,400628,SRS2500160,SAMN07584076,simple,408170,human gut metagenome,UMB25_05,,,,,,,no,,,,,BROAD INSTITUTE,SRA1637693,,public,CD3CE5D015CAE9964ADC6A75163C51C7,6465B941CC9F5CFD00A4F4D5F7E08A16
SRR24541480,2023-05-13 12:48:15,2023-05-13 12:34:46,1701414,473259010,1701414,278,144,,https://sra-downloadb.be-md.ncbi.nlm.nih.gov/sos8/sra-pub-zq-820/SRR024/24541/SRR24541480/SRR24541480.lite.1,SRX20325572,UMB25_06_metatranscriptome,RNA-Seq,RANDOM,METATRANSCRIPTOMIC,PAIRED,0,0,ILLUMINA,Illumina NovaSeq 6000,SRP117119,PRJNA400628,,400628,SRS2500156,SAMN07584077,simple,408170,human gut metagenome,UMB25_06,,,,,,,no,,,,,BROAD INSTITUTE,SRA1637693,,public,07EBF370ECF2F30D22CDF2AA2EB860FC,EC7B6626307C27CC84EF391D378EC0EE
SRR24541488,2023-05-13 12:48:15,2023-05-13 12:34:15,619671,176057044,619671,284,54,,https://sra-downloadb.be-md.ncbi.nlm.nih.gov/sos8/sra-pub-zq-820/SRR024/24541/SRR24541488/SRR24541488.lite.1,SRX20325565,UMB24_03_metatranscriptome,RNA-Seq,RANDOM,METATRANSCRIPTOMIC,PAIRED,0,0,ILLUMINA,Illumina NovaSeq 6000,SRP117119,PRJNA400628,,400628,SRS2500108,SAMN07584059,simple,408170,human gut metagenome,UMB24_03,,,,,,,no,,,,,BROAD INSTITUTE,SRA1637693,,public,B1EB74388F42AAA1E75CB77E826FE7CE,BD692C4EAC62402B3CFAAEBBD2D2972C
SRR24541489,2023-05-13 12:48:15,2023-05-13 12:40:13,17968965,5029017688,17968965,279,1559,,https://sra-downloadb.be-md.ncbi.nlm.nih.gov/sos8/sra-pub-zq-820/SRR024/24541/SRR24541489/SRR24541489.lite.1,SRX20325564,UMB24_02_metatranscriptome,RNA-Seq,RANDOM,METATRANSCRIPTOMIC,PAIRED,0,0,ILLUMINA,Illumina NovaSeq 6000,SRP117119,PRJNA400628,,400628,SRS2500118,SAMN07584058,simple,408170,human gut metagenome,UMB24_02,,,,,,,no,,,,,BROAD INSTITUTE,SRA1637693,,public,B98CAE183F44994B1E493031A7EE3CAE,EB5BC393DA82D3D02B73779CEAA7638B
SRR24541486,2023-05-13 12:48:15,2023-05-13 12:34:32,904607,245917351,904607,271,75,,https://sra-downloadb.be-md.ncbi.nlm.nih.gov/sos8/sra-pub-zq-820/SRR024/24541/SRR24541486/SRR24541486.lite.1,SRX20325567,UMB24_07_metatranscriptome,RNA-Seq,RANDOM,METATRANSCRIPTOMIC,PAIRED,0,0,ILLUMINA,Illumina NovaSeq 6000,SRP117119,PRJNA400628,,400628,SRS2500126,SAMN07584063,simple,408170,human gut metagenome,UMB24_07,,,,,,,no,,,,,BROAD INSTITUTE,SRA1637693,,public,77C896B602ED99A5395EF486E6CEF7DF,B7B750128CB5791044BE75DA44BA90FC
SRR24541487,2023-05-13 12:48:15,2023-05-13 12:34:35,1750745,472037057,1750745,269,144,,https://sra-downloadb.be-md.ncbi.nlm.nih.gov/sos8/sra-pub-zq-820/SRR024/24541/SRR24541487/SRR24541487.lite.1,SRX20325566,UMB24_06_metatranscriptome,RNA-Seq,RANDOM,METATRANSCRIPTOMIC,PAIRED,0,0,ILLUMINA,Illumina NovaSeq 6000,SRP117119,PRJNA400628,,400628,SRS2500145,SAMN07584062,simple,408170,human gut metagenome,UMB24_06,,,,,,,no,,,,,BROAD INSTITUTE,SRA1637693,,public,A27FEB28A88F3C15D76B69B4AE17FE20,78CC4F749BA27E23E21CC1C621F16299
SRR24541490,2023-05-13 12:48:15,2023-05-13 12:39:32,10889770,2986238499,10889770,274,932,,https://sra-downloadb.be-md.ncbi.nlm.nih.gov/sos8/sra-pub-zq-820/SRR024/24541/SRR24541490/SRR24541490.lite.1,SRX20325563,UMB24_01_metatranscriptome,RNA-Seq,RANDOM,METATRANSCRIPTOMIC,PAIRED,0,0,ILLUMINA,Illumina NovaSeq 6000,SRP117119,PRJNA400628,,400628,SRS2500159,SAMN07584057,simple,408170,human gut metagenome,UMB24_01,,,,,,,no,,,,,BROAD INSTITUTE,SRA1637693,,public,46FD9C13A8C46D16C1F6FD92DD5C0DF3,9C962E53CC4980A5E49FFBA1FADE1816
SRR24541493,2023-05-13 12:48:15,2023-05-13 12:37:32,7985616,2262305239,7985616,283,690,,https://sra-downloadb.be-md.ncbi.nlm.nih.gov/sos8/sra-pub-zq-820/SRR024/24541/SRR24541493/SRR24541493.lite.1,SRX20325560,UMB02_06_metatranscriptome,RNA-Seq,RANDOM,METATRANSCRIPTOMIC,PAIRED,0,0,ILLUMINA,Illumina NovaSeq 6000,SRP117119,PRJNA400628,,400628,SRS2499939,SAMN07583783,simple,408170,human gut metagenome,UMB02_06,,,,,,,no,,,,,BROAD INSTITUTE,SRA1637693,,public,5C3708ADCBE58A440C38339A0E4C883C,16F10329DC99E379DBED4840E9D032B6
SRR24541495,2023-05-13 12:48:15,2023-05-13 12:35:00,2689207,724012560,2689207,269,221,,https://sra-downloadb.be-md.ncbi.nlm.nih.gov/sos8/sra-pub-zq-820/SRR024/24541/SRR24541495/SRR24541495.lite.1,SRX20325558,UMB22_05_metatranscriptome,RNA-Seq,RANDOM,METATRANSCRIPTOMIC,PAIRED,0,0,ILLUMINA,Illumina NovaSeq 6000,SRP117119,PRJNA400628,,400628,SRS2500162,SAMN07584032,simple,408170,human gut metagenome,UMB22_05,,,,,,,no,,,,,BROAD INSTITUTE,SRA1637693,,public,0E80CE9B0A94A151303265061849BFD8,56DD337779ECCB5942C74C42374E7641
SRR24541494,2023-05-13 12:48:15,2023-05-13 12:35:41,5678741,1509311299,5678741,265,465,,https://sra-downloadb.be-md.ncbi.nlm.nih.gov/sos8/sra-pub-zq-820/SRR024/24541/SRR24541494/SRR24541494.lite.1,SRX20325559,UMB22_07_metatranscriptome,RNA-Seq,RANDOM,METATRANSCRIPTOMIC,PAIRED,0,0,ILLUMINA,Illumina NovaSeq 6000,SRP117119,PRJNA400628,,400628,SRS2500113,SAMN07584034,simple,408170,human gut metagenome,UMB22_07,,,,,,,no,,,,,BROAD INSTITUTE,SRA1637693,,public,B6C05A2C06AAF849D130CEC709A8AD02,A80E917B2F0D87EC8882F162AA526114
SRR24541492,2023-05-13 12:48:15,2023-05-13 12:36:24,6136016,1709847461,6136016,278,522,,https://sra-downloadb.be-md.ncbi.nlm.nih.gov/sos8/sra-pub-zq-820/SRR024/24541/SRR24541492/SRR24541492.lite.1,SRX20325561,UMB22_09_metatranscriptome,RNA-Seq,RANDOM,METATRANSCRIPTOMIC,PAIRED,0,0,ILLUMINA,Illumina NovaSeq 6000,SRP117119,PRJNA400628,,400628,SRS9254165,SAMN07584036,simple,408170,human gut metagenome,UMB22_09,,,,,,,no,,,,,BROAD INSTITUTE,SRA1637693,,public,9F72150E5E095D49C9D44567432FEF24,5EE687F8C5285F58D84EC29F08CBFF2D
SRR24541491,2023-05-13 12:48:15,2023-05-13 12:33:49,4659,1244337,4659,267,0,,https://sra-downloadb.be-md.ncbi.nlm.nih.gov/sos8/sra-pub-zq-820/SRR024/24541/SRR24541491/SRR24541491.lite.1,SRX20325562,UMB23_07_metatranscriptome,RNA-Seq,RANDOM,METATRANSCRIPTOMIC,PAIRED,0,0,ILLUMINA,Illumina NovaSeq 6000,SRP117119,PRJNA400628,,400628,SRS2500151,SAMN07584050,simple,408170,human gut metagenome,UMB23_07,,,,,,,no,,,,,BROAD INSTITUTE,SRA1637693,,public,A40FB8FF7A365342500322015F8132B0,0CB92CC47BD9CEC52D79FDC8ACE07F0C
SRR24541500,2023-05-13 12:48:14,2023-05-13 12:34:04,206039,58492349,206039,283,18,,https://sra-downloadb.be-md.ncbi.nlm.nih.gov/sos8/sra-pub-zq-820/SRR024/24541/SRR24541500/SRR24541500.lite.1,SRX20325553,UMB08_12_metatranscriptome,RNA-Seq,RANDOM,METATRANSCRIPTOMIC,PAIRED,0,0,ILLUMINA,Illumina NovaSeq 6000,SRP117119,PRJNA400628,,400628,SRS2500011,SAMN07583871,simple,408170,human gut metagenome,UMB08_12,,,,,,,no,,,,,BROAD INSTITUTE,SRA1637693,,public,FA705AFF8EAF816677DC4AF703B2A1C3,13A075A29F638A26DB07CBAA3B7E7F3C
SRR24541499,2023-05-13 12:56:53,2023-05-13 12:50:00,38406884,10455842967,38406884,272,3243,,https://sra-downloadb.be-md.ncbi.nlm.nih.gov/sos8/sra-pub-zq-820/SRR024/24541/SRR24541499/SRR24541499.lite.1,SRX20325554,UMB09_06_metatranscriptome,RNA-Seq,RANDOM,METATRANSCRIPTOMIC,PAIRED,0,0,ILLUMINA,Illumina NovaSeq 6000,SRP117119,PRJNA400628,,400628,SRS2500010,SAMN07583874,simple,408170,human gut metagenome,UMB09_06,,,,,,,no,,,,,BROAD INSTITUTE,SRA1637693,,public,FCDFCC9CAB2BD4046166BCE301563807,47B2A70C39C66D6F647E7A3C1DD100CE
SRR24541498,2023-05-13 12:48:15,2023-05-13 12:35:07,3322937,938802928,3322937,282,289,,https://sra-downloadb.be-md.ncbi.nlm.nih.gov/sos8/sra-pub-zq-820/SRR024/24541/SRR24541498/SRR24541498.lite.1,SRX20325555,UMB09_09_metatranscriptome,RNA-Seq,RANDOM,METATRANSCRIPTOMIC,PAIRED,0,0,ILLUMINA,Illumina NovaSeq 6000,SRP117119,PRJNA400628,,400628,SRS2500015,SAMN07583877,simple,408170,human gut metagenome,UMB09_09,,,,,,,no,,,,,BROAD INSTITUTE,SRA1637693,,public,6E994E5D50B4948917A3828F09E94563,B26F34260D1796998D2D4ED1EEA32319
SRR24541454,2023-05-13 12:48:15,2023-05-13 12:35:41,3984308,1121669797,3984308,281,344,,https://sra-downloadb.be-md.ncbi.nlm.nih.gov/sos8/sra-pub-zq-820/SRR024/24541/SRR24541454/SRR24541454.lite.1,SRX20325556,UMB10_03_metatranscriptome,RNA-Seq,RANDOM,METATRANSCRIPTOMIC,PAIRED,0,0,ILLUMINA,Illumina NovaSeq 6000,SRP117119,PRJNA400628,,400628,SRS2500024,SAMN07583883,simple,408170,human gut metagenome,UMB10_03,,,,,,,no,,,,,BROAD INSTITUTE,SRA1637693,,public,8E1AB2A576B1ED357E17DC70B9237311,65C7FFB08D8B8C21FFBF80B70A0AB2FA
SRR24541496,2023-05-13 12:48:15,2023-05-13 12:34:11,522281,139067514,522281,266,42,,https://sra-downloadb.be-md.ncbi.nlm.nih.gov/sos8/sra-pub-zq-820/SRR024/24541/SRR24541496/SRR24541496.lite.1,SRX20325557,UMB22_04_metatranscriptome,RNA-Seq,RANDOM,METATRANSCRIPTOMIC,PAIRED,0,0,ILLUMINA,Illumina NovaSeq 6000,SRP117119,PRJNA400628,,400628,SRS2500116,SAMN07584031,simple,408170,human gut metagenome,UMB22_04,,,,,,,no,,,,,BROAD INSTITUTE,SRA1637693,,public,0175BAE11D6A103F6766FFC670475A0B,E7E4FF1156A485350EE2EDB9C2B41AB9
SRR24541503,2023-05-13 12:48:14,2023-05-13 12:40:38,13549480,3708592565,13549480,273,1151,,https://sra-downloadb.be-md.ncbi.nlm.nih.gov/sos8/sra-pub-zq-820/SRR024/24541/SRR24541503/SRR24541503.lite.1,SRX20325550,UMB01_08_metatranscriptome,RNA-Seq,RANDOM,METATRANSCRIPTOMIC,PAIRED,0,0,ILLUMINA,Illumina NovaSeq 6000,SRP117119,PRJNA400628,,400628,SRS2499916,SAMN07583772,simple,408170,human gut metagenome,UMB01_08,,,,,,,no,,,,,BROAD INSTITUTE,SRA1637693,,public,7AB56CD2FC1AC951A5820260B6292E4F,EB60A7DBB0CE70C89D3808B74649017B
SRR24541505,2023-05-13 12:48:14,2023-05-13 12:34:37,1258079,354896573,1258079,282,109,,https://sra-downloadb.be-md.ncbi.nlm.nih.gov/sos8/sra-pub-zq-820/SRR024/24541/SRR24541505/SRR24541505.lite.1,SRX20325548,UMB08_06_metatranscriptome,RNA-Seq,RANDOM,METATRANSCRIPTOMIC,PAIRED,0,0,ILLUMINA,Illumina NovaSeq 6000,SRP117119,PRJNA400628,,400628,SRS2500005,SAMN07583865,simple,408170,human gut metagenome,UMB08_06,,,,,,,no,,,,,BROAD INSTITUTE,SRA1637693,,public,8BD3B3995A5DCFF7EE3FEE5C17F1E297,4179BA1C49F0D2C1F2E7E53679AF7002
SRR24541504,2023-05-13 12:48:14,2023-05-13 12:39:38,11842249,3291193414,11842249,277,1021,,https://sra-downloadb.be-md.ncbi.nlm.nih.gov/sos8/sra-pub-zq-820/SRR024/24541/SRR24541504/SRR24541504.lite.1,SRX20325549,UMB08_07_metatranscriptome,RNA-Seq,RANDOM,METATRANSCRIPTOMIC,PAIRED,0,0,ILLUMINA,Illumina NovaSeq 6000,SRP117119,PRJNA400628,,400628,SRS2500007,SAMN07583866,simple,408170,human gut metagenome,UMB08_07,,,,,,,no,,,,,BROAD INSTITUTE,SRA1637693,,public,D379DE4B4CA508BC5FB7C8D80FEBD777,A41BBFA91E5F506E29A80B72B167E819
SRR24541502,2023-05-13 12:56:53,2023-05-13 12:45:48,19985032,5711166229,19985032,285,1780,,https://sra-downloadb.be-md.ncbi.nlm.nih.gov/sos8/sra-pub-zq-820/SRR024/24541/SRR24541502/SRR24541502.lite.1,SRX20325551,UMB08_08_metatranscriptome,RNA-Seq,RANDOM,METATRANSCRIPTOMIC,PAIRED,0,0,ILLUMINA,Illumina NovaSeq 6000,SRP117119,PRJNA400628,,400628,SRS2500009,SAMN07583867,simple,408170,human gut metagenome,UMB08_08,,,,,,,no,,,,,BROAD INSTITUTE,SRA1637693,,public,D926BE8E3E7CBA1BFC3C3CFF675D86BC,2CF19D3D9EE724F1EC0FA8FFBD7A85EC
SRR24541501,2023-05-13 12:48:14,2023-05-13 12:40:27,15191832,4378953272,15191832,288,1367,,https://sra-downloadb.be-md.ncbi.nlm.nih.gov/sos8/sra-pub-zq-820/SRR024/24541/SRR24541501/SRR24541501.lite.1,SRX20325552,UMB08_09_metatranscriptome,RNA-Seq,RANDOM,METATRANSCRIPTOMIC,PAIRED,0,0,ILLUMINA,Illumina NovaSeq 6000,SRP117119,PRJNA400628,,400628,SRS2500008,SAMN07583868,simple,408170,human gut metagenome,UMB08_09,,,,,,,no,,,,,BROAD INSTITUTE,SRA1637693,,public,DC8C99C295C8E1D9A553F12E0E85FA8D,86C6C371612015E1F246BEF310FD6FBD
SRR24541510,2023-05-13 12:48:14,2023-05-13 12:34:46,2632787,721294777,2632787,273,221,,https://sra-downloadb.be-md.ncbi.nlm.nih.gov/sos8/sra-pub-zq-820/SRR024/24541/SRR24541510/SRR24541510.lite.1,SRX20325543,UMB07_12_metatranscriptome,RNA-Seq,RANDOM,METATRANSCRIPTOMIC,PAIRED,0,0,ILLUMINA,Illumina NovaSeq 6000,SRP117119,PRJNA400628,,400628,SRS2500001,SAMN07583857,simple,408170,human gut metagenome,UMB07_12,,,,,,,no,,,,,BROAD INSTITUTE,SRA1637693,,public,B3B8F614631B372BBD7A737EC3DC371D,DA64A716AFF5DDF59B4FC9D567AE4427
SRR24541509,2023-05-13 12:48:14,2023-05-13 12:34:07,463580,124546562,463580,268,38,,https://sra-downloadb.be-md.ncbi.nlm.nih.gov/sos8/sra-pub-zq-820/SRR024/24541/SRR24541509/SRR24541509.lite.1,SRX20325544,UMB08_02_metatranscriptome,RNA-Seq,RANDOM,METATRANSCRIPTOMIC,PAIRED,0,0,ILLUMINA,Illumina NovaSeq 6000,SRP117119,PRJNA400628,,400628,SRS2499995,SAMN07583860,simple,408170,human gut metagenome,UMB08_02,,,,,,,no,,,,,BROAD INSTITUTE,SRA1637693,,public,DB7EBE3E3EFB21D49400328B522CA80C,672490E6861E79A22C24EC63AD47397E
SRR24541508,2023-05-13 12:48:14,2023-05-13 12:34:54,3056990,819179768,3056990,267,253,,https://sra-downloadb.be-md.ncbi.nlm.nih.gov/sos8/sra-pub-zq-820/SRR024/24541/SRR24541508/SRR24541508.lite.1,SRX20325545,UMB08_03_metatranscriptome,RNA-Seq,RANDOM,METATRANSCRIPTOMIC,PAIRED,0,0,ILLUMINA,Illumina NovaSeq 6000,SRP117119,PRJNA400628,,400628,SRS2499997,SAMN07583862,simple,408170,human gut metagenome,UMB08_03,,,,,,,no,,,,,BROAD INSTITUTE,SRA1637693,,public,1D6A0CA5632AA1069D3B1D39BB59933E,92C5AC232585155BD1908BB7791515C2
SRR24541507,2023-05-13 12:48:14,2023-05-13 12:35:26,3588675,999683526,3588675,278,306,,https://sra-downloadb.be-md.ncbi.nlm.nih.gov/sos8/sra-pub-zq-820/SRR024/24541/SRR24541507/SRR24541507.lite.1,SRX20325546,UMB08_04_metatranscriptome,RNA-Seq,RANDOM,METATRANSCRIPTOMIC,PAIRED,0,0,ILLUMINA,Illumina NovaSeq 6000,SRP117119,PRJNA400628,,400628,SRS2499998,SAMN07583863,simple,408170,human gut metagenome,UMB08_04,,,,,,,no,,,,,BROAD INSTITUTE,SRA1637693,,public,3266FB79D3AC26B320FFBE3DB6D819D9,04DEF2599FE6D344643B90382AF58864
SRR24541506,2023-05-13 12:48:14,2023-05-13 12:33:49,5311,1491428,5311,280,0,,https://sra-downloadb.be-md.ncbi.nlm.nih.gov/sos8/sra-pub-zq-820/SRR024/24541/SRR24541506/SRR24541506.lite.1,SRX20325547,UMB08_05_metatranscriptome,RNA-Seq,RANDOM,METATRANSCRIPTOMIC,PAIRED,0,0,ILLUMINA,Illumina NovaSeq 6000,SRP117119,PRJNA400628,,400628,SRS2500006,SAMN07583864,simple,408170,human gut metagenome,UMB08_05,,,,,,,no,,,,,BROAD INSTITUTE,SRA1637693,,public,F2B3438B41F8C64B93D4D2A5718B4FC4,D813BFCC5F7E25C6A4AA61BCFDE4A4B5
SRR24541514,2023-05-13 12:48:14,2023-05-13 12:34:32,1092233,312191509,1092233,285,96,,https://sra-downloadb.be-md.ncbi.nlm.nih.gov/sos8/sra-pub-zq-820/SRR024/24541/SRR24541514/SRR24541514.lite.1,SRX20325539,UMB01_06_metatranscriptome,RNA-Seq,RANDOM,METATRANSCRIPTOMIC,PAIRED,0,0,ILLUMINA,Illumina NovaSeq 6000,SRP117119,PRJNA400628,,400628,SRS2499923,SAMN07583770,simple,408170,human gut metagenome,UMB01_06,,,,,,,no,,,,,BROAD INSTITUTE,SRA1637693,,public,0EC3D992B6FABFD65EB72BEC8846C2BD,0E60B0D4D1F71244706A79CF8FE836C9
SRR24541515,2023-05-13 12:48:14,2023-05-13 12:36:08,5113523,1408321889,5113523,275,433,,https://sra-downloadb.be-md.ncbi.nlm.nih.gov/sos8/sra-pub-zq-820/SRR024/24541/SRR24541515/SRR24541515.lite.1,SRX20325538,UMB07_03_metatranscriptome,RNA-Seq,RANDOM,METATRANSCRIPTOMIC,PAIRED,0,0,ILLUMINA,Illumina NovaSeq 6000,SRP117119,PRJNA400628,,400628,SRS2499990,SAMN07583848,simple,408170,human gut metagenome,UMB07_03,,,,,,,no,,,,,BROAD INSTITUTE,SRA1637693,,public,AB5047B72D3897AA076CA5104C48379C,7D97EC3E61A11ED9B14EC74F36166FD2
SRR24541512,2023-05-13 12:48:14,2023-05-13 12:37:00,9127644,2572881101,9127644,281,796,,https://sra-downloadb.be-md.ncbi.nlm.nih.gov/sos8/sra-pub-zq-820/SRR024/24541/SRR24541512/SRR24541512.lite.1,SRX20325541,UMB07_09_metatranscriptome,RNA-Seq,RANDOM,METATRANSCRIPTOMIC,PAIRED,0,0,ILLUMINA,Illumina NovaSeq 6000,SRP117119,PRJNA400628,,400628,SRS2500000,SAMN07583854,simple,408170,human gut metagenome,UMB07_09,,,,,,,no,,,,,BROAD INSTITUTE,SRA1637693,,public,6BD97EC1724E6013693A61A1DDC470CF,0AC87F9F839F4DB01E86B27D15F718E4
SRR24541511,2023-05-13 12:48:14,2023-05-13 12:44:37,19985032,5711166229,19985032,285,1780,,https://sra-downloadb.be-md.ncbi.nlm.nih.gov/sos8/sra-pub-zq-820/SRR024/24541/SRR24541511/SRR24541511.lite.1,SRX20325542,UMB07_11_metatranscriptome,RNA-Seq,RANDOM,METATRANSCRIPTOMIC,PAIRED,0,0,ILLUMINA,Illumina NovaSeq 6000,SRP117119,PRJNA400628,,400628,SRS2500002,SAMN07583856,simple,408170,human gut metagenome,UMB07_11,,,,,,,no,,,,,BROAD INSTITUTE,SRA1637693,,public,D926BE8E3E7CBA1BFC3C3CFF675D86BC,2CF19D3D9EE724F1EC0FA8FFBD7A85EC
SRR24541513,2023-05-13 12:56:53,2023-05-13 12:46:41,38406412,10455714775,38406412,272,3243,,https://sra-downloadb.be-md.ncbi.nlm.nih.gov/sos8/sra-pub-zq-820/SRR024/24541/SRR24541513/SRR24541513.lite.1,SRX20325540,UMB07_06_metatranscriptome,RNA-Seq,RANDOM,METATRANSCRIPTOMIC,PAIRED,0,0,ILLUMINA,Illumina NovaSeq 6000,SRP117119,PRJNA400628,,400628,SRS2500003,SAMN07583851,simple,408170,human gut metagenome,UMB07_06,,,,,,,no,,,,,BROAD INSTITUTE,SRA1637693,,public,B41C2A35935CF4FFE7C6C8997F9DBE4C,D9BCA045A708B8C2FB2DFA7407EC761B
SRR24541520,2023-05-13 12:48:14,2023-05-13 12:36:23,12238492,3359366373,12238492,274,1059,,https://sra-downloadb.be-md.ncbi.nlm.nih.gov/sos8/sra-pub-zq-820/SRR024/24541/SRR24541520/SRR24541520.lite.1,SRX20325533,UMB03_07_metatranscriptome,RNA-Seq,RANDOM,METATRANSCRIPTOMIC,PAIRED,0,0,ILLUMINA,Illumina NovaSeq 6000,SRP117119,PRJNA400628,,400628,SRS2499956,SAMN07583797,simple,408170,human gut metagenome,UMB03_07,,,,,,,no,,,,,BROAD INSTITUTE,SRA1637693,,public,50EFD9F5B90D405ED141D40E00D74EEB,3760FCA8D2DB59B7696C6A14B6186C20
SRR24541519,2023-05-13 12:48:14,2023-05-13 12:39:41,16714384,4483695660,16714384,268,1390,,https://sra-downloadb.be-md.ncbi.nlm.nih.gov/sos8/sra-pub-zq-820/SRR024/24541/SRR24541519/SRR24541519.lite.1,SRX20325534,UMB03_08_metatranscriptome,RNA-Seq,RANDOM,METATRANSCRIPTOMIC,PAIRED,0,0,ILLUMINA,Illumina NovaSeq 6000,SRP117119,PRJNA400628,,400628,SRS2499937,SAMN07583798,simple,408170,human gut metagenome,UMB03_08,,,,,,,no,,,,,BROAD INSTITUTE,SRA1637693,,public,90F6DFADD578CBC9A26FECBA48204600,AA5125113FB0C0B10A8A73DDA520CB4C
SRR24541518,2023-05-13 12:48:14,2023-05-13 12:44:02,23007640,6372769692,23007640,276,1961,,https://sra-downloadb.be-md.ncbi.nlm.nih.gov/sos8/sra-pub-zq-820/SRR024/24541/SRR24541518/SRR24541518.lite.1,SRX20325535,UMB03_09_metatranscriptome,RNA-Seq,RANDOM,METATRANSCRIPTOMIC,PAIRED,0,0,ILLUMINA,Illumina NovaSeq 6000,SRP117119,PRJNA400628,,400628,SRS2499929,SAMN07583799,simple,408170,human gut metagenome,UMB03_09,,,,,,,no,,,,,BROAD INSTITUTE,SRA1637693,,public,06A73F11F1B6851C7B2255F667E0044A,BD8E2EBBAFFE89B3F596BBB7ABE7CFBB
SRR24541517,2023-05-13 12:48:14,2023-05-13 12:33:53,6147,1653201,6147,268,0,,https://sra-downloadb.be-md.ncbi.nlm.nih.gov/sos8/sra-pub-zq-820/SRR024/24541/SRR24541517/SRR24541517.lite.1,SRX20325536,UMB04_01_metatranscriptome,RNA-Seq,RANDOM,METATRANSCRIPTOMIC,PAIRED,0,0,ILLUMINA,Illumina NovaSeq 6000,SRP117119,PRJNA400628,,400628,SRS2499933,SAMN07583804,simple,408170,human gut metagenome,UMB04_01,,,,,,,no,,,,,BROAD INSTITUTE,SRA1637693,,public,2911769707471A4070BFB4061CE87EFC,BFB0B6CDA6E67082C64344E2A5B7DDCB
SRR24541516,2023-05-13 12:48:14,2023-05-13 12:34:00,40355,11072411,40355,274,3,,https://sra-downloadb.be-md.ncbi.nlm.nih.gov/sos8/sra-pub-zq-820/SRR024/24541/SRR24541516/SRR24541516.lite.1,SRX20325537,UMB06_00_metatranscriptome,RNA-Seq,RANDOM,METATRANSCRIPTOMIC,PAIRED,0,0,ILLUMINA,Illumina NovaSeq 6000,SRP117119,PRJNA400628,,400628,SRS2499955,SAMN07583834,simple,408170,human gut metagenome,UMB06_00,,,,,,,no,,,,,BROAD INSTITUTE,SRA1637693,,public,A8A19FB996896632C685317FFAFB9810,49AD1DD21D78BA170F0C3DED5DF001A6
SRR24541521,2023-05-13 12:48:14,2023-05-13 12:37:52,7059631,1939188157,7059631,274,598,,https://sra-downloadb.be-md.ncbi.nlm.nih.gov/sos8/sra-pub-zq-820/SRR024/24541/SRR24541521/SRR24541521.lite.1,SRX20325532,UMB03_04_metatranscriptome,RNA-Seq,RANDOM,METATRANSCRIPTOMIC,PAIRED,0,0,ILLUMINA,Illumina NovaSeq 6000,SRP117119,PRJNA400628,,400628,SRS2499928,SAMN07583794,simple,408170,human gut metagenome,UMB03_04,,,,,,,no,,,,,BROAD INSTITUTE,SRA1637693,,public,DE7BD501CA84B7EC3F7A9D1EC50D104A,8298D625A33D77FC5B6109CF2601409B
SRR24541483,2023-05-13 13:11:03,2023-05-13 12:53:16,37600500,10825881478,37600500,287,3334,,https://sra-downloadb.be-md.ncbi.nlm.nih.gov/sos8/sra-pub-zq-820/SRR024/24541/SRR24541483/SRR24541483.lite.1,SRX20325528,UMB25_02_metatranscriptome,RNA-Seq,RANDOM,METATRANSCRIPTOMIC,PAIRED,0,0,ILLUMINA,Illumina NovaSeq 6000,SRP117119,PRJNA400628,,400628,SRS2500154,SAMN07584073,simple,408170,human gut metagenome,UMB25_02,,,,,,,no,,,,,BROAD INSTITUTE,SRA1637693,,public,080441A38E3294E3D379C8443B7BC4F8,C6A57C237935A03E505DC54A2049D2D8
SRR24541524,2023-05-13 12:48:14,2023-05-13 12:37:09,7450146,1995321252,7450146,267,613,,https://sra-downloadb.be-md.ncbi.nlm.nih.gov/sos8/sra-pub-zq-820/SRR024/24541/SRR24541524/SRR24541524.lite.1,SRX20325529,UMB31_03_metatranscriptome,RNA-Seq,RANDOM,METATRANSCRIPTOMIC,PAIRED,0,0,ILLUMINA,Illumina NovaSeq 6000,SRP117119,PRJNA400628,,400628,SRS2500667,SAMN07584132,simple,408170,human gut metagenome,UMB31_03,,,,,,,no,,,,,BROAD INSTITUTE,SRA1637693,,public,56116B95CCF392A49F1199AB6C9D5613,5A7B5E8941F2808C0894EC0074A4D07B
SRR24541523,2023-05-13 12:48:14,2023-05-13 12:34:41,1071616,307241368,1071616,286,95,,https://sra-downloadb.be-md.ncbi.nlm.nih.gov/sos8/sra-pub-zq-820/SRR024/24541/SRR24541523/SRR24541523.lite.1,SRX20325530,UMB31_05_metatranscriptome,RNA-Seq,RANDOM,METATRANSCRIPTOMIC,PAIRED,0,0,ILLUMINA,Illumina NovaSeq 6000,SRP117119,PRJNA400628,,400628,SRS2500669,SAMN07584134,simple,408170,human gut metagenome,UMB31_05,,,,,,,no,,,,,BROAD INSTITUTE,SRA1637693,,public,11B053A9DAA679F17DB381B6DD455AF5,181FBAF4147E380DACAAD5DB18C20297
SRR24541522,2023-05-13 12:48:14,2023-05-13 12:42:00,21765722,5844911995,21765722,268,1823,,https://sra-downloadb.be-md.ncbi.nlm.nih.gov/sos8/sra-pub-zq-820/SRR024/24541/SRR24541522/SRR24541522.lite.1,SRX20325531,UMB31_06_metatranscriptome,RNA-Seq,RANDOM,METATRANSCRIPTOMIC,PAIRED,0,0,ILLUMINA,Illumina NovaSeq 6000,SRP117119,PRJNA400628,,400628,SRS9254210,SAMN07584135,simple,408170,human gut metagenome,UMB31_06,,,,,,,no,,,,,BROAD INSTITUTE,SRA1637693,,public,8400A73666000E5095824DA340C73DD4,B89FD719C3B38C0593BF882B5FA9CADD
SRR24541528,2023-05-13 12:48:14,2023-05-13 12:35:58,4564063,1297996392,4564063,284,399,,https://sra-downloadb.be-md.ncbi.nlm.nih.gov/sos8/sra-pub-zq-820/SRR024/24541/SRR24541528/SRR24541528.lite.1,SRX20325525,UMB01_01_metatranscriptome,RNA-Seq,RANDOM,METATRANSCRIPTOMIC,PAIRED,0,0,ILLUMINA,Illumina NovaSeq 6000,SRP117119,PRJNA400628,,400628,SRS2499915,SAMN07583765,simple,408170,human gut metagenome,UMB01_01,,,,,,,no,,,,,BROAD INSTITUTE,SRA1637693,,public,1F29650D3F9CFE4EB5D97A68F5270700,EDD5501C12D71241FA2879CDA8FE5E8F
SRR24541527,2023-05-13 12:48:14,2023-05-13 12:40:34,10889770,2986238499,10889770,274,932,,https://sra-downloadb.be-md.ncbi.nlm.nih.gov/sos8/sra-pub-zq-820/SRR024/24541/SRR24541527/SRR24541527.lite.1,SRX20325526,UMB01_03_metatranscriptome,RNA-Seq,RANDOM,METATRANSCRIPTOMIC,PAIRED,0,0,ILLUMINA,Illumina NovaSeq 6000,SRP117119,PRJNA400628,,400628,SRS2499918,SAMN07583767,simple,408170,human gut metagenome,UMB01_03,,,,,,,no,,,,,BROAD INSTITUTE,SRA1637693,,public,46FD9C13A8C46D16C1F6FD92DD5C0DF3,9C962E53CC4980A5E49FFBA1FADE1816
SRR24541270,2023-05-13 12:48:14,2023-05-13 12:33:52,350496,93807866,350496,267,32,,https://sra-downloadb.be-md.ncbi.nlm.nih.gov/sos8/sra-pub-zq-820/SRR024/24541/SRR24541270/SRR24541270.lite.1,SRX20325523,UMB01_12_Ecoli_hybrid_selected_RNA,WGS,RANDOM,METATRANSCRIPTOMIC,PAIRED,0,0,ILLUMINA,Illumina NovaSeq 6000,SRP117119,PRJNA400628,,400628,SRS2499926,SAMN07583776,simple,408170,human gut metagenome,UMB01_12,,,,,,,no,,,,,BROAD INSTITUTE,SRA1637694,,public,5E77836C3392B326941F3FCDA26CDB5A,4096307FB10268B0C9CDA8702E58D2AD
SRR24541526,2023-05-13 12:48:14,2023-05-13 12:43:38,18524861,5082880549,18524861,274,1579,,https://sra-downloadb.be-md.ncbi.nlm.nih.gov/sos8/sra-pub-zq-820/SRR024/24541/SRR24541526/SRR24541526.lite.1,SRX20325527,UMB02_10_metatranscriptome,RNA-Seq,RANDOM,METATRANSCRIPTOMIC,PAIRED,0,0,ILLUMINA,Illumina NovaSeq 6000,SRP117119,PRJNA400628,,400628,SRS2499930,SAMN07583787,simple,408170,human gut metagenome,UMB02_10,,,,,,,no,,,,,BROAD INSTITUTE,SRA1637693,,public,4750D5DE9012AA5CBC304707972CADA7,6CC021A634E6951DA657386BD82E63F8
SRR24541271,2023-05-13 12:48:14,2023-05-13 12:35:00,2541821,681092981,2541821,267,234,,https://sra-downloadb.be-md.ncbi.nlm.nih.gov/sos8/sra-pub-zq-820/SRR024/24541/SRR24541271/SRR24541271.lite.1,SRX20325522,UMB18_09.1_Ecoli_hybrid_selected_RNA,WGS,RANDOM,METATRANSCRIPTOMIC,PAIRED,0,0,ILLUMINA,Illumina NovaSeq 6000,SRP117119,PRJNA400628,,400628,SRS9254335,SAMN07583978,simple,408170,human gut metagenome,UMB18_09.1,,,,,,,no,,,,,BROAD INSTITUTE,SRA1637694,,public,652CF4D685BF395B933206AB0934742E,642605A7C4C68A686B415E4EE2495934
SRR24541276,2023-05-13 12:48:14,2023-05-13 12:35:49,4828318,1331622483,4828318,275,469,,https://sra-downloadb.be-md.ncbi.nlm.nih.gov/sos8/sra-pub-zq-820/SRR024/24541/SRR24541276/SRR24541276.lite.1,SRX20325517,UMB17_05_Ecoli_hybrid_selected_RNA,WGS,RANDOM,METATRANSCRIPTOMIC,PAIRED,0,0,ILLUMINA,Illumina NovaSeq 6000,SRP117119,PRJNA400628,,400628,SRS2500031,SAMN07583957,simple,408170,human gut metagenome,UMB17_05,,,,,,,no,,,,,BROAD INSTITUTE,SRA1637694,,public,62D034E0B0F0167A54555F0190ACA49F,6C2BFDCF105539A591240379B441C928
SRR24541275,2023-05-13 12:48:14,2023-05-13 12:34:38,1962867,538285587,1962867,274,187,,https://sra-downloadb.be-md.ncbi.nlm.nih.gov/sos8/sra-pub-zq-820/SRR024/24541/SRR24541275/SRR24541275.lite.1,SRX20325518,UMB17_09_Ecoli_hybrid_selected_RNA,WGS,RANDOM,METATRANSCRIPTOMIC,PAIRED,0,0,ILLUMINA,Illumina NovaSeq 6000,SRP117119,PRJNA400628,,400628,SRS2500074,SAMN07583961,simple,408170,human gut metagenome,UMB17_09,,,,,,,no,,,,,BROAD INSTITUTE,SRA1637694,,public,93258244037374FB157B6B183FFE9F92,41FE5DD9E9278AF5783A869CBE830144
SRR24541274,2023-05-13 12:48:14,2023-05-13 12:33:56,530074,143668235,530074,271,51,,https://sra-downloadb.be-md.ncbi.nlm.nih.gov/sos8/sra-pub-zq-820/SRR024/24541/SRR24541274/SRR24541274.lite.1,SRX20325519,UMB17_10_Ecoli_hybrid_selected_RNA,WGS,RANDOM,METATRANSCRIPTOMIC,PAIRED,0,0,ILLUMINA,Illumina NovaSeq 6000,SRP117119,PRJNA400628,,400628,SRS2500102,SAMN07583962,simple,408170,human gut metagenome,UMB17_10,,,,,,,no,,,,,BROAD INSTITUTE,SRA1637694,,public,9A5E8A90EFD4E1D0128B0B6B7769A642,9830B0FB256F56D10915EADD097AEF16
SRR24541273,2023-05-13 12:48:14,2023-05-13 12:34:33,2370207,634477053,2370207,267,216,,https://sra-downloadb.be-md.ncbi.nlm.nih.gov/sos8/sra-pub-zq-820/SRR024/24541/SRR24541273/SRR24541273.lite.1,SRX20325520,UMB18_04_Ecoli_hybrid_selected_RNA,WGS,RANDOM,METATRANSCRIPTOMIC,PAIRED,0,0,ILLUMINA,Illumina NovaSeq 6000,SRP117119,PRJNA400628,,400628,SRS2500071,SAMN07583972,simple,408170,human gut metagenome,UMB18_04,,,,,,,no,,,,,BROAD INSTITUTE,SRA1637694,,public,90A25EAEE9AA3AC08FE0A7F277E56E9B,6F48DE48D3E45C20736AE5ED18BE4C6B
SRR24541272,2023-05-13 12:48:14,2023-05-13 12:35:24,4943842,1328095511,4943842,268,471,,https://sra-downloadb.be-md.ncbi.nlm.nih.gov/sos8/sra-pub-zq-820/SRR024/24541/SRR24541272/SRR24541272.lite.1,SRX20325521,UMB18_09_Ecoli_hybrid_selected_RNA,WGS,RANDOM,METATRANSCRIPTOMIC,PAIRED,0,0,ILLUMINA,Illumina NovaSeq 6000,SRP117119,PRJNA400628,,400628,SRS9254334,SAMN07583977,simple,408170,human gut metagenome,UMB18_09,,,,,,,no,,,,,BROAD INSTITUTE,SRA1637694,,public,4AB09BFE661FBDA4AD78B7933C3E0217,EDB1EA1FE44E8E6B6EE65FBD3A3E9C8F
SRR24541281,2023-05-13 12:48:14,2023-05-13 12:33:35,1446,335674,1446,232,0,,https://sra-downloadb.be-md.ncbi.nlm.nih.gov/sos8/sra-pub-zq-820/SRR024/24541/SRR24541281/SRR24541281.lite.1,SRX20325512,UMB01_11_Ecoli_hybrid_selected_RNA,WGS,RANDOM,METATRANSCRIPTOMIC,PAIRED,0,0,ILLUMINA,Illumina NovaSeq 6000,SRP117119,PRJNA400628,,400628,SRS2499917,SAMN07583775,simple,408170,human gut metagenome,UMB01_11,,,,,,,no,,,,,BROAD INSTITUTE,SRA1637694,,public,D57DD81DA2EC8994FDB7164FAFF0883B,19698592E49769D48F7A95FA9D38B447
SRR24541283,2023-05-13 12:48:14,2023-05-13 12:33:37,2940,728138,2940,247,0,,https://sra-downloadb.be-md.ncbi.nlm.nih.gov/sos8/sra-pub-zq-820/SRR024/24541/SRR24541283/SRR24541283.lite.1,SRX20325510,UMB14_01_Ecoli_hybrid_selected_RNA,WGS,RANDOM,METATRANSCRIPTOMIC,PAIRED,0,0,ILLUMINA,Illumina NovaSeq 6000,SRP117119,PRJNA400628,,400628,SRS2500044,SAMN07583935,simple,408170,human gut metagenome,UMB14_01,,,,,,,no,,,,,BROAD INSTITUTE,SRA1637694,,public,2F961C5AD4311299CB6B347F39520DEA,B96A5D8720A5238FDEF434F1D678DDBC
SRR24541282,2023-05-13 12:48:14,2023-05-13 12:34:17,1025290,279179128,1025290,272,98,,https://sra-downloadb.be-md.ncbi.nlm.nih.gov/sos8/sra-pub-zq-820/SRR024/24541/SRR24541282/SRR24541282.lite.1,SRX20325511,UMB15_02_Ecoli_hybrid_selected_RNA,WGS,RANDOM,METATRANSCRIPTOMIC,PAIRED,0,0,ILLUMINA,Illumina NovaSeq 6000,SRP117119,PRJNA400628,,400628,SRS2500066,SAMN07583938,simple,408170,human gut metagenome,UMB15_02,,,,,,,no,,,,,BROAD INSTITUTE,SRA1637694,,public,BAB30155816E5535D396D41FBC40AF30,DD96ABC6CE88F5FEF4380FD1351344BF
SRR24541280,2023-05-13 12:48:14,2023-05-13 12:35:41,4022749,1095398868,4022749,272,380,,https://sra-downloadb.be-md.ncbi.nlm.nih.gov/sos8/sra-pub-zq-820/SRR024/24541/SRR24541280/SRR24541280.lite.1,SRX20325513,UMB15_06_Ecoli_hybrid_selected_RNA,WGS,RANDOM,METATRANSCRIPTOMIC,PAIRED,0,0,ILLUMINA,Illumina NovaSeq 6000,SRP117119,PRJNA400628,,400628,SRS2500083,SAMN07583943,simple,408170,human gut metagenome,UMB15_06,,,,,,,no,,,,,BROAD INSTITUTE,SRA1637694,,public,E2A8B6F18CB995A0E72FCB5606B57B85,ECB69E8DA3B1AC30A20D60217D26A7D1
SRR24541277,2023-05-13 12:48:14,2023-05-13 12:35:28,5206340,1432191739,5206340,275,517,,https://sra-downloadb.be-md.ncbi.nlm.nih.gov/sos8/sra-pub-zq-820/SRR024/24541/SRR24541277/SRR24541277.lite.1,SRX20325516,UMB16_06_Ecoli_hybrid_selected_RNA,WGS,RANDOM,METATRANSCRIPTOMIC,PAIRED,0,0,ILLUMINA,Illumina NovaSeq 6000,SRP117119,PRJNA400628,,400628,SRS2500067,SAMN07583952,simple,408170,human gut metagenome,UMB16_06,,,,,,,no,,,,,BROAD INSTITUTE,SRA1637694,,public,3429CCED509DC77E07AFFD01259D862F,031E3CCB7B364104A137E41997F3AB11
SRR24541291,2023-05-13 12:48:14,2023-05-13 12:34:15,1354357,378218540,1354357,279,136,,https://sra-downloadb.be-md.ncbi.nlm.nih.gov/sos8/sra-pub-zq-820/SRR024/24541/SRR24541291/SRR24541291.lite.1,SRX20325502,UMB12_02_Ecoli_hybrid_selected_RNA,WGS,RANDOM,METATRANSCRIPTOMIC,PAIRED,0,0,ILLUMINA,Illumina NovaSeq 6000,SRP117119,PRJNA400628,,400628,SRS2500055,SAMN07583910,simple,408170,human gut metagenome,UMB12_02,,,,,,,no,,,,,BROAD INSTITUTE,SRA1637694,,public,4D456E6337CA8FDADAD66EE440C13881,E97EDA383BC3336F8BA6716F5C5EF20C
SRR24541285,2023-05-13 12:48:14,2023-05-13 12:33:36,737,174892,737,237,0,,https://sra-downloadb.be-md.ncbi.nlm.nih.gov/sos8/sra-pub-zq-820/SRR024/24541/SRR24541285/SRR24541285.lite.1,SRX20325508,UMB13_09_Ecoli_hybrid_selected_RNA,WGS,RANDOM,METATRANSCRIPTOMIC,PAIRED,0,0,ILLUMINA,Illumina NovaSeq 6000,SRP117119,PRJNA400628,,400628,SRS2500064,SAMN07583930,simple,408170,human gut metagenome,UMB13_09,,,,,,,no,,,,,BROAD INSTITUTE,SRA1637694,,public,C56E47A32E158F15A26C72A8F777EC5E,60A427605C474CA78582A262C633D38D
SRR24541286,2023-05-13 12:48:14,2023-05-13 12:36:54,7548861,2022527013,7548861,267,718,,https://sra-downloadb.be-md.ncbi.nlm.nih.gov/sos8/sra-pub-zq-820/SRR024/24541/SRR24541286/SRR24541286.lite.1,SRX20325507,UMB13_08_Ecoli_hybrid_selected_RNA,WGS,RANDOM,METATRANSCRIPTOMIC,PAIRED,0,0,ILLUMINA,Illumina NovaSeq 6000,SRP117119,PRJNA400628,,400628,SRS2500101,SAMN07583929,simple,408170,human gut metagenome,UMB13_08,,,,,,,no,,,,,BROAD INSTITUTE,SRA1637694,,public,688A0BE17F9EDEA729211D64E62BBC38,4C5DC8B65A9011A91EA4D983088B1C73
SRR24541293,2023-05-13 12:48:14,2023-05-13 12:33:58,320566,86003566,320566,268,30,,https://sra-downloadb.be-md.ncbi.nlm.nih.gov/sos8/sra-pub-zq-820/SRR024/24541/SRR24541293/SRR24541293.lite.1,SRX20325500,UMB12_01.2_Ecoli_hybrid_selected_RNA,WGS,RANDOM,METATRANSCRIPTOMIC,PAIRED,0,0,ILLUMINA,Illumina NovaSeq 6000,SRP117119,PRJNA400628,,400628,SRS2508939,SAMN07583909,simple,408170,human gut metagenome,UMB12_01.2,,,,,,,no,,,,,BROAD INSTITUTE,SRA1637694,,public,962A5EC6E1784A89786D72D36FAAABDD,B65BF43C9520D1CCA9907732EE54AB96
SRR24541290,2023-05-13 12:48:14,2023-05-13 12:34:04,510912,133417993,510912,261,45,,https://sra-downloadb.be-md.ncbi.nlm.nih.gov/sos8/sra-pub-zq-820/SRR024/24541/SRR24541290/SRR24541290.lite.1,SRX20325503,UMB12_08_Ecoli_hybrid_selected_RNA,WGS,RANDOM,METATRANSCRIPTOMIC,PAIRED,0,0,ILLUMINA,Illumina NovaSeq 6000,SRP117119,PRJNA400628,,400628,SRS2508940,SAMN07583916,simple,408170,human gut metagenome,UMB12_08,,,,,,,no,,,,,BROAD INSTITUTE,SRA1637694,,public,461B833EAAB97277DD467D3913FA6AF5,46CE4EBF813CB707E64BAFDB7F00140A
SRR24541297,2023-05-13 12:48:14,2023-05-13 12:36:16,5481412,1513976246,5481412,276,543,,https://sra-downloadb.be-md.ncbi.nlm.nih.gov/sos8/sra-pub-zq-820/SRR024/24541/SRR24541297/SRR24541297.lite.1,SRX20325496,UMB11_06_Ecoli_hybrid_selected_RNA,WGS,RANDOM,METATRANSCRIPTOMIC,PAIRED,0,0,ILLUMINA,Illumina NovaSeq 6000,SRP117119,PRJNA400628,,400628,SRS2500027,SAMN07583900,simple,408170,human gut metagenome,UMB11_06,,,,,,,no,,,,,BROAD INSTITUTE,SRA1637694,,public,80143CF9666D7710F0362CECB886B4F9,3AEED897356C1B606417E4BFF8C05C02
SRR24541298,2023-05-13 12:48:14,2023-05-13 12:36:43,6774335,1819148356,6774335,268,647,,https://sra-downloadb.be-md.ncbi.nlm.nih.gov/sos8/sra-pub-zq-820/SRR024/24541/SRR24541298/SRR24541298.lite.1,SRX20325495,UMB11_05_Ecoli_hybrid_selected_RNA,WGS,RANDOM,METATRANSCRIPTOMIC,PAIRED,0,0,ILLUMINA,Illumina NovaSeq 6000,SRP117119,PRJNA400628,,400628,SRS2500040,SAMN07583899,simple,408170,human gut metagenome,UMB11_05,,,,,,,no,,,,,BROAD INSTITUTE,SRA1637694,,public,176197D2325A0926EA128A82488B1BFB,F6C87215C8B2387D70CF49D7A29D59F4
SRR24541296,2023-05-13 12:48:14,2023-05-13 12:35:14,3238916,871423734,3238916,269,309,,https://sra-downloadb.be-md.ncbi.nlm.nih.gov/sos8/sra-pub-zq-820/SRR024/24541/SRR24541296/SRR24541296.lite.1,SRX20325497,UMB11_07_Ecoli_hybrid_selected_RNA,WGS,RANDOM,METATRANSCRIPTOMIC,PAIRED,0,0,ILLUMINA,Illumina NovaSeq 6000,SRP117119,PRJNA400628,,400628,SRS2500057,SAMN07583901,simple,408170,human gut metagenome,UMB11_07,,,,,,,no,,,,,BROAD INSTITUTE,SRA1637694,,public,33A3833EBE6BAB90816E90C8BC2C6AA5,3945D34788B89AEC54688BB9C5846B10
SRR24541295,2023-05-13 12:48:14,2023-05-13 12:33:32,1884,477784,1884,253,0,,https://sra-downloadb.be-md.ncbi.nlm.nih.gov/sos8/sra-pub-zq-820/SRR024/24541/SRR24541295/SRR24541295.lite.1,SRX20325498,UMB11_08_Ecoli_hybrid_selected_RNA,WGS,RANDOM,METATRANSCRIPTOMIC,PAIRED,0,0,ILLUMINA,Illumina NovaSeq 6000,SRP117119,PRJNA400628,,400628,SRS2508918,SAMN07583902,simple,408170,human gut metagenome,UMB11_08,,,,,,,no,,,,,BROAD INSTITUTE,SRA1637694,,public,4A7C19754D4734C127B96FCF04AE2EDB,C5D6056A40B5F151AAF3F9040376C670
SRR24541294,2023-05-13 12:48:14,2023-05-13 12:34:10,488933,132609158,488933,271,47,,https://sra-downloadb.be-md.ncbi.nlm.nih.gov/sos8/sra-pub-zq-820/SRR024/24541/SRR24541294/SRR24541294.lite.1,SRX20325499,UMB11_11_Ecoli_hybrid_selected_RNA,WGS,RANDOM,METATRANSCRIPTOMIC,PAIRED,0,0,ILLUMINA,Illumina NovaSeq 6000,SRP117119,PRJNA400628,,400628,SRS2508919,SAMN07583905,simple,408170,human gut metagenome,UMB11_11,,,,,,,no,,,,,BROAD INSTITUTE,SRA1637694,,public,EB060128AAF18D091EE75E9A58D4F02A,4AA90ABC5DDC01A32AF60CB28A31D8A5
SRR24541303,2023-05-13 12:48:13,2023-05-13 12:33:36,722,183423,722,254,0,,https://sra-downloadb.be-md.ncbi.nlm.nih.gov/sos8/sra-pub-zq-820/SRR024/24541/SRR24541303/SRR24541303.lite.1,SRX20325490,UMB01_09_Ecoli_hybrid_selected_RNA,WGS,RANDOM,METATRANSCRIPTOMIC,PAIRED,0,0,ILLUMINA,Illumina NovaSeq 6000,SRP117119,PRJNA400628,,400628,SRS2499914,SAMN07583773,simple,408170,human gut metagenome,UMB01_09,,,,,,,no,,,,,BROAD INSTITUTE,SRA1637694,,public,67400A8D9E1DA936A7CA1EE82A6E6140,59F2A6A2CA5E14ECE060C831CCE80391
SRR24541299,2023-05-13 12:48:14,2023-05-13 12:33:57,420300,114934264,420300,273,41,,https://sra-downloadb.be-md.ncbi.nlm.nih.gov/sos8/sra-pub-zq-820/SRR024/24541/SRR24541299/SRR24541299.lite.1,SRX20325494,UMB11_03.1_Ecoli_hybrid_selected_RNA,WGS,RANDOM,METATRANSCRIPTOMIC,PAIRED,0,0,ILLUMINA,Illumina NovaSeq 6000,SRP117119,PRJNA400628,,400628,SRS2500023,SAMN07583896,simple,408170,human gut metagenome,UMB11_03.1,,,,,,,no,,,,,BROAD INSTITUTE,SRA1637694,,public,2928D8820CF2DCCD4875A3590D1E6682,C9E1CDCEBD5EE4B9032C6EB3CF139317
SRR24541300,2023-05-13 12:48:14,2023-05-13 12:34:55,3591045,963643931,3591045,268,345,,https://sra-downloadb.be-md.ncbi.nlm.nih.gov/sos8/sra-pub-zq-820/SRR024/24541/SRR24541300/SRR24541300.lite.1,SRX20325493,UMB11_03_Ecoli_hybrid_selected_RNA,WGS,RANDOM,METATRANSCRIPTOMIC,PAIRED,0,0,ILLUMINA,Illumina NovaSeq 6000,SRP117119,PRJNA400628,,400628,SRS2500025,SAMN07583895,simple,408170,human gut metagenome,UMB11_03,,,,,,,no,,,,,BROAD INSTITUTE,SRA1637694,,public,AC11E2E0709480F49E6454EA7FFA3F07,E256EF5CEF34B60B1662C5900474DAF4
SRR24541302,2023-05-13 12:48:13,2023-05-13 12:34:19,1258846,337568324,1258846,268,119,,https://sra-downloadb.be-md.ncbi.nlm.nih.gov/sos8/sra-pub-zq-820/SRR024/24541/SRR24541302/SRR24541302.lite.1,SRX20325491,UMB11_01_Ecoli_hybrid_selected_RNA,WGS,RANDOM,METATRANSCRIPTOMIC,PAIRED,0,0,ILLUMINA,Illumina NovaSeq 6000,SRP117119,PRJNA400628,,400628,SRS2500075,SAMN07583893,simple,408170,human gut metagenome,UMB11_01,,,,,,,no,,,,,BROAD INSTITUTE,SRA1637694,,public,A563885EBB3AB72949C2DDACF8642BAC,53303211F9873E4A14AF8C7525F140D9
SRR24541301,2023-05-13 12:48:14,2023-05-13 12:35:02,7015603,1933871027,7015603,275,675,,https://sra-downloadb.be-md.ncbi.nlm.nih.gov/sos8/sra-pub-zq-820/SRR024/24541/SRR24541301/SRR24541301.lite.1,SRX20325492,UMB11_02_Ecoli_hybrid_selected_RNA,WGS,RANDOM,METATRANSCRIPTOMIC,PAIRED,0,0,ILLUMINA,Illumina NovaSeq 6000,SRP117119,PRJNA400628,,400628,SRS2500091,SAMN07583894,simple,408170,human gut metagenome,UMB11_02,,,,,,,no,,,,,BROAD INSTITUTE,SRA1637694,,public,D8C2AE2DDB9426BD6A7C94860ACF67B5,159C95E3EA0BDE4B837E82F078F0495E
SRR24541308,2023-05-13 12:48:13,2023-05-13 12:34:19,1168668,324603250,1168668,277,117,,https://sra-downloadb.be-md.ncbi.nlm.nih.gov/sos8/sra-pub-zq-820/SRR024/24541/SRR24541308/SRR24541308.lite.1,SRX20325485,UMB10_03_Ecoli_hybrid_selected_RNA,WGS,RANDOM,METATRANSCRIPTOMIC,PAIRED,0,0,ILLUMINA,Illumina NovaSeq 6000,SRP117119,PRJNA400628,,400628,SRS2500024,SAMN07583883,simple,408170,human gut metagenome,UMB10_03,,,,,,,no,,,,,BROAD INSTITUTE,SRA1637694,,public,D9ED7CE27F1F5775992FEB5781115AEA,6F4003AAEB5A76F2BC82EBC097C62703
SRR24541307,2023-05-13 12:48:13,2023-05-13 12:33:39,9805,2444258,9805,249,0,,https://sra-downloadb.be-md.ncbi.nlm.nih.gov/sos8/sra-pub-zq-820/SRR024/24541/SRR24541307/SRR24541307.lite.1,SRX20325486,UMB10_07_Ecoli_hybrid_selected_RNA,WGS,RANDOM,METATRANSCRIPTOMIC,PAIRED,0,0,ILLUMINA,Illumina NovaSeq 6000,SRP117119,PRJNA400628,,400628,SRS2500053,SAMN07583887,simple,408170,human gut metagenome,UMB10_07,,,,,,,no,,,,,BROAD INSTITUTE,SRA1637694,,public,86712C446C2169EF1FB12CEBF30254EC,EB19E5528D1CCCE92708A3288426132C
SRR24541306,2023-05-13 12:48:13,2023-05-13 12:34:36,1829628,491572715,1829628,268,169,,https://sra-downloadb.be-md.ncbi.nlm.nih.gov/sos8/sra-pub-zq-820/SRR024/24541/SRR24541306/SRR24541306.lite.1,SRX20325487,UMB10_08_Ecoli_hybrid_selected_RNA,WGS,RANDOM,METATRANSCRIPTOMIC,PAIRED,0,0,ILLUMINA,Illumina NovaSeq 6000,SRP117119,PRJNA400628,,400628,SRS2500078,SAMN07583888,simple,408170,human gut metagenome,UMB10_08,,,,,,,no,,,,,BROAD INSTITUTE,SRA1637694,,public,480D560DB7A7879F13CACFE9E3112457,A5D246C717E07AE1281329C49840CDBE
SRR24541305,2023-05-13 12:48:13,2023-05-13 12:34:59,2763047,771401710,2763047,279,288,,https://sra-downloadb.be-md.ncbi.nlm.nih.gov/sos8/sra-pub-zq-820/SRR024/24541/SRR24541305/SRR24541305.lite.1,SRX20325488,UMB10_10_Ecoli_hybrid_selected_RNA,WGS,RANDOM,METATRANSCRIPTOMIC,PAIRED,0,0,ILLUMINA,Illumina NovaSeq 6000,SRP117119,PRJNA400628,,400628,SRS2500026,SAMN07583890,simple,408170,human gut metagenome,UMB10_10,,,,,,,no,,,,,BROAD INSTITUTE,SRA1637694,,public,2A1E616A8CC29202B0D7935DD59B85CD,70C14FFBAF4EFE351C9F228136EC9C93
SRR24541304,2023-05-13 12:48:13,2023-05-13 12:34:05,2094323,581215566,2094323,277,212,,https://sra-downloadb.be-md.ncbi.nlm.nih.gov/sos8/sra-pub-zq-820/SRR024/24541/SRR24541304/SRR24541304.lite.1,SRX20325489,UMB10_12_Ecoli_hybrid_selected_RNA,WGS,RANDOM,METATRANSCRIPTOMIC,PAIRED,0,0,ILLUMINA,Illumina NovaSeq 6000,SRP117119,PRJNA400628,,400628,SRS9254331,SAMN07583892,simple,408170,human gut metagenome,UMB10_12,,,,,,,no,,,,,BROAD INSTITUTE,SRA1637694,,public,B584A30CB01289943EA03EFF050C8297,D20BCF4DA8ED84CE049A458E0AD2F742
SRR24541314,2023-05-13 12:48:13,2023-05-13 12:35:08,3833549,1020196739,3833549,266,362,,https://sra-downloadb.be-md.ncbi.nlm.nih.gov/sos8/sra-pub-zq-820/SRR024/24541/SRR24541314/SRR24541314.lite.1,SRX20325479,UMB01_08_Ecoli_hybrid_selected_RNA,WGS,RANDOM,METATRANSCRIPTOMIC,PAIRED,0,0,ILLUMINA,Illumina NovaSeq 6000,SRP117119,PRJNA400628,,400628,SRS2499916,SAMN07583772,simple,408170,human gut metagenome,UMB01_08,,,,,,,no,,,,,BROAD INSTITUTE,SRA1637694,,public,372E301A1977DC08F4B30AC363E80CFE,5361B83181D6E14B7757AFD81A69F032
SRR24541313,2023-05-13 12:48:13,2023-05-13 12:34:28,1967264,525060702,1967264,266,186,,https://sra-downloadb.be-md.ncbi.nlm.nih.gov/sos8/sra-pub-zq-820/SRR024/24541/SRR24541313/SRR24541313.lite.1,SRX20325480,UMB08_08_Ecoli_hybrid_selected_RNA,WGS,RANDOM,METATRANSCRIPTOMIC,PAIRED,0,0,ILLUMINA,Illumina NovaSeq 6000,SRP117119,PRJNA400628,,400628,SRS2500009,SAMN07583867,simple,408170,human gut metagenome,UMB08_08,,,,,,,no,,,,,BROAD INSTITUTE,SRA1637694,,public,8565D42858A47F94BAE4220FF6E80527,A891787FF62069A14537E4B77B488606
SRR24541310,2023-05-13 12:48:13,2023-05-13 12:37:40,7405833,1947827605,7405833,263,679,,https://sra-downloadb.be-md.ncbi.nlm.nih.gov/sos8/sra-pub-zq-820/SRR024/24541/SRR24541310/SRR24541310.lite.1,SRX20325483,UMB09_06_Ecoli_hybrid_selected_RNA,WGS,RANDOM,METATRANSCRIPTOMIC,PAIRED,0,0,ILLUMINA,Illumina NovaSeq 6000,SRP117119,PRJNA400628,,400628,SRS2500010,SAMN07583874,simple,408170,human gut metagenome,UMB09_06,,,,,,,no,,,,,BROAD INSTITUTE,SRA1637694,,public,31209FE660683F5D5140B29E4F5CC5F0,FE6C52171332C64CCA1012CF4DF3F86A
SRR24541311,2023-05-13 12:48:13,2023-05-13 12:33:38,44348,12227376,44348,275,4,,https://sra-downloadb.be-md.ncbi.nlm.nih.gov/sos8/sra-pub-zq-820/SRR024/24541/SRR24541311/SRR24541311.lite.1,SRX20325482,UMB08_12_Ecoli_hybrid_selected_RNA,WGS,RANDOM,METATRANSCRIPTOMIC,PAIRED,0,0,ILLUMINA,Illumina NovaSeq 6000,SRP117119,PRJNA400628,,400628,SRS2500011,SAMN07583871,simple,408170,human gut metagenome,UMB08_12,,,,,,,no,,,,,BROAD INSTITUTE,SRA1637694,,public,6B40737CC2116F4E584A853E1F4F59F3,4174246F971FBD518650522AC66F5B47
SRR24541309,2023-05-13 12:48:13,2023-05-13 12:34:00,556144,151947194,556144,273,55,,https://sra-downloadb.be-md.ncbi.nlm.nih.gov/sos8/sra-pub-zq-820/SRR024/24541/SRR24541309/SRR24541309.lite.1,SRX20325484,UMB09_09_Ecoli_hybrid_selected_RNA,WGS,RANDOM,METATRANSCRIPTOMIC,PAIRED,0,0,ILLUMINA,Illumina NovaSeq 6000,SRP117119,PRJNA400628,,400628,SRS2500015,SAMN07583877,simple,408170,human gut metagenome,UMB09_09,,,,,,,no,,,,,BROAD INSTITUTE,SRA1637694,,public,1BE8A39D0B3CE57129CE03A2EE3A6D2A,DB34718C51E4E1C57687587C28BA7830
SRR24541316,2023-05-13 12:48:13,2023-05-13 12:34:02,788084,218597785,788084,277,76,,https://sra-downloadb.be-md.ncbi.nlm.nih.gov/sos8/sra-pub-zq-820/SRR024/24541/SRR24541316/SRR24541316.lite.1,SRX20325477,UMB08_06_Ecoli_hybrid_selected_RNA,WGS,RANDOM,METATRANSCRIPTOMIC,PAIRED,0,0,ILLUMINA,Illumina NovaSeq 6000,SRP117119,PRJNA400628,,400628,SRS2500005,SAMN07583865,simple,408170,human gut metagenome,UMB08_06,,,,,,,no,,,,,BROAD INSTITUTE,SRA1637694,,public,5623753CF697EEAB21293A5D7773592E,21BEE81E86C8A49B87A810286234AE26
SRR24541315,2023-05-13 12:48:13,2023-05-13 12:35:14,3991402,1096116748,3991402,274,385,,https://sra-downloadb.be-md.ncbi.nlm.nih.gov/sos8/sra-pub-zq-820/SRR024/24541/SRR24541315/SRR24541315.lite.1,SRX20325478,UMB08_07_Ecoli_hybrid_selected_RNA,WGS,RANDOM,METATRANSCRIPTOMIC,PAIRED,0,0,ILLUMINA,Illumina NovaSeq 6000,SRP117119,PRJNA400628,,400628,SRS2500007,SAMN07583866,simple,408170,human gut metagenome,UMB08_07,,,,,,,no,,,,,BROAD INSTITUTE,SRA1637694,,public,4F8358F52BA3FCE92B2FD4A440381953,F432C93114A77752A49704EFFC65CCDB
SRR24541319,2023-05-13 12:48:13,2023-05-13 12:34:46,2939225,800514808,2939225,272,281,,https://sra-downloadb.be-md.ncbi.nlm.nih.gov/sos8/sra-pub-zq-820/SRR024/24541/SRR24541319/SRR24541319.lite.1,SRX20325474,UMB22_09_Ecoli_hybrid_selected_RNA,WGS,RANDOM,METATRANSCRIPTOMIC,PAIRED,0,0,ILLUMINA,Illumina NovaSeq 6000,SRP117119,PRJNA400628,,400628,SRS9254165,SAMN07584036,simple,408170,human gut metagenome,UMB22_09,,,,,,,no,,,,,BROAD INSTITUTE,SRA1637694,,public,EBBC566BB34CD903A2EE934F183127FC,53EEE005CC11AAA8D7F0777379C8A634
SRR24541318,2023-05-13 12:48:13,2023-05-13 12:33:50,8248,2216267,8248,268,0,,https://sra-downloadb.be-md.ncbi.nlm.nih.gov/sos8/sra-pub-zq-820/SRR024/24541/SRR24541318/SRR24541318.lite.1,SRX20325475,UMB23_07_Ecoli_hybrid_selected_RNA,WGS,RANDOM,METATRANSCRIPTOMIC,PAIRED,0,0,ILLUMINA,Illumina NovaSeq 6000,SRP117119,PRJNA400628,,400628,SRS2500151,SAMN07584050,simple,408170,human gut metagenome,UMB23_07,,,,,,,no,,,,,BROAD INSTITUTE,SRA1637694,,public,4BAF2A72689BEBAAE9405709B838BDFB,AFF9E6B1349DB08485E3F90FD85E24F1
SRR24541317,2023-05-13 12:48:13,2023-05-13 12:35:27,5213332,1387045524,5213332,266,491,,https://sra-downloadb.be-md.ncbi.nlm.nih.gov/sos8/sra-pub-zq-820/SRR024/24541/SRR24541317/SRR24541317.lite.1,SRX20325476,UMB24_01_Ecoli_hybrid_selected_RNA,WGS,RANDOM,METATRANSCRIPTOMIC,PAIRED,0,0,ILLUMINA,Illumina NovaSeq 6000,SRP117119,PRJNA400628,,400628,SRS2500159,SAMN07584057,simple,408170,human gut metagenome,UMB24_01,,,,,,,no,,,,,BROAD INSTITUTE,SRA1637694,,public,7B28AC56EEE351919BD51EF77AD7D458,CB2D23820E5B5DE94618AD20B449E86E
SRR24541320,2023-05-13 12:48:13,2023-05-13 12:35:34,3928154,1087234627,3928154,276,382,,https://sra-downloadb.be-md.ncbi.nlm.nih.gov/sos8/sra-pub-zq-820/SRR024/24541/SRR24541320/SRR24541320.lite.1,SRX20325473,UMB02_06_Ecoli_hybrid_selected_RNA,WGS,RANDOM,METATRANSCRIPTOMIC,PAIRED,0,0,ILLUMINA,Illumina NovaSeq 6000,SRP117119,PRJNA400628,,400628,SRS2499939,SAMN07583783,simple,408170,human gut metagenome,UMB02_06,,,,,,,no,,,,,BROAD INSTITUTE,SRA1637694,,public,AE53E105C21BB58990FBA1D743EADEAF,40DA69F50F5F95E5DF459AC23E5074DE
SRR24541325,2023-05-13 12:48:13,2023-05-13 12:33:39,3021,751653,3021,248,0,,https://sra-downloadb.be-md.ncbi.nlm.nih.gov/sos8/sra-pub-zq-820/SRR024/24541/SRR24541325/SRR24541325.lite.1,SRX20325468,UMB21_08_Ecoli_hybrid_selected_RNA,WGS,RANDOM,METATRANSCRIPTOMIC,PAIRED,0,0,ILLUMINA,Illumina NovaSeq 6000,SRP117119,PRJNA400628,,400628,SRS2500107,SAMN07584023,simple,408170,human gut metagenome,UMB21_08,,,,,,,no,,,,,BROAD INSTITUTE,SRA1637694,,public,D396DB50C21F6E22CB5D56278C42F09B,3B5475F7C2DB5DBADF3D739BCBE484CD
SRR24541324,2023-05-13 12:48:13,2023-05-13 12:35:23,3715845,1022176098,3715845,275,367,,https://sra-downloadb.be-md.ncbi.nlm.nih.gov/sos8/sra-pub-zq-820/SRR024/24541/SRR24541324/SRR24541324.lite.1,SRX20325469,UMB22_02_Ecoli_hybrid_selected_RNA,WGS,RANDOM,METATRANSCRIPTOMIC,PAIRED,0,0,ILLUMINA,Illumina NovaSeq 6000,SRP117119,PRJNA400628,,400628,SRS2500139,SAMN07584029,simple,408170,human gut metagenome,UMB22_02,,,,,,,no,,,,,BROAD INSTITUTE,SRA1637694,,public,8B5DC450FBC38F9E332CF2ACF73F88BA,E35FFDDC95BDE4B4AB7BE81A75C8993F
SRR24541322,2023-05-13 12:48:13,2023-05-13 12:34:18,1206323,323812743,1206323,268,111,,https://sra-downloadb.be-md.ncbi.nlm.nih.gov/sos8/sra-pub-zq-820/SRR024/24541/SRR24541322/SRR24541322.lite.1,SRX20325471,UMB22_05_Ecoli_hybrid_selected_RNA,WGS,RANDOM,METATRANSCRIPTOMIC,PAIRED,0,0,ILLUMINA,Illumina NovaSeq 6000,SRP117119,PRJNA400628,,400628,SRS2500162,SAMN07584032,simple,408170,human gut metagenome,UMB22_05,,,,,,,no,,,,,BROAD INSTITUTE,SRA1637694,,public,74B73A6610C476F6E84D65DD6EF7E0C0,3261C8BFC160205F7371BDAD40CA021C
SRR24541321,2023-05-13 12:48:13,2023-05-13 12:34:23,1905421,502418803,1905421,263,172,,https://sra-downloadb.be-md.ncbi.nlm.nih.gov/sos8/sra-pub-zq-820/SRR024/24541/SRR24541321/SRR24541321.lite.1,SRX20325472,UMB22_07_Ecoli_hybrid_selected_RNA,WGS,RANDOM,METATRANSCRIPTOMIC,PAIRED,0,0,ILLUMINA,Illumina NovaSeq 6000,SRP117119,PRJNA400628,,400628,SRS2500113,SAMN07584034,simple,408170,human gut metagenome,UMB22_07,,,,,,,no,,,,,BROAD INSTITUTE,SRA1637694,,public,A595BA8E80E2DED96790CC3738490ED4,8CD57DA5101C447B9957407F6B23FF17
SRR24541330,2023-05-13 12:48:13,2023-05-13 12:33:56,328124,90502005,328124,275,33,,https://sra-downloadb.be-md.ncbi.nlm.nih.gov/sos8/sra-pub-zq-820/SRR024/24541/SRR24541330/SRR24541330.lite.1,SRX20325463,UMB20_04.1_Ecoli_hybrid_selected_RNA,WGS,RANDOM,METATRANSCRIPTOMIC,PAIRED,0,0,ILLUMINA,Illumina NovaSeq 6000,SRP117119,PRJNA400628,,400628,SRS2508950,SAMN07584005,simple,408170,human gut metagenome,UMB20_04.1,,,,,,,no,,,,,BROAD INSTITUTE,SRA1637694,,public,6472FB35E45520111A16B7C7633FEB6F,F0C81CBF74DDC73C3C82DD567FD69C90
SRR24541329,2023-05-13 12:48:13,2023-05-13 12:34:46,2765196,759343614,2765196,274,269,,https://sra-downloadb.be-md.ncbi.nlm.nih.gov/sos8/sra-pub-zq-820/SRR024/24541/SRR24541329/SRR24541329.lite.1,SRX20325464,UMB20_05.1_Ecoli_hybrid_selected_RNA,WGS,RANDOM,METATRANSCRIPTOMIC,PAIRED,0,0,ILLUMINA,Illumina NovaSeq 6000,SRP117119,PRJNA400628,,400628,SRS2500125,SAMN07584007,simple,408170,human gut metagenome,UMB20_05.1,,,,,,,no,,,,,BROAD INSTITUTE,SRA1637694,,public,DA71E62973CD5E8FF06C8C6621634E2A,E606A6C2BAE379848F5B9099DD103E50
SRR24541328,2023-05-13 12:48:13,2023-05-13 12:33:41,2845,740916,2845,260,0,,https://sra-downloadb.be-md.ncbi.nlm.nih.gov/sos8/sra-pub-zq-820/SRR024/24541/SRR24541328/SRR24541328.lite.1,SRX20325465,UMB20_09_Ecoli_hybrid_selected_RNA,WGS,RANDOM,METATRANSCRIPTOMIC,PAIRED,0,0,ILLUMINA,Illumina NovaSeq 6000,SRP117119,PRJNA400628,,400628,SRS9254158,SAMN07584011,simple,408170,human gut metagenome,UMB20_09,,,,,,,no,,,,,BROAD INSTITUTE,SRA1637694,,public,35091914BE07F80358BDA3436D5CE34C,5D81EE326EAE7FFEF7EE38A784E957BF
SRR24541327,2023-05-13 12:48:13,2023-05-13 12:37:02,7662302,2071299688,7662302,270,730,,https://sra-downloadb.be-md.ncbi.nlm.nih.gov/sos8/sra-pub-zq-820/SRR024/24541/SRR24541327/SRR24541327.lite.1,SRX20325466,UMB20_10.1_Ecoli_hybrid_selected_RNA,WGS,RANDOM,METATRANSCRIPTOMIC,PAIRED,0,0,ILLUMINA,Illumina NovaSeq 6000,SRP117119,PRJNA400628,,400628,SRS9254160,SAMN07584013,simple,408170,human gut metagenome,UMB20_10.1,,,,,,,no,,,,,BROAD INSTITUTE,SRA1637694,,public,5975F44E872651ED4230267222C90FEF,ED020D9F1C13181FCC19D4CB149A144A
SRR24541326,2023-05-13 12:48:13,2023-05-13 12:35:43,4222690,1165385583,4222690,275,411,,https://sra-downloadb.be-md.ncbi.nlm.nih.gov/sos8/sra-pub-zq-820/SRR024/24541/SRR24541326/SRR24541326.lite.1,SRX20325467,UMB21_06_Ecoli_hybrid_selected_RNA,WGS,RANDOM,METATRANSCRIPTOMIC,PAIRED,0,0,ILLUMINA,Illumina NovaSeq 6000,SRP117119,PRJNA400628,,400628,SRS2500146,SAMN07584021,simple,408170,human gut metagenome,UMB21_06,,,,,,,no,,,,,BROAD INSTITUTE,SRA1637694,,public,39F887EB2DC55B2C408A772027D9F65D,1A327E057787543A2904A3FE756132F2
SRR24541331,2023-05-13 12:48:13,2023-05-13 12:34:42,2136897,588725159,2136897,275,206,,https://sra-downloadb.be-md.ncbi.nlm.nih.gov/sos8/sra-pub-zq-820/SRR024/24541/SRR24541331/SRR24541331.lite.1,SRX20325462,UMB02_03_Ecoli_hybrid_selected_RNA,WGS,RANDOM,METATRANSCRIPTOMIC,PAIRED,0,0,ILLUMINA,Illumina NovaSeq 6000,SRP117119,PRJNA400628,,400628,SRS2499940,SAMN07583780,simple,408170,human gut metagenome,UMB02_03,,,,,,,no,,,,,BROAD INSTITUTE,SRA1637694,,public,1131FD1A465473FFD1B4898CCD19FBB7,8A1BAC039716EBB59B8CAC0FE2D08D19
SRR24541338,2023-05-13 12:48:13,2023-05-13 12:33:33,6246,1555863,6246,249,0,,https://sra-downloadb.be-md.ncbi.nlm.nih.gov/sos8/sra-pub-zq-820/SRR024/24541/SRR24541338/SRR24541338.lite.1,SRX20325455,UMB19_03_Ecoli_hybrid_selected_RNA,WGS,RANDOM,METATRANSCRIPTOMIC,PAIRED,0,0,ILLUMINA,Illumina NovaSeq 6000,SRP117119,PRJNA400628,,400628,SRS2500049,SAMN07583985,simple,408170,human gut metagenome,UMB19_03,,,,,,,no,,,,,BROAD INSTITUTE,SRA1637694,,public,5BB54ACF3B2D856CFE03A89E58A596B8,065F18B46198219C955761E35BC6BB26
SRR24541335,2023-05-13 12:48:13,2023-05-13 12:34:23,1003616,268356294,1003616,267,92,,https://sra-downloadb.be-md.ncbi.nlm.nih.gov/sos8/sra-pub-zq-820/SRR024/24541/SRR24541335/SRR24541335.lite.1,SRX20325458,UMB19_07_Ecoli_hybrid_selected_RNA,WGS,RANDOM,METATRANSCRIPTOMIC,PAIRED,0,0,ILLUMINA,Illumina NovaSeq 6000,SRP117119,PRJNA400628,,400628,SRS2500070,SAMN07583989,simple,408170,human gut metagenome,UMB19_07,,,,,,,no,,,,,BROAD INSTITUTE,SRA1637694,,public,C8087A7C5EFF4690D08A587BCC96BE89,8BD147324A24BD4CFE880B67B62D3FB3
SRR24541336,2023-05-13 12:48:13,2023-05-13 12:34:46,2323494,633906883,2323494,272,219,,https://sra-downloadb.be-md.ncbi.nlm.nih.gov/sos8/sra-pub-zq-820/SRR024/24541/SRR24541336/SRR24541336.lite.1,SRX20325457,UMB19_05_Ecoli_hybrid_selected_RNA,WGS,RANDOM,METATRANSCRIPTOMIC,PAIRED,0,0,ILLUMINA,Illumina NovaSeq 6000,SRP117119,PRJNA400628,,400628,SRS2500150,SAMN07583987,simple,408170,human gut metagenome,UMB19_05,,,,,,,no,,,,,BROAD INSTITUTE,SRA1637694,,public,543A444986060C95B05EB2367F94D446,E72196AF0C17FF48EEE2FC3AA65CF4E7
SRR24541333,2023-05-13 12:48:13,2023-05-13 12:37:20,7613442,2111932902,7613442,277,741,,https://sra-downloadb.be-md.ncbi.nlm.nih.gov/sos8/sra-pub-zq-820/SRR024/24541/SRR24541333/SRR24541333.lite.1,SRX20325460,UMB19_11_Ecoli_hybrid_selected_RNA,WGS,RANDOM,METATRANSCRIPTOMIC,PAIRED,0,0,ILLUMINA,Illumina NovaSeq 6000,SRP117119,PRJNA400628,,400628,SRS9254156,SAMN07583993,simple,408170,human gut metagenome,UMB19_11,,,,,,,no,,,,,BROAD INSTITUTE,SRA1637694,,public,F03B06D49751B9F0560D8A45FAFDE1B2,2DB680E40CEC9AE396562C1808DD8A88
SRR24541343,2023-05-13 12:48:13,2023-05-13 12:34:06,667850,175661991,667850,263,62,,https://sra-downloadb.be-md.ncbi.nlm.nih.gov/sos8/sra-pub-zq-820/SRR024/24541/SRR24541343/SRR24541343.lite.1,SRX20325450,UMB08_03_Ecoli_hybrid_selected_RNA,WGS,RANDOM,METATRANSCRIPTOMIC,PAIRED,0,0,ILLUMINA,Illumina NovaSeq 6000,SRP117119,PRJNA400628,,400628,SRS2499997,SAMN07583862,simple,408170,human gut metagenome,UMB08_03,,,,,,,no,,,,,BROAD INSTITUTE,SRA1637694,,public,30F785483F7A43F0D7F77A1E35F8689D,EAA075D8A64EB83E44F74F7B301C35C9
SRR24541342,2023-05-13 12:48:13,2023-05-13 12:34:17,1364395,376824295,1364395,276,137,,https://sra-downloadb.be-md.ncbi.nlm.nih.gov/sos8/sra-pub-zq-820/SRR024/24541/SRR24541342/SRR24541342.lite.1,SRX20325451,UMB08_04_Ecoli_hybrid_selected_RNA,WGS,RANDOM,METATRANSCRIPTOMIC,PAIRED,0,0,ILLUMINA,Illumina NovaSeq 6000,SRP117119,PRJNA400628,,400628,SRS2499998,SAMN07583863,simple,408170,human gut metagenome,UMB08_04,,,,,,,no,,,,,BROAD INSTITUTE,SRA1637694,,public,FD91F755AD14A958B038DF3EBA3CE2A0,B75902381DEE54ED62D1E346F5BAB537
SRR24541341,2023-05-13 12:48:13,2023-05-13 12:33:32,3089,783605,3089,253,0,,https://sra-downloadb.be-md.ncbi.nlm.nih.gov/sos8/sra-pub-zq-820/SRR024/24541/SRR24541341/SRR24541341.lite.1,SRX20325452,UMB08_05_Ecoli_hybrid_selected_RNA,WGS,RANDOM,METATRANSCRIPTOMIC,PAIRED,0,0,ILLUMINA,Illumina NovaSeq 6000,SRP117119,PRJNA400628,,400628,SRS2500006,SAMN07583864,simple,408170,human gut metagenome,UMB08_05,,,,,,,no,,,,,BROAD INSTITUTE,SRA1637694,,public,AA1450C244C688F865D69F54BB3AE422,E4864C5F3749C47D0AFFA85E88696799
SRR24541340,2023-05-13 12:48:13,2023-05-13 12:35:26,5110331,1352443974,5110331,264,476,,https://sra-downloadb.be-md.ncbi.nlm.nih.gov/sos8/sra-pub-zq-820/SRR024/24541/SRR24541340/SRR24541340.lite.1,SRX20325453,UMB18_10.1_Ecoli_hybrid_selected_RNA,WGS,RANDOM,METATRANSCRIPTOMIC,PAIRED,0,0,ILLUMINA,Illumina NovaSeq 6000,SRP117119,PRJNA400628,,400628,SRS9254336,SAMN07583980,simple,408170,human gut metagenome,UMB18_10.1,,,,,,,no,,,,,BROAD INSTITUTE,SRA1637694,,public,7391DD0A4A0355A3336D7C00E393E5E8,2B45020F3E1AF61E7D7502AE984E74DC
SRR24541339,2023-05-13 12:48:13,2023-05-13 12:36:08,6383434,1715946723,6383434,268,607,,https://sra-downloadb.be-md.ncbi.nlm.nih.gov/sos8/sra-pub-zq-820/SRR024/24541/SRR24541339/SRR24541339.lite.1,SRX20325454,UMB18_10.2_Ecoli_hybrid_selected_RNA,WGS,RANDOM,METATRANSCRIPTOMIC,PAIRED,0,0,ILLUMINA,Illumina NovaSeq 6000,SRP117119,PRJNA400628,,400628,SRS9254339,SAMN07583981,simple,408170,human gut metagenome,UMB18_10.2,,,,,,,no,,,,,BROAD INSTITUTE,SRA1637694,,public,19BBB47F7B0443947FE9654F733C11CA,48316A6AAA2D8B96EC9C87BF5F502E89
SRR24541349,2023-05-13 12:48:13,2023-05-13 12:37:13,7268949,1920457391,7268949,264,674,,https://sra-downloadb.be-md.ncbi.nlm.nih.gov/sos8/sra-pub-zq-820/SRR024/24541/SRR24541349/SRR24541349.lite.1,SRX20325444,UMB01_06_Ecoli_hybrid_selected_RNA,WGS,RANDOM,METATRANSCRIPTOMIC,PAIRED,0,0,ILLUMINA,Illumina NovaSeq 6000,SRP117119,PRJNA400628,,400628,SRS2499923,SAMN07583770,simple,408170,human gut metagenome,UMB01_06,,,,,,,no,,,,,BROAD INSTITUTE,SRA1637694,,public,6F788311705C51299FDF0970919435A9,898452DC6C3CAA92050244589EEE8DB6
SRR24541350,2023-05-13 12:48:13,2023-05-13 12:34:10,1252227,338592667,1252227,270,115,,https://sra-downloadb.be-md.ncbi.nlm.nih.gov/sos8/sra-pub-zq-820/SRR024/24541/SRR24541350/SRR24541350.lite.1,SRX20325443,UMB07_03_Ecoli_hybrid_selected_RNA,WGS,RANDOM,METATRANSCRIPTOMIC,PAIRED,0,0,ILLUMINA,Illumina NovaSeq 6000,SRP117119,PRJNA400628,,400628,SRS2499990,SAMN07583848,simple,408170,human gut metagenome,UMB07_03,,,,,,,no,,,,,BROAD INSTITUTE,SRA1637694,,public,90AC47BAE8F001E66B4BA441EBE37EA3,DEE2B8455B98DD1D3D8C18F2B511741D
SRR24541347,2023-05-13 12:48:13,2023-05-13 12:34:34,2215398,613258951,2215398,276,220,,https://sra-downloadb.be-md.ncbi.nlm.nih.gov/sos8/sra-pub-zq-820/SRR024/24541/SRR24541347/SRR24541347.lite.1,SRX20325446,UMB07_09_Ecoli_hybrid_selected_RNA,WGS,RANDOM,METATRANSCRIPTOMIC,PAIRED,0,0,ILLUMINA,Illumina NovaSeq 6000,SRP117119,PRJNA400628,,400628,SRS2500000,SAMN07583854,simple,408170,human gut metagenome,UMB07_09,,,,,,,no,,,,,BROAD INSTITUTE,SRA1637694,,public,FA82132A4BB4B7067AC16A87B7357FB0,EAA361020970F3966D5A649CB1B58D89
SRR24541345,2023-05-13 12:48:13,2023-05-13 12:34:07,781160,212543573,781160,272,73,,https://sra-downloadb.be-md.ncbi.nlm.nih.gov/sos8/sra-pub-zq-820/SRR024/24541/SRR24541345/SRR24541345.lite.1,SRX20325448,UMB07_12_Ecoli_hybrid_selected_RNA,WGS,RANDOM,METATRANSCRIPTOMIC,PAIRED,0,0,ILLUMINA,Illumina NovaSeq 6000,SRP117119,PRJNA400628,,400628,SRS2500001,SAMN07583857,simple,408170,human gut metagenome,UMB07_12,,,,,,,no,,,,,BROAD INSTITUTE,SRA1637694,,public,32C0A5EF56B61B5F3AD2A859A43367FF,7CA229A22ECA40DC9A2CD9354C4E5F63
SRR24541344,2023-05-13 12:48:13,2023-05-13 12:33:46,126058,32338555,126058,256,11,,https://sra-downloadb.be-md.ncbi.nlm.nih.gov/sos8/sra-pub-zq-820/SRR024/24541/SRR24541344/SRR24541344.lite.1,SRX20325449,UMB08_02_Ecoli_hybrid_selected_RNA,WGS,RANDOM,METATRANSCRIPTOMIC,PAIRED,0,0,ILLUMINA,Illumina NovaSeq 6000,SRP117119,PRJNA400628,,400628,SRS2499995,SAMN07583860,simple,408170,human gut metagenome,UMB08_02,,,,,,,no,,,,,BROAD INSTITUTE,SRA1637694,,public,9259BF71AEC7BFFB692EB3B0FEA1C304,ECDCC7F35FCC191A82A415AB9B659A0F
SRR24541355,2023-05-13 12:48:13,2023-05-13 12:35:13,4408084,1178069989,4408084,267,415,,https://sra-downloadb.be-md.ncbi.nlm.nih.gov/sos8/sra-pub-zq-820/SRR024/24541/SRR24541355/SRR24541355.lite.1,SRX20325438,UMB03_07_Ecoli_hybrid_selected_RNA,WGS,RANDOM,METATRANSCRIPTOMIC,PAIRED,0,0,ILLUMINA,Illumina NovaSeq 6000,SRP117119,PRJNA400628,,400628,SRS2499956,SAMN07583797,simple,408170,human gut metagenome,UMB03_07,,,,,,,no,,,,,BROAD INSTITUTE,SRA1637694,,public,0F02A09B90455CA5884614A79B364178,FA993E91D06EDAF0DE2086D7BC299C96
SRR24541354,2023-05-13 12:48:13,2023-05-13 12:36:04,5966559,1581759028,5966559,265,553,,https://sra-downloadb.be-md.ncbi.nlm.nih.gov/sos8/sra-pub-zq-820/SRR024/24541/SRR24541354/SRR24541354.lite.1,SRX20325439,UMB03_08_Ecoli_hybrid_selected_RNA,WGS,RANDOM,METATRANSCRIPTOMIC,PAIRED,0,0,ILLUMINA,Illumina NovaSeq 6000,SRP117119,PRJNA400628,,400628,SRS2499937,SAMN07583798,simple,408170,human gut metagenome,UMB03_08,,,,,,,no,,,,,BROAD INSTITUTE,SRA1637694,,public,7A5336C0AEB7395173B6BFA8AD1AF0A9,C356D89428774CB5EADF2F90404BCA45
SRR24541353,2023-05-13 12:48:13,2023-05-13 12:35:19,4012226,1063095161,4012226,264,373,,https://sra-downloadb.be-md.ncbi.nlm.nih.gov/sos8/sra-pub-zq-820/SRR024/24541/SRR24541353/SRR24541353.lite.1,SRX20325440,UMB03_09_Ecoli_hybrid_selected_RNA,WGS,RANDOM,METATRANSCRIPTOMIC,PAIRED,0,0,ILLUMINA,Illumina NovaSeq 6000,SRP117119,PRJNA400628,,400628,SRS2499929,SAMN07583799,simple,408170,human gut metagenome,UMB03_09,,,,,,,no,,,,,BROAD INSTITUTE,SRA1637694,,public,3ADDFE90C7685F9368991C3FD0D75BFD,D2A2EE784A547759509985F2A434017A
SRR24541352,2023-05-13 12:48:13,2023-05-13 12:36:31,6917256,1839726954,6917256,265,653,,https://sra-downloadb.be-md.ncbi.nlm.nih.gov/sos8/sra-pub-zq-820/SRR024/24541/SRR24541352/SRR24541352.lite.1,SRX20325441,UMB04_01_Ecoli_hybrid_selected_RNA,WGS,RANDOM,METATRANSCRIPTOMIC,PAIRED,0,0,ILLUMINA,Illumina NovaSeq 6000,SRP117119,PRJNA400628,,400628,SRS2499933,SAMN07583804,simple,408170,human gut metagenome,UMB04_01,,,,,,,no,,,,,BROAD INSTITUTE,SRA1637694,,public,44A9F7C711DBC12BB22FDEE3942B7C33,2A0354B4E1324286624CF178064839A9
SRR24541357,2023-05-13 12:48:13,2023-05-13 12:36:29,7947672,2075210008,7947672,261,734,,https://sra-downloadb.be-md.ncbi.nlm.nih.gov/sos8/sra-pub-zq-820/SRR024/24541/SRR24541357/SRR24541357.lite.1,SRX20325436,UMB31_06_Ecoli_hybrid_selected_RNA,WGS,RANDOM,METATRANSCRIPTOMIC,PAIRED,0,0,ILLUMINA,Illumina NovaSeq 6000,SRP117119,PRJNA400628,,400628,SRS9254210,SAMN07584135,simple,408170,human gut metagenome,UMB31_06,,,,,,,no,,,,,BROAD INSTITUTE,SRA1637694,,public,317AB7CB65FD28695632FEAAEBE980E5,2A62115524F4E98BADFABFC7E8C60A64
SRR24541362,2023-05-13 12:48:13,2023-05-13 12:35:21,3746131,1036298004,3746131,276,376,,https://sra-downloadb.be-md.ncbi.nlm.nih.gov/sos8/sra-pub-zq-820/SRR024/24541/SRR24541362/SRR24541362.lite.1,SRX20325431,UMB29_07_Ecoli_hybrid_selected_RNA,WGS,RANDOM,METATRANSCRIPTOMIC,PAIRED,0,0,ILLUMINA,Illumina NovaSeq 6000,SRP117119,PRJNA400628,,400628,SRS9254204,SAMN07584122,simple,408170,human gut metagenome,UMB29_07,,,,,,,no,,,,,BROAD INSTITUTE,SRA1637694,,public,24C7E4B339827A11AB53EC1206F9C0BF,8570E7F2CBA8740E073E11A0C23998EE
SRR24541361,2023-05-13 12:48:13,2023-05-13 12:35:09,3232805,894163271,3232805,276,319,,https://sra-downloadb.be-md.ncbi.nlm.nih.gov/sos8/sra-pub-zq-820/SRR024/24541/SRR24541361/SRR24541361.lite.1,SRX20325432,UMB31_00_Ecoli_hybrid_selected_RNA,WGS,RANDOM,METATRANSCRIPTOMIC,PAIRED,0,0,ILLUMINA,Illumina NovaSeq 6000,SRP117119,PRJNA400628,,400628,SRS2500668,SAMN07584129,simple,408170,human gut metagenome,UMB31_00,,,,,,,no,,,,,BROAD INSTITUTE,SRA1637694,,public,9C8D4F023255D4019F53E0EF526F2969,CC728B2E894AB4746087BA572F40F35D
SRR24541360,2023-05-13 12:48:13,2023-05-13 12:35:06,3840395,1063264217,3840395,276,377,,https://sra-downloadb.be-md.ncbi.nlm.nih.gov/sos8/sra-pub-zq-820/SRR024/24541/SRR24541360/SRR24541360.lite.1,SRX20325433,UMB31_01_Ecoli_hybrid_selected_RNA,WGS,RANDOM,METATRANSCRIPTOMIC,PAIRED,0,0,ILLUMINA,Illumina NovaSeq 6000,SRP117119,PRJNA400628,,400628,SRS2500670,SAMN07584130,simple,408170,human gut metagenome,UMB31_01,,,,,,,no,,,,,BROAD INSTITUTE,SRA1637694,,public,00B60BE9B4F2D74CB42965FED453D38A,B1A7A3BF8D895E7025E4F3BB42A8B228
SRR24541359,2023-05-13 12:48:13,2023-05-13 12:34:50,2557310,680060836,2557310,265,229,,https://sra-downloadb.be-md.ncbi.nlm.nih.gov/sos8/sra-pub-zq-820/SRR024/24541/SRR24541359/SRR24541359.lite.1,SRX20325434,UMB31_03_Ecoli_hybrid_selected_RNA,WGS,RANDOM,METATRANSCRIPTOMIC,PAIRED,0,0,ILLUMINA,Illumina NovaSeq 6000,SRP117119,PRJNA400628,,400628,SRS2500667,SAMN07584132,simple,408170,human gut metagenome,UMB31_03,,,,,,,no,,,,,BROAD INSTITUTE,SRA1637694,,public,EE02F42CE0DBAE908E4B2B058DD22729,61B46ED297AFBD4AB14CB8EEB424B763
SRR24541358,2023-05-13 12:48:13,2023-05-13 12:36:08,5398931,1451376381,5398931,268,508,,https://sra-downloadb.be-md.ncbi.nlm.nih.gov/sos8/sra-pub-zq-820/SRR024/24541/SRR24541358/SRR24541358.lite.1,SRX20325435,UMB31_05_Ecoli_hybrid_selected_RNA,WGS,RANDOM,METATRANSCRIPTOMIC,PAIRED,0,0,ILLUMINA,Illumina NovaSeq 6000,SRP117119,PRJNA400628,,400628,SRS2500669,SAMN07584134,simple,408170,human gut metagenome,UMB31_05,,,,,,,no,,,,,BROAD INSTITUTE,SRA1637694,,public,E2903C797A096CFD323CC81B2734C596,A3D2FA33C71FE94033D01F95C22C2AA8
SRR24541367,2023-05-13 12:48:12,2023-05-13 12:36:05,4880890,1286127051,4880890,263,452,,https://sra-downloadb.be-md.ncbi.nlm.nih.gov/sos8/sra-pub-zq-820/SRR024/24541/SRR24541367/SRR24541367.lite.1,SRX20325426,UMB03_01_Ecoli_hybrid_selected_RNA,WGS,RANDOM,METATRANSCRIPTOMIC,PAIRED,0,0,ILLUMINA,Illumina NovaSeq 6000,SRP117119,PRJNA400628,,400628,SRS2499942,SAMN07583791,simple,408170,human gut metagenome,UMB03_01,,,,,,,no,,,,,BROAD INSTITUTE,SRA1637694,,public,F14F2D61DB374567B2DFE74E8AFECF66,4CEBEB4697888DE43990BE187CF07121
SRR24541366,2023-05-13 12:48:12,2023-05-13 12:34:26,1079460,298505735,1079460,276,109,,https://sra-downloadb.be-md.ncbi.nlm.nih.gov/sos8/sra-pub-zq-820/SRR024/24541/SRR24541366/SRR24541366.lite.1,SRX20325427,UMB29_02_Ecoli_hybrid_selected_RNA,WGS,RANDOM,METATRANSCRIPTOMIC,PAIRED,0,0,ILLUMINA,Illumina NovaSeq 6000,SRP117119,PRJNA400628,,400628,SRS2500660,SAMN07584117,simple,408170,human gut metagenome,UMB29_02,,,,,,,no,,,,,BROAD INSTITUTE,SRA1637694,,public,DEF47226E2CF886F0444FC9CCC59ACC2,E0ADEFAB6E422E973734693E03D9F898
SRR24541365,2023-05-13 12:48:12,2023-05-13 12:34:10,948711,254551794,948711,268,89,,https://sra-downloadb.be-md.ncbi.nlm.nih.gov/sos8/sra-pub-zq-820/SRR024/24541/SRR24541365/SRR24541365.lite.1,SRX20325428,UMB29_03_Ecoli_hybrid_selected_RNA,WGS,RANDOM,METATRANSCRIPTOMIC,PAIRED,0,0,ILLUMINA,Illumina NovaSeq 6000,SRP117119,PRJNA400628,,400628,SRS9254203,SAMN07584118,simple,408170,human gut metagenome,UMB29_03,,,,,,,no,,,,,BROAD INSTITUTE,SRA1637694,,public,5C3A8488BD2559E6835C22E5C7247EA4,9285805120ECE540991DF7F698470F06
SRR24541364,2023-05-13 12:48:12,2023-05-13 12:33:37,1175,269536,1175,229,0,,https://sra-downloadb.be-md.ncbi.nlm.nih.gov/sos8/sra-pub-zq-820/SRR024/24541/SRR24541364/SRR24541364.lite.1,SRX20325429,UMB29_04_Ecoli_hybrid_selected_RNA,WGS,RANDOM,METATRANSCRIPTOMIC,PAIRED,0,0,ILLUMINA,Illumina NovaSeq 6000,SRP117119,PRJNA400628,,400628,SRS2500663,SAMN07584119,simple,408170,human gut metagenome,UMB29_04,,,,,,,no,,,,,BROAD INSTITUTE,SRA1637694,,public,3657428A4FA45E77BE6AB3E49C268ABD,C90F881A0A608E2076409CB8AE06026C
SRR24541363,2023-05-13 12:48:13,2023-05-13 12:34:38,1930337,533197392,1930337,276,191,,https://sra-downloadb.be-md.ncbi.nlm.nih.gov/sos8/sra-pub-zq-820/SRR024/24541/SRR24541363/SRR24541363.lite.1,SRX20325430,UMB29_05_Ecoli_hybrid_selected_RNA,WGS,RANDOM,METATRANSCRIPTOMIC,PAIRED,0,0,ILLUMINA,Illumina NovaSeq 6000,SRP117119,PRJNA400628,,400628,SRS2500664,SAMN07584120,simple,408170,human gut metagenome,UMB29_05,,,,,,,no,,,,,BROAD INSTITUTE,SRA1637694,,public,F6AAE9B19709BF533A974266168186EE,700132FFF6CA51993DD5D40EA2F8F79E
SRR24541378,2023-05-13 12:48:12,2023-05-13 12:36:30,5646431,1508567689,5646431,267,529,,https://sra-downloadb.be-md.ncbi.nlm.nih.gov/sos8/sra-pub-zq-820/SRR024/24541/SRR24541378/SRR24541378.lite.1,SRX20325415,UMB03_00_Ecoli_hybrid_selected_RNA,WGS,RANDOM,METATRANSCRIPTOMIC,PAIRED,0,0,ILLUMINA,Illumina NovaSeq 6000,SRP117119,PRJNA400628,,400628,SRS2499936,SAMN07583790,simple,408170,human gut metagenome,UMB03_00,,,,,,,no,,,,,BROAD INSTITUTE,SRA1637694,,public,CA11F04F6F43623C55DEC7F41FE9D4DD,9E450399856954807A0F3A0E7CFD5510
SRR24541380,2023-05-13 12:48:12,2023-05-13 12:34:15,895340,240590809,895340,268,84,,https://sra-downloadb.be-md.ncbi.nlm.nih.gov/sos8/sra-pub-zq-820/SRR024/24541/SRR24541380/SRR24541380.lite.1,SRX20325413,UMB26_05_Ecoli_hybrid_selected_RNA,WGS,RANDOM,METATRANSCRIPTOMIC,PAIRED,0,0,ILLUMINA,Illumina NovaSeq 6000,SRP117119,PRJNA400628,,400628,SRS2500127,SAMN07584087,simple,408170,human gut metagenome,UMB26_05,,,,,,,no,,,,,BROAD INSTITUTE,SRA1637694,,public,E3A5D844E91690C06FBA740422FBD147,44B1B2C118905C8F909BEC7AD658734B
SRR24541371,2023-05-13 12:48:12,2023-05-13 12:35:23,4170853,1100766577,4170853,263,390,,https://sra-downloadb.be-md.ncbi.nlm.nih.gov/sos8/sra-pub-zq-820/SRR024/24541/SRR24541371/SRR24541371.lite.1,SRX20325422,UMB28_05_Ecoli_hybrid_selected_RNA,WGS,RANDOM,METATRANSCRIPTOMIC,PAIRED,0,0,ILLUMINA,Illumina NovaSeq 6000,SRP117119,PRJNA400628,,400628,SRS2500650,SAMN07584110,simple,408170,human gut metagenome,UMB28_05,,,,,,,no,,,,,BROAD INSTITUTE,SRA1637694,,public,3DBFAB9BA1426B0C825E3FF1D9BE2241,F4C167902D5F5DBB38E300C4286C9BB7
SRR24541377,2023-05-13 12:48:12,2023-05-13 12:36:54,7663063,2047701426,7663063,267,703,,https://sra-downloadb.be-md.ncbi.nlm.nih.gov/sos8/sra-pub-zq-820/SRR024/24541/SRR24541377/SRR24541377.lite.1,SRX20325416,UMB27_01_Ecoli_hybrid_selected_RNA,WGS,RANDOM,METATRANSCRIPTOMIC,PAIRED,0,0,ILLUMINA,Illumina NovaSeq 6000,SRP117119,PRJNA400628,,400628,SRS2500652,SAMN07584095,simple,408170,human gut metagenome,UMB27_01,,,,,,,no,,,,,BROAD INSTITUTE,SRA1637694,,public,3D0F7C22E4C142E471E5924AB221A67F,42E9BF0689A7C09DF9D52CE9C26BE4DC
SRR24541368,2023-05-13 12:48:12,2023-05-13 12:34:47,2298035,616087863,2298035,268,212,,https://sra-downloadb.be-md.ncbi.nlm.nih.gov/sos8/sra-pub-zq-820/SRR024/24541/SRR24541368/SRR24541368.lite.1,SRX20325425,UMB29_00_Ecoli_hybrid_selected_RNA,WGS,RANDOM,METATRANSCRIPTOMIC,PAIRED,0,0,ILLUMINA,Illumina NovaSeq 6000,SRP117119,PRJNA400628,,400628,SRS2500661,SAMN07584115,simple,408170,human gut metagenome,UMB29_00,,,,,,,no,,,,,BROAD INSTITUTE,SRA1637694,,public,BA20048163AF7455043A87FBCCB0D7C0,D88FED5AA37A825B27E87C07003A7FFB
SRR24541386,2023-05-13 12:48:12,2023-05-13 12:33:55,576653,156607759,576653,271,53,,https://sra-downloadb.be-md.ncbi.nlm.nih.gov/sos8/sra-pub-zq-820/SRR024/24541/SRR24541386/SRR24541386.lite.1,SRX20325407,UMB25_06_Ecoli_hybrid_selected_RNA,WGS,RANDOM,METATRANSCRIPTOMIC,PAIRED,0,0,ILLUMINA,Illumina NovaSeq 6000,SRP117119,PRJNA400628,,400628,SRS2500156,SAMN07584077,simple,408170,human gut metagenome,UMB25_06,,,,,,,no,,,,,BROAD INSTITUTE,SRA1637694,,public,7A51744AFB7BB34EE3424A6964A188D0,46394E6EF192690CF62DF340C61B604F
SRR24541384,2023-05-13 12:48:12,2023-05-13 12:35:51,5367060,1423803198,5367060,265,498,,https://sra-downloadb.be-md.ncbi.nlm.nih.gov/sos8/sra-pub-zq-820/SRR024/24541/SRR24541384/SRR24541384.lite.1,SRX20325409,UMB26_01_Ecoli_hybrid_selected_RNA,WGS,RANDOM,METATRANSCRIPTOMIC,PAIRED,0,0,ILLUMINA,Illumina NovaSeq 6000,SRP117119,PRJNA400628,,400628,SRS2500164,SAMN07584083,simple,408170,human gut metagenome,UMB26_01,,,,,,,no,,,,,BROAD INSTITUTE,SRA1637694,,public,E21EA2A29ECB2109D988924FF4A41ECA,8CEE1533678506D2AA754C1117393039
SRR24541383,2023-05-13 12:48:12,2023-05-13 12:36:02,6639482,1764960159,6639482,265,623,,https://sra-downloadb.be-md.ncbi.nlm.nih.gov/sos8/sra-pub-zq-820/SRR024/24541/SRR24541383/SRR24541383.lite.1,SRX20325410,UMB26_02_Ecoli_hybrid_selected_RNA,WGS,RANDOM,METATRANSCRIPTOMIC,PAIRED,0,0,ILLUMINA,Illumina NovaSeq 6000,SRP117119,PRJNA400628,,400628,SRS2500168,SAMN07584084,simple,408170,human gut metagenome,UMB26_02,,,,,,,no,,,,,BROAD INSTITUTE,SRA1637694,,public,7C6D815638B58295C879CEDA32C81EDE,6FCADFA1767972B716ECF2E5E40B53AF
SRR24541382,2023-05-13 12:48:12,2023-05-13 12:34:00,601507,161998075,601507,269,57,,https://sra-downloadb.be-md.ncbi.nlm.nih.gov/sos8/sra-pub-zq-820/SRR024/24541/SRR24541382/SRR24541382.lite.1,SRX20325411,UMB26_03_Ecoli_hybrid_selected_RNA,WGS,RANDOM,METATRANSCRIPTOMIC,PAIRED,0,0,ILLUMINA,Illumina NovaSeq 6000,SRP117119,PRJNA400628,,400628,SRS2500122,SAMN07584085,simple,408170,human gut metagenome,UMB26_03,,,,,,,no,,,,,BROAD INSTITUTE,SRA1637694,,public,52B8A6EB1B3E0E2EEBE5E27EB231FE2B,689FDC22854F0BA433633EB79448C22E
SRR24541381,2023-05-13 12:48:12,2023-05-13 12:33:38,897,205933,897,229,0,,https://sra-downloadb.be-md.ncbi.nlm.nih.gov/sos8/sra-pub-zq-820/SRR024/24541/SRR24541381/SRR24541381.lite.1,SRX20325412,UMB26_04_Ecoli_hybrid_selected_RNA,WGS,RANDOM,METATRANSCRIPTOMIC,PAIRED,0,0,ILLUMINA,Illumina NovaSeq 6000,SRP117119,PRJNA400628,,400628,SRS2500169,SAMN07584086,simple,408170,human gut metagenome,UMB26_04,,,,,,,no,,,,,BROAD INSTITUTE,SRA1637694,,public,C0DF8A249C6CA979F71ACD572AB412A8,3C151C49A940DE11CDE206BEAFB774D9
SRR24541392,2023-05-13 12:48:12,2023-05-13 12:34:08,394038,107430682,394038,272,37,,https://sra-downloadb.be-md.ncbi.nlm.nih.gov/sos8/sra-pub-zq-820/SRR024/24541/SRR24541392/SRR24541392.lite.1,SRX20325401,UMB24_07_Ecoli_hybrid_selected_RNA,WGS,RANDOM,METATRANSCRIPTOMIC,PAIRED,0,0,ILLUMINA,Illumina NovaSeq 6000,SRP117119,PRJNA400628,,400628,SRS2500126,SAMN07584063,simple,408170,human gut metagenome,UMB24_07,,,,,,,no,,,,,BROAD INSTITUTE,SRA1637694,,public,D5A472044EA8024B7A5F254859C201BA,CC00938256AC72110D1829E79A05370D
SRR24541387,2023-05-13 12:48:12,2023-05-13 12:38:04,8173883,2242932944,8173883,274,781,,https://sra-downloadb.be-md.ncbi.nlm.nih.gov/sos8/sra-pub-zq-820/SRR024/24541/SRR24541387/SRR24541387.lite.1,SRX20325406,UMB25_05_Ecoli_hybrid_selected_RNA,WGS,RANDOM,METATRANSCRIPTOMIC,PAIRED,0,0,ILLUMINA,Illumina NovaSeq 6000,SRP117119,PRJNA400628,,400628,SRS2500160,SAMN07584076,simple,408170,human gut metagenome,UMB25_05,,,,,,,no,,,,,BROAD INSTITUTE,SRA1637694,,public,7E74CBFC6B8034306A7C9B7DDCD411E0,3F4DD221C747F6FA36BBF79BE200EC9E
SRR24541391,2023-05-13 12:48:12,2023-05-13 12:34:55,2164853,598235472,2164853,276,218,,https://sra-downloadb.be-md.ncbi.nlm.nih.gov/sos8/sra-pub-zq-820/SRR024/24541/SRR24541391/SRR24541391.lite.1,SRX20325402,UMB24_09_Ecoli_hybrid_selected_RNA,WGS,RANDOM,METATRANSCRIPTOMIC,PAIRED,0,0,ILLUMINA,Illumina NovaSeq 6000,SRP117119,PRJNA400628,,400628,SRS9254176,SAMN07584065,simple,408170,human gut metagenome,UMB24_09,,,,,,,no,,,,,BROAD INSTITUTE,SRA1637694,,public,3EC645FCC746DFDA5E9006E440C94714,6F8B02AB9FF02FBF86483311520746BB
SRR24541390,2023-05-13 12:48:12,2023-05-13 12:37:05,7534367,2050662691,7534367,272,733,,https://sra-downloadb.be-md.ncbi.nlm.nih.gov/sos8/sra-pub-zq-820/SRR024/24541/SRR24541390/SRR24541390.lite.1,SRX20325403,UMB24_09.1_Ecoli_hybrid_selected_RNA,WGS,RANDOM,METATRANSCRIPTOMIC,PAIRED,0,0,ILLUMINA,Illumina NovaSeq 6000,SRP117119,PRJNA400628,,400628,SRS9254177,SAMN07584066,simple,408170,human gut metagenome,UMB24_09.1,,,,,,,no,,,,,BROAD INSTITUTE,SRA1637694,,public,A38711E83C295701F38BE1985661A060,624B4070E9DC90711D10CED441FAE438
SRR24541389,2023-05-13 12:48:12,2023-05-13 12:34:10,2111095,571704001,2111095,270,196,,https://sra-downloadb.be-md.ncbi.nlm.nih.gov/sos8/sra-pub-zq-820/SRR024/24541/SRR24541389/SRR24541389.lite.1,SRX20325404,UMB24_09.2_Ecoli_hybrid_selected_RNA,WGS,RANDOM,METATRANSCRIPTOMIC,PAIRED,0,0,ILLUMINA,Illumina NovaSeq 6000,SRP117119,PRJNA400628,,400628,SRS9254178,SAMN07584067,simple,408170,human gut metagenome,UMB24_09.2,,,,,,,no,,,,,BROAD INSTITUTE,SRA1637694,,public,73F841AA32139688DE162C69A143ECA3,965E3CAFFAECFB3ECADDEE418EAF73E4
SRR24541398,2023-05-13 12:48:12,2023-05-13 12:34:27,1111839,308238462,1111839,277,112,,https://sra-downloadb.be-md.ncbi.nlm.nih.gov/sos8/sra-pub-zq-820/SRR024/24541/SRR24541398/SRR24541398.lite.1,SRX20325395,UMB01_01_Ecoli_hybrid_selected_RNA,WGS,RANDOM,METATRANSCRIPTOMIC,PAIRED,0,0,ILLUMINA,Illumina NovaSeq 6000,SRP117119,PRJNA400628,,400628,SRS2499915,SAMN07583765,simple,408170,human gut metagenome,UMB01_01,,,,,,,no,,,,,BROAD INSTITUTE,SRA1637694,,public,ACE3A8FB7FE7C2BEEED00E61C872B8D3,3EBECBD754F351F7E14D7F13BB8C6749
SRR24541396,2023-05-13 12:48:12,2023-05-13 12:34:31,1642770,439671870,1642770,267,155,,https://sra-downloadb.be-md.ncbi.nlm.nih.gov/sos8/sra-pub-zq-820/SRR024/24541/SRR24541396/SRR24541396.lite.1,SRX20325397,UMB02_10_Ecoli_hybrid_selected_RNA,WGS,RANDOM,METATRANSCRIPTOMIC,PAIRED,0,0,ILLUMINA,Illumina NovaSeq 6000,SRP117119,PRJNA400628,,400628,SRS2499930,SAMN07583787,simple,408170,human gut metagenome,UMB02_10,,,,,,,no,,,,,BROAD INSTITUTE,SRA1637694,,public,96F7F7CA5447E0FC50B2BC380D5A4FF0,90445C544C451D4DD0F1878D0CAD6834
SRR22967770,2023-01-04 11:47:25,2023-01-04 11:45:10,4998188,1509452776,4998188,302,593,,https://sra-downloadb.be-md.ncbi.nlm.nih.gov/sos4/sra-pub-zq-1/SRR022/22967/SRR22967770/SRR22967770.lite.1,SRX18924215,UMB11_07_ps1,WGS,RANDOM,METAGENOMIC,PAIRED,0,0,ILLUMINA,Illumina NovaSeq 6000,SRP117119,PRJNA400628,,400628,SRS16350271,SAMN32575381,simple,408170,human gut metagenome,UMB11_07_ps1,,,,,,,no,,,,,THE BROAD INSTITUTE OF MIT AND HARVARD,SRA1569147,,public,B03A96FF0EE15A78FBB1514968CF0531,FE9CD5A4C4B042F8969B09C44785B89C
SRR22967769,2023-01-04 11:50:11,2023-01-04 11:46:03,7838004,2367077208,7838004,302,784,,https://sra-downloadb.be-md.ncbi.nlm.nih.gov/sos4/sra-pub-zq-1/SRR022/22967/SRR22967769/SRR22967769.lite.1,SRX18924216,UMB12_08_ps1,WGS,RANDOM,METAGENOMIC,PAIRED,0,0,ILLUMINA,Illumina NovaSeq 6000,SRP117119,PRJNA400628,,400628,SRS16350272,SAMN32575382,simple,408170,human gut metagenome,UMB12_08_ps1,,,,,,,no,,,,,THE BROAD INSTITUTE OF MIT AND HARVARD,SRA1569147,,public,E70A096F6881DD79A56F41C08E41C95A,091BE4177A33C475FFDFD78A013CAACC
SRR24541393,2023-05-13 12:48:12,2023-05-13 12:34:05,547154,145720997,547154,266,50,,https://sra-downloadb.be-md.ncbi.nlm.nih.gov/sos8/sra-pub-zq-820/SRR024/24541/SRR24541393/SRR24541393.lite.1,SRX20325400,UMB24_06_Ecoli_hybrid_selected_RNA,WGS,RANDOM,METATRANSCRIPTOMIC,PAIRED,0,0,ILLUMINA,Illumina NovaSeq 6000,SRP117119,PRJNA400628,,400628,SRS2500145,SAMN07584062,simple,408170,human gut metagenome,UMB24_06,,,,,,,no,,,,,BROAD INSTITUTE,SRA1637694,,public,69FE84F7215B070CF5877D5219E22AAA,D80F8A02E09C7C86B16BC3F417EB2F0C
SRR22967775,2023-01-04 11:50:11,2023-01-04 11:45:55,7456902,2251984404,7456902,302,751,,https://sra-downloadb.be-md.ncbi.nlm.nih.gov/sos4/sra-pub-zq-1/SRR022/22967/SRR22967775/SRR22967775.lite.1,SRX18924210,UMB08_12_ps1,WGS,RANDOM,METAGENOMIC,PAIRED,0,0,ILLUMINA,Illumina NovaSeq 6000,SRP117119,PRJNA400628,,400628,SRS16350266,SAMN32575403,simple,408170,human gut metagenome,UMB08_12_ps1,,,,,,,no,,,,,THE BROAD INSTITUTE OF MIT AND HARVARD,SRA1569147,,public,2E29836A7C5057B7BC26A935225A0668,A4E0F44175DFA798AE618EAA6BBA307B
SRR22967773,2023-01-04 11:50:11,2023-01-04 11:45:48,9728013,2937859926,9728013,302,967,,https://sra-downloadb.be-md.ncbi.nlm.nih.gov/sos4/sra-pub-zq-1/SRR022/22967/SRR22967773/SRR22967773.lite.1,SRX18924212,UMB11_01_ps1,WGS,RANDOM,METAGENOMIC,PAIRED,0,0,ILLUMINA,Illumina NovaSeq 6000,SRP117119,PRJNA400628,,400628,SRS16350268,SAMN32575378,simple,408170,human gut metagenome,UMB11_01_ps1,,,,,,,no,,,,,THE BROAD INSTITUTE OF MIT AND HARVARD,SRA1569147,,public,BFCCF95A9D687AB775E4254A64AECEBD,8CAE345D640954C9CC4D39DC5168E880
SRR22967774,2023-01-04 11:50:11,2023-01-04 11:46:06,8205569,2478081838,8205569,302,818,,https://sra-downloadb.be-md.ncbi.nlm.nih.gov/sos4/sra-pub-zq-1/SRR022/22967/SRR22967774/SRR22967774.lite.1,SRX18924211,UMB11_01_ps2,WGS,RANDOM,METAGENOMIC,PAIRED,0,0,ILLUMINA,Illumina NovaSeq 6000,SRP117119,PRJNA400628,,400628,SRS16350267,SAMN32575377,simple,408170,human gut metagenome,UMB11_01_ps2,,,,,,,no,,,,,THE BROAD INSTITUTE OF MIT AND HARVARD,SRA1569147,,public,BC9D4882EDD78FCFABB6EE104338A045,F40051F71D569252D1282A8F06432816
SRR22967771,2023-01-04 11:50:11,2023-01-04 11:46:03,8211752,2479949104,8211752,302,832,,https://sra-downloadb.be-md.ncbi.nlm.nih.gov/sos4/sra-pub-zq-1/SRR022/22967/SRR22967771/SRR22967771.lite.1,SRX18924214,UMB11_06_ps1,WGS,RANDOM,METAGENOMIC,PAIRED,0,0,ILLUMINA,Illumina NovaSeq 6000,SRP117119,PRJNA400628,,400628,SRS16350270,SAMN32575380,simple,408170,human gut metagenome,UMB11_06_ps1,,,,,,,no,,,,,THE BROAD INSTITUTE OF MIT AND HARVARD,SRA1569147,,public,42E591E926323E14AA1226176D0DE8B3,783059F4DBE601BCFF92E1B96FDF8C4E
SRR22967772,2023-01-04 11:50:11,2023-01-04 11:46:06,8099949,2446184598,8099949,302,818,,https://sra-downloadb.be-md.ncbi.nlm.nih.gov/sos4/sra-pub-zq-1/SRR022/22967/SRR22967772/SRR22967772.lite.1,SRX18924213,UMB11_06_ps2,WGS,RANDOM,METAGENOMIC,PAIRED,0,0,ILLUMINA,Illumina NovaSeq 6000,SRP117119,PRJNA400628,,400628,SRS16350269,SAMN32575379,simple,408170,human gut metagenome,UMB11_06_ps2,,,,,,,no,,,,,THE BROAD INSTITUTE OF MIT AND HARVARD,SRA1569147,,public,77E7E08B1ABEB1DC7AA57528280A7F84,BB960CFA61C6EEA6CAE82B580CC98C30
SRR22967780,2023-01-04 11:47:25,2023-01-04 11:44:38,9673180,2921300360,9673180,302,963,,https://sra-downloadb.be-md.ncbi.nlm.nih.gov/sos4/sra-pub-zq-1/SRR022/22967/SRR22967780/SRR22967780.lite.1,SRX18924205,UMB24_08_ps1,WGS,RANDOM,METAGENOMIC,PAIRED,0,0,ILLUMINA,Illumina NovaSeq 6000,SRP117119,PRJNA400628,,400628,SRS16350261,SAMN32575399,simple,408170,human gut metagenome,UMB24_08_ps1,,,,,,,no,,,,,THE BROAD INSTITUTE OF MIT AND HARVARD,SRA1569147,,public,AEE10AE42C829E3C8FDB2475DEC63B3C,B374D438ECC38496019A7CB8AEF03B3D
SRR22967779,2023-01-04 11:50:11,2023-01-04 11:45:59,7474590,2257326180,7474590,302,752,,https://sra-downloadb.be-md.ncbi.nlm.nih.gov/sos4/sra-pub-zq-1/SRR022/22967/SRR22967779/SRR22967779.lite.1,SRX18924206,UMB08_08_ps2,WGS,RANDOM,METAGENOMIC,PAIRED,0,0,ILLUMINA,Illumina NovaSeq 6000,SRP117119,PRJNA400628,,400628,SRS16350262,SAMN32575400,simple,408170,human gut metagenome,UMB08_08_ps2,,,,,,,no,,,,,THE BROAD INSTITUTE OF MIT AND HARVARD,SRA1569147,,public,98D5D09560B8F6DC1432CBB9E8DAF4F4,2EC50D12241C1CFC5A6905B9057C886B
SRR22967778,2023-01-04 11:50:11,2023-01-04 11:46:13,9624547,2906613194,9624547,302,967,,https://sra-downloadb.be-md.ncbi.nlm.nih.gov/sos4/sra-pub-zq-1/SRR022/22967/SRR22967778/SRR22967778.lite.1,SRX18924207,UMB08_08_ps1,WGS,RANDOM,METAGENOMIC,PAIRED,0,0,ILLUMINA,Illumina NovaSeq 6000,SRP117119,PRJNA400628,,400628,SRS16350263,SAMN32575401,simple,408170,human gut metagenome,UMB08_08_ps1,,,,,,,no,,,,,THE BROAD INSTITUTE OF MIT AND HARVARD,SRA1569147,,public,809E237879AF3B169A023B64574798B6,845768E85AB3C841CDE542A2504845FF
SRR22967777,2023-01-04 11:50:11,2023-01-04 11:45:48,8153295,2462295090,8153295,302,816,,https://sra-downloadb.be-md.ncbi.nlm.nih.gov/sos4/sra-pub-zq-1/SRR022/22967/SRR22967777/SRR22967777.lite.1,SRX18924208,UMB08_12_ps2,WGS,RANDOM,METAGENOMIC,PAIRED,0,0,ILLUMINA,Illumina NovaSeq 6000,SRP117119,PRJNA400628,,400628,SRS16350264,SAMN32575402,simple,408170,human gut metagenome,UMB08_12_ps2,,,,,,,no,,,,,THE BROAD INSTITUTE OF MIT AND HARVARD,SRA1569147,,public,9696A27CA04DE2E4A2932C382A83A7A9,4D98DAF92670AD76861B55B6EA7CF39A
SRR22967776,2023-01-04 11:50:11,2023-01-04 11:46:06,8768423,2648063746,8768423,302,879,,https://sra-downloadb.be-md.ncbi.nlm.nih.gov/sos4/sra-pub-zq-1/SRR022/22967/SRR22967776/SRR22967776.lite.1,SRX18924209,UMB01_03_ps1,WGS,RANDOM,METAGENOMIC,PAIRED,0,0,ILLUMINA,Illumina NovaSeq 6000,SRP117119,PRJNA400628,,400628,SRS16350265,SAMN32575376,simple,408170,human gut metagenome,UMB01_03_ps1,,,,,,,no,,,,,THE BROAD INSTITUTE OF MIT AND HARVARD,SRA1569147,,public,D0B5A5604E5BB20134669AA24BAE625F,020358BE24459566C98CD01822897C9B
SRR22967785,2023-01-04 11:50:11,2023-01-04 11:45:48,9511874,2872585948,9511874,302,952,,https://sra-downloadb.be-md.ncbi.nlm.nih.gov/sos4/sra-pub-zq-1/SRR022/22967/SRR22967785/SRR22967785.lite.1,SRX18924200,UMB23_11_ps1,WGS,RANDOM,METAGENOMIC,PAIRED,0,0,ILLUMINA,Illumina NovaSeq 6000,SRP117119,PRJNA400628,,400628,SRS16350256,SAMN32575394,simple,408170,human gut metagenome,UMB23_11_ps1,,,,,,,no,,,,,THE BROAD INSTITUTE OF MIT AND HARVARD,SRA1569147,,public,9A9D663131AEDCC8445AD3170C02320B,D1F1013209FEA402F5FE54C04E6BCB18
SRR22967784,2023-01-04 11:47:25,2023-01-04 11:45:37,8713291,2631413882,8713291,302,873,,https://sra-downloadb.be-md.ncbi.nlm.nih.gov/sos4/sra-pub-zq-1/SRR022/22967/SRR22967784/SRR22967784.lite.1,SRX18924201,UMB24_03_ps2,WGS,RANDOM,METAGENOMIC,PAIRED,0,0,ILLUMINA,Illumina NovaSeq 6000,SRP117119,PRJNA400628,,400628,SRS16350257,SAMN32575395,simple,408170,human gut metagenome,UMB24_03_ps2,,,,,,,no,,,,,THE BROAD INSTITUTE OF MIT AND HARVARD,SRA1569147,,public,06BBCEE1127A0807ECABC03F5B00EC83,0F88BF8E3A128697291B36834C00BF61
SRR22967783,2023-01-04 11:50:11,2023-01-04 11:46:14,8405505,2538462510,8405505,302,849,,https://sra-downloadb.be-md.ncbi.nlm.nih.gov/sos4/sra-pub-zq-1/SRR022/22967/SRR22967783/SRR22967783.lite.1,SRX18924202,UMB24_03_ps1,WGS,RANDOM,METAGENOMIC,PAIRED,0,0,ILLUMINA,Illumina NovaSeq 6000,SRP117119,PRJNA400628,,400628,SRS16350258,SAMN32575396,simple,408170,human gut metagenome,UMB24_03_ps1,,,,,,,no,,,,,THE BROAD INSTITUTE OF MIT AND HARVARD,SRA1569147,,public,D50FA6F9519E2D445311A963A9348D94,7C90A5024AA732801478DD7172B43BB7
SRR22967782,2023-01-04 11:47:25,2023-01-04 11:44:55,8002839,2416857378,8002839,302,804,,https://sra-downloadb.be-md.ncbi.nlm.nih.gov/sos4/sra-pub-zq-1/SRR022/22967/SRR22967782/SRR22967782.lite.1,SRX18924203,UMB24_06_ps1,WGS,RANDOM,METAGENOMIC,PAIRED,0,0,ILLUMINA,Illumina NovaSeq 6000,SRP117119,PRJNA400628,,400628,SRS16350259,SAMN32575397,simple,408170,human gut metagenome,UMB24_06_ps1,,,,,,,no,,,,,THE BROAD INSTITUTE OF MIT AND HARVARD,SRA1569147,,public,047F063BF870721C18317A231C1D3520,D767D62B1FF9DE2D9473141E1E1248EE
SRR22967781,2023-01-04 11:47:25,2023-01-04 11:44:27,8536414,2577997028,8536414,302,845,,https://sra-downloadb.be-md.ncbi.nlm.nih.gov/sos4/sra-pub-zq-1/SRR022/22967/SRR22967781/SRR22967781.lite.1,SRX18924204,UMB24_08_ps2,WGS,RANDOM,METAGENOMIC,PAIRED,0,0,ILLUMINA,Illumina NovaSeq 6000,SRP117119,PRJNA400628,,400628,SRS16350260,SAMN32575398,simple,408170,human gut metagenome,UMB24_08_ps2,,,,,,,no,,,,,THE BROAD INSTITUTE OF MIT AND HARVARD,SRA1569147,,public,38FD7B02A2BFA76B647CD9DCE282AFC4,8A03A80252634B926CC47DC8086E8F56
SRR22967787,2023-01-04 11:47:25,2023-01-04 11:45:41,9086123,2744009146,9086123,302,910,,https://sra-downloadb.be-md.ncbi.nlm.nih.gov/sos4/sra-pub-zq-1/SRR022/22967/SRR22967787/SRR22967787.lite.1,SRX18924198,UMB01_03_ps2,WGS,RANDOM,METAGENOMIC,PAIRED,0,0,ILLUMINA,Illumina NovaSeq 6000,SRP117119,PRJNA400628,,400628,SRS16350254,SAMN32575375,simple,408170,human gut metagenome,UMB01_03_ps2,,,,,,,no,,,,,THE BROAD INSTITUTE OF MIT AND HARVARD,SRA1569147,,public,B0438F7F9E0BA02FBA9D18B521F00059,7E25D97E106B0101B62056DE4C4C57F3
SRR22967789,2023-01-04 11:50:11,2023-01-04 11:46:48,8205855,2478168210,8205855,302,828,,https://sra-downloadb.be-md.ncbi.nlm.nih.gov/sos4/sra-pub-zq-1/SRR022/22967/SRR22967789/SRR22967789.lite.1,SRX18924196,UMB23_08_ps1,WGS,RANDOM,METAGENOMIC,PAIRED,0,0,ILLUMINA,Illumina NovaSeq 6000,SRP117119,PRJNA400628,,400628,SRS16350252,SAMN32575391,simple,408170,human gut metagenome,UMB23_08_ps1,,,,,,,no,,,,,THE BROAD INSTITUTE OF MIT AND HARVARD,SRA1569147,,public,CF722CA9A0DCFC74B0B73ACC402ABCB7,B7435C5B9952CBE645DDB94626BF463D
SRR22967790,2023-01-04 11:47:25,2023-01-04 11:45:28,7335229,2215239158,7335229,302,732,,https://sra-downloadb.be-md.ncbi.nlm.nih.gov/sos4/sra-pub-zq-1/SRR022/22967/SRR22967790/SRR22967790.lite.1,SRX18924195,UMB23_08_ps2,WGS,RANDOM,METAGENOMIC,PAIRED,0,0,ILLUMINA,Illumina NovaSeq 6000,SRP117119,PRJNA400628,,400628,SRS16350251,SAMN32575390,simple,408170,human gut metagenome,UMB23_08_ps2,,,,,,,no,,,,,THE BROAD INSTITUTE OF MIT AND HARVARD,SRA1569147,,public,FFDBF3AA0D03E02B66E6CED3C3C178C9,4DDD5464E631A47DF1F90245D11E156B
SRR22967788,2023-01-04 11:47:25,2023-01-04 11:45:35,6957440,2101146880,6957440,302,794,,https://sra-downloadb.be-md.ncbi.nlm.nih.gov/sos4/sra-pub-zq-1/SRR022/22967/SRR22967788/SRR22967788.lite.1,SRX18924197,UMB23_11_ps2,WGS,RANDOM,METAGENOMIC,PAIRED,0,0,ILLUMINA,Illumina NovaSeq 6000,SRP117119,PRJNA400628,,400628,SRS16350253,SAMN32575392,simple,408170,human gut metagenome,UMB23_11_ps2,,,,,,,no,,,,,THE BROAD INSTITUTE OF MIT AND HARVARD,SRA1569147,,public,B6FB668464CDC41BF5D496F868CDDD73,8FB2E4EEE93CDE6F8FA4D5F9DF94B3A8
SRR22967786,2023-01-04 11:50:11,2023-01-04 11:46:30,8756296,2644401392,8756296,302,869,,https://sra-downloadb.be-md.ncbi.nlm.nih.gov/sos4/sra-pub-zq-1/SRR022/22967/SRR22967786/SRR22967786.lite.1,SRX18924199,UMB23_11_ps3,WGS,RANDOM,METAGENOMIC,PAIRED,0,0,ILLUMINA,Illumina NovaSeq 6000,SRP117119,PRJNA400628,,400628,SRS16350255,SAMN32575393,simple,408170,human gut metagenome,UMB23_11_ps3,,,,,,,no,,,,,THE BROAD INSTITUTE OF MIT AND HARVARD,SRA1569147,,public,2C0067FE3B760AF8D63C7F9D88B586D0,896296D8BC312161D624EF9DE838C9B3
SRR22967795,2023-01-04 11:47:25,2023-01-04 11:45:31,8329737,2515580574,8329737,302,832,,https://sra-downloadb.be-md.ncbi.nlm.nih.gov/sos4/sra-pub-zq-1/SRR022/22967/SRR22967795/SRR22967795.lite.1,SRX18924190,UMB18_12_ps2,WGS,RANDOM,METAGENOMIC,PAIRED,0,0,ILLUMINA,Illumina NovaSeq 6000,SRP117119,PRJNA400628,,400628,SRS16350246,SAMN32575385,simple,408170,human gut metagenome,UMB18_12_ps2,,,,,,,no,,,,,THE BROAD INSTITUTE OF MIT AND HARVARD,SRA1569147,,public,F8CB871914F29062E81BE77BD06D98B9,3E3AEBD5CDE8333E69DF682727000A82
SRR22967794,2023-01-04 11:50:11,2023-01-04 11:46:14,7798083,2355021066,7798083,302,788,,https://sra-downloadb.be-md.ncbi.nlm.nih.gov/sos4/sra-pub-zq-1/SRR022/22967/SRR22967794/SRR22967794.lite.1,SRX18924191,UMB18_12_ps1,WGS,RANDOM,METAGENOMIC,PAIRED,0,0,ILLUMINA,Illumina NovaSeq 6000,SRP117119,PRJNA400628,,400628,SRS16350247,SAMN32575386,simple,408170,human gut metagenome,UMB18_12_ps1,,,,,,,no,,,,,THE BROAD INSTITUTE OF MIT AND HARVARD,SRA1569147,,public,6C3328702FB10A4427C0B09F76200B25,C503A3A6A6BA4429E06EF081C3658AB0
SRR22967793,2023-01-04 11:47:25,2023-01-04 11:45:32,5987545,1808238590,5987545,302,601,,https://sra-downloadb.be-md.ncbi.nlm.nih.gov/sos4/sra-pub-zq-1/SRR022/22967/SRR22967793/SRR22967793.lite.1,SRX18924192,UMB20_02_ps1,WGS,RANDOM,METAGENOMIC,PAIRED,0,0,ILLUMINA,Illumina NovaSeq 6000,SRP117119,PRJNA400628,,400628,SRS16350248,SAMN32575387,simple,408170,human gut metagenome,UMB20_02_ps1,,,,,,,no,,,,,THE BROAD INSTITUTE OF MIT AND HARVARD,SRA1569147,,public,F924F8A71CBEA224D76D98207D85FF77,F388AE1328F149B882E5711288A4A3F1
SRR22967792,2023-01-04 11:50:11,2023-01-04 11:45:54,6995485,2112636470,6995485,302,714,,https://sra-downloadb.be-md.ncbi.nlm.nih.gov/sos4/sra-pub-zq-1/SRR022/22967/SRR22967792/SRR22967792.lite.1,SRX18924193,UMB23_07_ps2,WGS,RANDOM,METAGENOMIC,PAIRED,0,0,ILLUMINA,Illumina NovaSeq 6000,SRP117119,PRJNA400628,,400628,SRS16350249,SAMN32575388,simple,408170,human gut metagenome,UMB23_07_ps2,,,,,,,no,,,,,THE BROAD INSTITUTE OF MIT AND HARVARD,SRA1569147,,public,36B5115EA23F475E7D899F8FF7F7C4DA,2A8D242A1A8A8DAE6089BEBD5365F387
SRR22967791,2023-01-04 11:50:11,2023-01-04 11:46:51,10030628,3029249656,10030628,302,1011,,https://sra-downloadb.be-md.ncbi.nlm.nih.gov/sos4/sra-pub-zq-1/SRR022/22967/SRR22967791/SRR22967791.lite.1,SRX18924194,UMB23_07_ps1,WGS,RANDOM,METAGENOMIC,PAIRED,0,0,ILLUMINA,Illumina NovaSeq 6000,SRP117119,PRJNA400628,,400628,SRS16350250,SAMN32575389,simple,408170,human gut metagenome,UMB23_07_ps1,,,,,,,no,,,,,THE BROAD INSTITUTE OF MIT AND HARVARD,SRA1569147,,public,C024707422BBFF708955A9D58F88502F,029C3BFDCF5C099194C1F8B74BA97E18
SRR14882040,2021-06-22 18:24:34,2021-06-22 17:14:57,13091493,3953630886,13091493,302,1480,,https://sra-downloadb.be-md.ncbi.nlm.nih.gov/sos4/sra-pub-zq-1/SRR014/14882/SRR14882040/SRR14882040.lite.1,SRX11199226,UMB12_05,WGS,PCR,METAGENOMIC,PAIRED,0,0,ILLUMINA,HiSeq X Ten,SRP117119,PRJNA400628,,400628,SRS2500088,SAMN07583913,simple,408170,human gut metagenome,UMB12_05,,,,,,,no,,,,,BROAD INSTITUTE,SRA1247531,,public,769C39DB530E61F2E6E658247E1574EC,2640EE75A4C4F383F0B354CFA6F163BD
SRR22967799,2023-01-04 11:50:11,2023-01-04 11:46:44,7305121,2206146542,7305121,302,734,,https://sra-downloadb.be-md.ncbi.nlm.nih.gov/sos4/sra-pub-zq-1/SRR022/22967/SRR22967799/SRR22967799.lite.1,SRX18924186,UMB01_01_ps2,WGS,RANDOM,METAGENOMIC,PAIRED,0,0,ILLUMINA,Illumina NovaSeq 6000,SRP117119,PRJNA400628,,400628,SRS16350242,SAMN32575373,simple,408170,human gut metagenome,UMB01_01_ps2,,,,,,,no,,,,,THE BROAD INSTITUTE OF MIT AND HARVARD,SRA1569147,,public,8316CD63550DED61A56365ECC1AA66D7,5CA6F07C2048ACFC29A8CE8E1DE84E1A
SRR22967798,2023-01-04 11:51:19,2023-01-04 11:47:40,10943810,3305030620,10943810,302,1086,,https://sra-downloadb.be-md.ncbi.nlm.nih.gov/sos4/sra-pub-zq-1/SRR022/22967/SRR22967798/SRR22967798.lite.1,SRX18924187,UMB01_01_ps1,WGS,RANDOM,METAGENOMIC,PAIRED,0,0,ILLUMINA,Illumina NovaSeq 6000,SRP117119,PRJNA400628,,400628,SRS16350243,SAMN32575374,simple,408170,human gut metagenome,UMB01_01_ps1,,,,,,,no,,,,,THE BROAD INSTITUTE OF MIT AND HARVARD,SRA1569147,,public,25B2CC2C973E29EE48F14E44F9C1F67C,33F609B1605AACB1919EEDEB0640FDF3
SRR22967797,2023-01-04 11:50:11,2023-01-04 11:46:02,8197459,2475632618,8197459,302,856,,https://sra-downloadb.be-md.ncbi.nlm.nih.gov/sos4/sra-pub-zq-1/SRR022/22967/SRR22967797/SRR22967797.lite.1,SRX18924188,UMB18_06_ps2,WGS,RANDOM,METAGENOMIC,PAIRED,0,0,ILLUMINA,Illumina NovaSeq 6000,SRP117119,PRJNA400628,,400628,SRS16350244,SAMN32575383,simple,408170,human gut metagenome,UMB18_06_ps2,,,,,,,no,,,,,THE BROAD INSTITUTE OF MIT AND HARVARD,SRA1569147,,public,6BA64BC782E4D925096072EC919B178E,C97BB4DAA19370DA4ACB94CF984841D1
SRR22967796,2023-01-04 11:50:11,2023-01-04 11:46:09,7883142,2380708884,7883142,302,797,,https://sra-downloadb.be-md.ncbi.nlm.nih.gov/sos4/sra-pub-zq-1/SRR022/22967/SRR22967796/SRR22967796.lite.1,SRX18924189,UMB18_06_ps1,WGS,RANDOM,METAGENOMIC,PAIRED,0,0,ILLUMINA,Illumina NovaSeq 6000,SRP117119,PRJNA400628,,400628,SRS16350245,SAMN32575384,simple,408170,human gut metagenome,UMB18_06_ps1,,,,,,,no,,,,,THE BROAD INSTITUTE OF MIT AND HARVARD,SRA1569147,,public,08B589E55F70DE469313DBE0BCB93F60,167672D7CA28C1B0B09CD0339BA6C756
SRR14882045,2021-06-22 18:24:34,2021-06-22 17:14:14,8901413,2688226726,8901413,302,1085,,https://sra-downloadb.be-md.ncbi.nlm.nih.gov/sos4/sra-pub-zq-1/SRR014/14882/SRR14882045/SRR14882045.lite.1,SRX11199221,UMB11_05,WGS,PCR,METAGENOMIC,PAIRED,0,0,ILLUMINA,HiSeq X Ten,SRP117119,PRJNA400628,,400628,SRS2500040,SAMN07583899,simple,408170,human gut metagenome,UMB11_05,,,,,,,no,,,,,BROAD INSTITUTE,SRA1247531,,public,6D12D17240D53B72F4F5152A3E413E24,5A5F918D690E8A82BE5C83A6A4CD680A
SRR14882044,2021-06-22 18:24:34,2021-06-22 17:16:27,12085358,3649778116,12085358,302,1401,,https://sra-downloadb.be-md.ncbi.nlm.nih.gov/sos4/sra-pub-zq-1/SRR014/14882/SRR14882044/SRR14882044.lite.1,SRX11199222,UMB11_06,WGS,PCR,METAGENOMIC,PAIRED,0,0,ILLUMINA,HiSeq X Ten,SRP117119,PRJNA400628,,400628,SRS2500027,SAMN07583900,simple,408170,human gut metagenome,UMB11_06,,,,,,,no,,,,,BROAD INSTITUTE,SRA1247531,,public,CFA3C6E1FA0CB6AABAD294AC21528645,DD791AABC660D14B947B4DE7018F7B4A
SRR14882043,2021-06-22 18:24:34,2021-06-22 17:14:32,8851285,2673088070,8851285,302,1166,,https://sra-downloadb.be-md.ncbi.nlm.nih.gov/sos4/sra-pub-zq-1/SRR014/14882/SRR14882043/SRR14882043.lite.1,SRX11199223,UMB11_07,WGS,PCR,METAGENOMIC,PAIRED,0,0,ILLUMINA,HiSeq X Ten,SRP117119,PRJNA400628,,400628,SRS2500057,SAMN07583901,simple,408170,human gut metagenome,UMB11_07,,,,,,,no,,,,,BROAD INSTITUTE,SRA1247531,,public,BDEBD7F8F39B0D4B81875D6F0CC2E6FC,83BE07F281D13F57A39D82B486962B7E
SRR14882042,2021-06-22 18:24:34,2021-06-22 17:13:53,7894204,2384049608,7894204,302,890,,https://sra-downloadb.be-md.ncbi.nlm.nih.gov/sos4/sra-pub-zq-1/SRR014/14882/SRR14882042/SRR14882042.lite.1,SRX11199224,UMB11_12,WGS,PCR,METAGENOMIC,PAIRED,0,0,ILLUMINA,HiSeq X Ten,SRP117119,PRJNA400628,,400628,SRS9254332,SAMN07583906,simple,408170,human gut metagenome,UMB11_12,,,,,,,no,,,,,BROAD INSTITUTE,SRA1247531,,public,3AB5B7EC70455C127B11656F59B7E584,75A87F569AC876AACF6E7F4D01FB899E
SRR14882041,2021-06-22 18:24:34,2021-06-22 17:17:18,15004216,4531273232,15004216,302,1804,,https://sra-downloadb.be-md.ncbi.nlm.nih.gov/sos4/sra-pub-zq-1/SRR014/14882/SRR14882041/SRR14882041.lite.1,SRX11199225,UMB12_04,WGS,PCR,METAGENOMIC,PAIRED,0,0,ILLUMINA,HiSeq X Ten,SRP117119,PRJNA400628,,400628,SRS2500041,SAMN07583912,simple,408170,human gut metagenome,UMB12_04,,,,,,,no,,,,,BROAD INSTITUTE,SRA1247531,,public,D336111922D39930C5EDA8873788AD0B,73EC173E7B226773CB74E1A20DE023AC
SRR14882050,2021-06-22 18:24:34,2021-06-22 17:15:10,11048917,3336772934,11048917,302,1346,,https://sra-downloadb.be-md.ncbi.nlm.nih.gov/sos4/sra-pub-zq-1/SRR014/14882/SRR14882050/SRR14882050.lite.1,SRX11199216,UMB10_10,WGS,PCR,METAGENOMIC,PAIRED,0,0,ILLUMINA,HiSeq X Ten,SRP117119,PRJNA400628,,400628,SRS2500026,SAMN07583890,simple,408170,human gut metagenome,UMB10_10,,,,,,,no,,,,,BROAD INSTITUTE,SRA1247531,,public,8C539FA355A7101179D09483DD92FB46,93886D55B364929FB2DD92DB611FBA88
SRR14882049,2021-06-22 18:24:34,2021-06-22 17:17:28,12993525,3924044550,12993525,302,1588,,https://sra-downloadb.be-md.ncbi.nlm.nih.gov/sos4/sra-pub-zq-1/SRR014/14882/SRR14882049/SRR14882049.lite.1,SRX11199217,UMB10_11,WGS,PCR,METAGENOMIC,PAIRED,0,0,ILLUMINA,HiSeq X Ten,SRP117119,PRJNA400628,,400628,SRS2500036,SAMN07583891,simple,408170,human gut metagenome,UMB10_11,,,,,,,no,,,,,BROAD INSTITUTE,SRA1247531,,public,77E2B839E3FAA92799D1E70B3C1998B8,A9723791FBF0C29A28ECD5678CE93B91
SRR14882047,2021-06-22 18:24:34,2021-06-22 17:14:33,8827212,2665818024,8827212,302,1035,,https://sra-downloadb.be-md.ncbi.nlm.nih.gov/sos4/sra-pub-zq-1/SRR014/14882/SRR14882047/SRR14882047.lite.1,SRX11199219,UMB11_01,WGS,PCR,METAGENOMIC,PAIRED,0,0,ILLUMINA,HiSeq X Ten,SRP117119,PRJNA400628,,400628,SRS2500075,SAMN07583893,simple,408170,human gut metagenome,UMB11_01,,,,,,,no,,,,,BROAD INSTITUTE,SRA1247531,,public,488FD8291821F6A049F357AC469DF91F,204623548CF46F6A0AEE2DB7E7493894
SRR14882046,2021-06-22 17:22:09,2021-06-22 17:11:35,2229984,450456768,2229984,202,236,,https://sra-downloadb.be-md.ncbi.nlm.nih.gov/sos4/sra-pub-zq-1/SRR014/14882/SRR14882046/SRR14882046.lite.1,SRX11199220,UMB18_01.1rrp,WGS,PCR,METAGENOMIC,PAIRED,0,0,ILLUMINA,HiSeq X Ten,SRP117119,PRJNA400628,,400628,SRS9254259,SAMN07736308,simple,408170,human gut metagenome,UMB18_01.1rrp,,,,,,,no,,,,,BROAD INSTITUTE,SRA1247531,,public,1E4D19AAB8E7EEBF0421F442003F30F1,A226DDE132720E06F2C29E341DFFEB89
SRR14882048,2021-06-22 18:24:34,2021-06-22 17:15:43,10897454,3291031108,10897454,302,1438,,https://sra-downloadb.be-md.ncbi.nlm.nih.gov/sos4/sra-pub-zq-1/SRR014/14882/SRR14882048/SRR14882048.lite.1,SRX11199218,UMB10_12,WGS,PCR,METAGENOMIC,PAIRED,0,0,ILLUMINA,HiSeq X Ten,SRP117119,PRJNA400628,,400628,SRS9254331,SAMN07583892,simple,408170,human gut metagenome,UMB10_12,,,,,,,no,,,,,BROAD INSTITUTE,SRA1247531,,public,F655DE72E1385527E560872622994D18,E371F37BBC7B532616494D3574094772
SRR14882055,2021-06-22 18:24:34,2021-06-22 17:19:52,20883569,6306837838,20883569,302,2482,,https://sra-downloadb.be-md.ncbi.nlm.nih.gov/sos4/sra-pub-zq-1/SRR014/14882/SRR14882055/SRR14882055.lite.1,SRX11199211,UMB10_05,WGS,PCR,METAGENOMIC,PAIRED,0,0,ILLUMINA,HiSeq X Ten,SRP117119,PRJNA400628,,400628,SRS2500081,SAMN07583885,simple,408170,human gut metagenome,UMB10_05,,,,,,,no,,,,,BROAD INSTITUTE,SRA1247531,,public,502FD8A96109163BA02BF990B70C1B11,A5EEB47DDCC137900C9AF4256364E08F
SRR14882054,2021-06-22 18:24:34,2021-06-22 17:17:49,15518475,4686579450,15518475,302,1859,,https://sra-downloadb.be-md.ncbi.nlm.nih.gov/sos4/sra-pub-zq-1/SRR014/14882/SRR14882054/SRR14882054.lite.1,SRX11199212,UMB10_06,WGS,PCR,METAGENOMIC,PAIRED,0,0,ILLUMINA,HiSeq X Ten,SRP117119,PRJNA400628,,400628,SRS2500073,SAMN07583886,simple,408170,human gut metagenome,UMB10_06,,,,,,,no,,,,,BROAD INSTITUTE,SRA1247531,,public,9A5DE26ABC69AEC59E5CBD2CAB03CFF7,E0D98D28F71466B547D51FA096D3AF4E
SRR14882053,2021-06-22 18:24:34,2021-06-22 17:13:47,8140078,2458303556,8140078,302,981,,https://sra-downloadb.be-md.ncbi.nlm.nih.gov/sos4/sra-pub-zq-1/SRR014/14882/SRR14882053/SRR14882053.lite.1,SRX11199213,UMB10_07,WGS,PCR,METAGENOMIC,PAIRED,0,0,ILLUMINA,HiSeq X Ten,SRP117119,PRJNA400628,,400628,SRS2500053,SAMN07583887,simple,408170,human gut metagenome,UMB10_07,,,,,,,no,,,,,BROAD INSTITUTE,SRA1247531,,public,DDE1C15B9942ED5D5E2D1489B9D70AA7,6A794761B88C6A3AA12DDF6B7042A7DE
SRR14882052,2021-06-22 18:24:34,2021-06-22 17:15:31,14044335,4241389170,14044335,302,1616,,https://sra-downloadb.be-md.ncbi.nlm.nih.gov/sos4/sra-pub-zq-1/SRR014/14882/SRR14882052/SRR14882052.lite.1,SRX11199214,UMB10_08,WGS,PCR,METAGENOMIC,PAIRED,0,0,ILLUMINA,HiSeq X Ten,SRP117119,PRJNA400628,,400628,SRS2500078,SAMN07583888,simple,408170,human gut metagenome,UMB10_08,,,,,,,no,,,,,BROAD INSTITUTE,SRA1247531,,public,2F555949EE67F5C62169B332D57137C2,6AADD343CAE16655F464FEEE8862F6C9
SRR14882051,2021-06-22 18:24:34,2021-06-22 17:16:02,15966389,4821849478,15966389,302,1927,,https://sra-downloadb.be-md.ncbi.nlm.nih.gov/sos4/sra-pub-zq-1/SRR014/14882/SRR14882051/SRR14882051.lite.1,SRX11199215,UMB10_09,WGS,PCR,METAGENOMIC,PAIRED,0,0,ILLUMINA,HiSeq X Ten,SRP117119,PRJNA400628,,400628,SRS2500028,SAMN07583889,simple,408170,human gut metagenome,UMB10_09,,,,,,,no,,,,,BROAD INSTITUTE,SRA1247531,,public,5A3A291024894879CB1CEFCC70986267,A895F7B2F57B88A8337434DA5A50D1A3
SRR14882060,2021-06-22 18:24:34,2021-06-22 17:15:55,9667804,2919676808,9667804,302,1265,,https://sra-downloadb.be-md.ncbi.nlm.nih.gov/sos4/sra-pub-zq-1/SRR014/14882/SRR14882060/SRR14882060.lite.1,SRX11199206,UMB10_01,WGS,PCR,METAGENOMIC,PAIRED,0,0,ILLUMINA,HiSeq X Ten,SRP117119,PRJNA400628,,400628,SRS2500021,SAMN07583881,simple,408170,human gut metagenome,UMB10_01,,,,,,,no,,,,,BROAD INSTITUTE,SRA1247531,,public,E08A7C8BAC7BD382528F78EA11638F19,F4703C2792A8167307A23389A3BB50DF
SRR14882059,2021-06-22 18:24:34,2021-06-22 17:20:40,16229570,4901330140,16229570,302,1818,,https://sra-downloadb.be-md.ncbi.nlm.nih.gov/sos4/sra-pub-zq-1/SRR014/14882/SRR14882059/SRR14882059.lite.1,SRX11199207,UMB10_02,WGS,PCR,METAGENOMIC,PAIRED,0,0,ILLUMINA,HiSeq X Ten,SRP117119,PRJNA400628,,400628,SRS2500020,SAMN07583882,simple,408170,human gut metagenome,UMB10_02,,,,,,,no,,,,,BROAD INSTITUTE,SRA1247531,,public,A69B07ED2976A969B2731900DC42FB17,F62ECC984E82739CABAD964F187F647E
SRR14882058,2021-06-22 18:24:34,2021-06-22 17:16:51,11872399,3585464498,11872399,302,1478,,https://sra-downloadb.be-md.ncbi.nlm.nih.gov/sos4/sra-pub-zq-1/SRR014/14882/SRR14882058/SRR14882058.lite.1,SRX11199208,UMB10_03,WGS,PCR,METAGENOMIC,PAIRED,0,0,ILLUMINA,HiSeq X Ten,SRP117119,PRJNA400628,,400628,SRS2500024,SAMN07583883,simple,408170,human gut metagenome,UMB10_03,,,,,,,no,,,,,BROAD INSTITUTE,SRA1247531,,public,9D9075E1F57F180FF2AD8901FFAC8DE4,E33BAA4F05233211DB2C72DD790DC9D3
SRR14882056,2021-06-22 18:24:34,2021-06-22 17:15:43,10441068,3153202536,10441068,302,1201,,https://sra-downloadb.be-md.ncbi.nlm.nih.gov/sos4/sra-pub-zq-1/SRR014/14882/SRR14882056/SRR14882056.lite.1,SRX11199210,UMB10_04,WGS,PCR,METAGENOMIC,PAIRED,0,0,ILLUMINA,HiSeq X Ten,SRP117119,PRJNA400628,,400628,SRS2500037,SAMN07583884,simple,408170,human gut metagenome,UMB10_04,,,,,,,no,,,,,BROAD INSTITUTE,SRA1247531,,public,F98FB01AC9C19852C17535A8C3A78DE2,5DC788DEF1E4AF321195F035686055E1
SRR14882057,2021-06-22 17:22:09,2021-06-22 17:12:13,3673570,742061140,3673570,202,392,,https://sra-downloadb.be-md.ncbi.nlm.nih.gov/sos4/sra-pub-zq-1/SRR014/14882/SRR14882057/SRR14882057.lite.1,SRX11199209,UMB18_01.1rop,WGS,PCR,METAGENOMIC,PAIRED,0,0,ILLUMINA,HiSeq X Ten,SRP117119,PRJNA400628,,400628,SRS9254258,SAMN07736333,simple,408170,human gut metagenome,UMB18_01.1rop,,,,,,,no,,,,,BROAD INSTITUTE,SRA1247531,,public,2A85EC260A6B5183674DF94A5E876584,4EF88E5DF466A4C8B931496A4AAA523D
SRR14882063,2021-06-22 18:24:34,2021-06-22 17:19:44,13080788,3950397976,13080788,302,1725,,https://sra-downloadb.be-md.ncbi.nlm.nih.gov/sos4/sra-pub-zq-1/SRR014/14882/SRR14882063/SRR14882063.lite.1,SRX11199203,UMB09_06,WGS,PCR,METAGENOMIC,PAIRED,0,0,ILLUMINA,HiSeq X Ten,SRP117119,PRJNA400628,,400628,SRS2500010,SAMN07583874,simple,408170,human gut metagenome,UMB09_06,,,,,,,no,,,,,BROAD INSTITUTE,SRA1247531,,public,6877976FF499FD1F57DDD70FBD304EDF,226DCB66FD20294565D0F4D86834FCBB
SRR14882065,2021-06-22 18:24:34,2021-06-22 17:15:56,10657787,3218651674,10657787,302,1399,,https://sra-downloadb.be-md.ncbi.nlm.nih.gov/sos4/sra-pub-zq-1/SRR014/14882/SRR14882065/SRR14882065.lite.1,SRX11199201,UMB08_12,WGS,PCR,METAGENOMIC,PAIRED,0,0,ILLUMINA,HiSeq X Ten,SRP117119,PRJNA400628,,400628,SRS2500011,SAMN07583871,simple,408170,human gut metagenome,UMB08_12,,,,,,,no,,,,,BROAD INSTITUTE,SRA1247531,,public,2353F2B68C54EF0454385DA9F6B5B595,6BF39FB8DA54FF999F3602CA5536D3BB
SRR14882064,2021-06-22 18:24:34,2021-06-22 17:15:00,6854286,2069994372,6854286,302,895,,https://sra-downloadb.be-md.ncbi.nlm.nih.gov/sos4/sra-pub-zq-1/SRR014/14882/SRR14882064/SRR14882064.lite.1,SRX11199202,UMB09_01,WGS,PCR,METAGENOMIC,PAIRED,0,0,ILLUMINA,HiSeq X Ten,SRP117119,PRJNA400628,,400628,SRS2500012,SAMN07583872,simple,408170,human gut metagenome,UMB09_01,,,,,,,no,,,,,BROAD INSTITUTE,SRA1247531,,public,A1CADFE25949B43FFDD35AF0A9AA2A86,455DBDE5B886E9B96B875781FD5E3652
SRR14882061,2021-06-22 18:24:34,2021-06-22 17:15:47,9193165,2776335830,9193165,302,1113,,https://sra-downloadb.be-md.ncbi.nlm.nih.gov/sos4/sra-pub-zq-1/SRR014/14882/SRR14882061/SRR14882061.lite.1,SRX11199205,UMB09_09,WGS,PCR,METAGENOMIC,PAIRED,0,0,ILLUMINA,HiSeq X Ten,SRP117119,PRJNA400628,,400628,SRS2500015,SAMN07583877,simple,408170,human gut metagenome,UMB09_09,,,,,,,no,,,,,BROAD INSTITUTE,SRA1247531,,public,8B05A5429F50DA3E3D6CD80EBB62EDC8,5BCFE251F8B9ACDE226316EA177489D7
SRR14882062,2021-06-22 18:24:34,2021-06-22 17:14:24,6269480,1893382960,6269480,302,753,,https://sra-downloadb.be-md.ncbi.nlm.nih.gov/sos4/sra-pub-zq-1/SRR014/14882/SRR14882062/SRR14882062.lite.1,SRX11199204,UMB09_07,WGS,PCR,METAGENOMIC,PAIRED,0,0,ILLUMINA,HiSeq X Ten,SRP117119,PRJNA400628,,400628,SRS2500017,SAMN07583875,simple,408170,human gut metagenome,UMB09_07,,,,,,,no,,,,,BROAD INSTITUTE,SRA1247531,,public,B3BB9E072AD04022629240C5E17B063E,F3EF404451CF02A14D4C0FA46B784353
SRR14882070,2021-06-22 18:24:34,2021-06-22 17:15:58,9253849,2794662398,9253849,302,1098,,https://sra-downloadb.be-md.ncbi.nlm.nih.gov/sos4/sra-pub-zq-1/SRR014/14882/SRR14882070/SRR14882070.lite.1,SRX11199196,UMB08_06,WGS,PCR,METAGENOMIC,PAIRED,0,0,ILLUMINA,HiSeq X Ten,SRP117119,PRJNA400628,,400628,SRS2500005,SAMN07583865,simple,408170,human gut metagenome,UMB08_06,,,,,,,no,,,,,BROAD INSTITUTE,SRA1247531,,public,A7EA8480E70BFC588282A0C6A19B11EA,8609394712B8B3ECC567752B901E291B
SRR14882069,2021-06-22 18:24:34,2021-06-22 17:19:36,10969474,3312781148,10969474,302,1291,,https://sra-downloadb.be-md.ncbi.nlm.nih.gov/sos4/sra-pub-zq-1/SRR014/14882/SRR14882069/SRR14882069.lite.1,SRX11199197,UMB08_07,WGS,PCR,METAGENOMIC,PAIRED,0,0,ILLUMINA,HiSeq X Ten,SRP117119,PRJNA400628,,400628,SRS2500007,SAMN07583866,simple,408170,human gut metagenome,UMB08_07,,,,,,,no,,,,,BROAD INSTITUTE,SRA1247531,,public,34973FBBA4214D6659443E250DA025D1,043EA86317EFF284026AD6F2626BD43B
SRR14882067,2021-06-22 18:24:34,2021-06-22 17:17:50,14747625,4453782750,14747625,302,1680,,https://sra-downloadb.be-md.ncbi.nlm.nih.gov/sos4/sra-pub-zq-1/SRR014/14882/SRR14882067/SRR14882067.lite.1,SRX11199199,UMB08_08,WGS,PCR,METAGENOMIC,PAIRED,0,0,ILLUMINA,HiSeq X Ten,SRP117119,PRJNA400628,,400628,SRS2500009,SAMN07583867,simple,408170,human gut metagenome,UMB08_08,,,,,,,no,,,,,BROAD INSTITUTE,SRA1247531,,public,94A0C933F9888E43D094FA9BFD1D0FED,87653E5FC7A7EB4793F34255B7CEAC4C
SRR14882066,2021-06-22 18:24:34,2021-06-22 17:23:38,14031501,4237513302,14031501,302,1864,,https://sra-downloadb.be-md.ncbi.nlm.nih.gov/sos4/sra-pub-zq-1/SRR014/14882/SRR14882066/SRR14882066.lite.1,SRX11199200,UMB08_09,WGS,PCR,METAGENOMIC,PAIRED,0,0,ILLUMINA,HiSeq X Ten,SRP117119,PRJNA400628,,400628,SRS2500008,SAMN07583868,simple,408170,human gut metagenome,UMB08_09,,,,,,,no,,,,,BROAD INSTITUTE,SRA1247531,,public,183D9F994849D3B63A9D1819A4488280,AA811D8D7E025ACB335730E575214E65
SRR14882068,2021-06-22 19:38:02,2021-06-22 18:36:49,45449,13725598,45449,302,5,,https://sra-downloadb.be-md.ncbi.nlm.nih.gov/sos4/sra-pub-zq-1/SRR014/14882/SRR14882068/SRR14882068.lite.1,SRX11199198,UMB18_00rrt,WGS,PCR,METAGENOMIC,PAIRED,0,0,ILLUMINA,HiSeq X Ten,SRP117119,PRJNA400628,,400628,SRS9254255,SAMN19697394,simple,408170,human gut metagenome,UMB18_00rrt,,,,,,,no,,,,,BROAD INSTITUTE,SRA1247531,,public,68088BC90BEF6EE382A4D6D1529F6FB5,1151C124688D2C5BB48A63A9BC16B44E
SRR14882075,2021-06-22 18:24:33,2021-06-22 17:16:58,10538275,3182559050,10538275,302,1198,,https://sra-downloadb.be-md.ncbi.nlm.nih.gov/sos4/sra-pub-zq-1/SRR014/14882/SRR14882075/SRR14882075.lite.1,SRX11199191,UMB04_06,WGS,PCR,METAGENOMIC,PAIRED,0,0,ILLUMINA,HiSeq X Ten,SRP117119,PRJNA400628,,400628,SRS2499943,SAMN07583809,simple,408170,human gut metagenome,UMB04_06,,,,,,,no,,,,,BROAD INSTITUTE,SRA1247531,,public,2462FD0AA9DA2E80B5D10BA9C7C3374C,2D5ED8448DCFCB54B38C2CB6A61DC660
SRR14882073,2021-06-22 18:24:33,2021-06-22 17:19:40,13201423,3986829746,13201423,302,1565,,https://sra-downloadb.be-md.ncbi.nlm.nih.gov/sos4/sra-pub-zq-1/SRR014/14882/SRR14882073/SRR14882073.lite.1,SRX11199193,UMB04_08,WGS,PCR,METAGENOMIC,PAIRED,0,0,ILLUMINA,HiSeq X Ten,SRP117119,PRJNA400628,,400628,SRS2499945,SAMN07583811,simple,408170,human gut metagenome,UMB04_08,,,,,,,no,,,,,BROAD INSTITUTE,SRA1247531,,public,DB745C9A3794CE0EED77FF81BE3965D8,1538B0B5A405EAEE68BF55F6C41E137C
SRR14882072,2021-06-22 18:24:33,2021-06-22 17:19:44,15167372,4580546344,15167372,302,2005,,https://sra-downloadb.be-md.ncbi.nlm.nih.gov/sos4/sra-pub-zq-1/SRR014/14882/SRR14882072/SRR14882072.lite.1,SRX11199194,UMB04_09,WGS,PCR,METAGENOMIC,PAIRED,0,0,ILLUMINA,HiSeq X Ten,SRP117119,PRJNA400628,,400628,SRS2499952,SAMN07583812,simple,408170,human gut metagenome,UMB04_09,,,,,,,no,,,,,BROAD INSTITUTE,SRA1247531,,public,4CFA8E4530EB2D27D502CC689C0FBD6E,D15D5309CB7C4C23E2178EDEB96E8EBA
SRR14882074,2021-06-22 18:24:33,2021-06-22 17:17:16,11225541,3390113382,11225541,302,1385,,https://sra-downloadb.be-md.ncbi.nlm.nih.gov/sos4/sra-pub-zq-1/SRR014/14882/SRR14882074/SRR14882074.lite.1,SRX11199192,UMB04_07,WGS,PCR,METAGENOMIC,PAIRED,0,0,ILLUMINA,HiSeq X Ten,SRP117119,PRJNA400628,,400628,SRS2499959,SAMN07583810,simple,408170,human gut metagenome,UMB04_07,,,,,,,no,,,,,BROAD INSTITUTE,SRA1247531,,public,A1DB7E4695FE477E51C7DAD7FB17B0A1,1A0D9D972149C1FA21EA483696CE62B7
SRR14882071,2021-06-22 18:24:33,2021-06-22 17:19:01,15682000,4735964000,15682000,302,1816,,https://sra-downloadb.be-md.ncbi.nlm.nih.gov/sos4/sra-pub-zq-1/SRR014/14882/SRR14882071/SRR14882071.lite.1,SRX11199195,UMB08_05,WGS,PCR,METAGENOMIC,PAIRED,0,0,ILLUMINA,HiSeq X Ten,SRP117119,PRJNA400628,,400628,SRS2500006,SAMN07583864,simple,408170,human gut metagenome,UMB08_05,,,,,,,no,,,,,BROAD INSTITUTE,SRA1247531,,public,3C294D5DA33D0E454BEDE91BBE77CD52,FC39D6C0B0D927FB69A350B990E5317D
SRR14882080,2021-06-22 18:24:33,2021-06-22 17:18:52,15669315,4732133130,15669315,302,1942,,https://sra-downloadb.be-md.ncbi.nlm.nih.gov/sos4/sra-pub-zq-1/SRR014/14882/SRR14882080/SRR14882080.lite.1,SRX11199186,UMB04_01,WGS,PCR,METAGENOMIC,PAIRED,0,0,ILLUMINA,HiSeq X Ten,SRP117119,PRJNA400628,,400628,SRS2499933,SAMN07583804,simple,408170,human gut metagenome,UMB04_01,,,,,,,no,,,,,BROAD INSTITUTE,SRA1247531,,public,021E506E8348BA76FB8C63E9FBFC658F,CAD2D0EFC756956AE97CF010C1981275
SRR14882079,2021-06-22 18:24:33,2021-06-22 17:17:22,13622303,4113935506,13622303,302,1693,,https://sra-downloadb.be-md.ncbi.nlm.nih.gov/sos4/sra-pub-zq-1/SRR014/14882/SRR14882079/SRR14882079.lite.1,SRX11199187,UMB04_02,WGS,PCR,METAGENOMIC,PAIRED,0,0,ILLUMINA,HiSeq X Ten,SRP117119,PRJNA400628,,400628,SRS2499935,SAMN07583805,simple,408170,human gut metagenome,UMB04_02,,,,,,,no,,,,,BROAD INSTITUTE,SRA1247531,,public,E5F56002FDA85E9B0CA9874AC90567B1,2127D76BA3C019ABF96A9A832429EDFB
SRR14882078,2021-06-22 18:24:33,2021-06-22 17:24:59,24534164,7409317528,24534164,302,2994,,https://sra-downloadb.be-md.ncbi.nlm.nih.gov/sos4/sra-pub-zq-1/SRR014/14882/SRR14882078/SRR14882078.lite.1,SRX11199188,UMB04_03,WGS,PCR,METAGENOMIC,PAIRED,0,0,ILLUMINA,HiSeq X Ten,SRP117119,PRJNA400628,,400628,SRS2499960,SAMN07583806,simple,408170,human gut metagenome,UMB04_03,,,,,,,no,,,,,BROAD INSTITUTE,SRA1247531,,public,3BE2589E6AEAA266AFD37B5900020480,D9393153B10DB4A5212D11A46EB04D94
SRR14882077,2021-06-22 18:24:33,2021-06-22 17:19:13,14414001,4353028302,14414001,302,1694,,https://sra-downloadb.be-md.ncbi.nlm.nih.gov/sos4/sra-pub-zq-1/SRR014/14882/SRR14882077/SRR14882077.lite.1,SRX11199189,UMB04_04,WGS,PCR,METAGENOMIC,PAIRED,0,0,ILLUMINA,HiSeq X Ten,SRP117119,PRJNA400628,,400628,SRS2499931,SAMN07583807,simple,408170,human gut metagenome,UMB04_04,,,,,,,no,,,,,BROAD INSTITUTE,SRA1247531,,public,0AF644D29328D7695741ADDF1BE3A82C,427FD3E3CB1796D664EC62D88EED32BF
SRR14882076,2021-06-22 18:24:33,2021-06-22 17:23:10,21533956,6503254712,21533956,302,2893,,https://sra-downloadb.be-md.ncbi.nlm.nih.gov/sos4/sra-pub-zq-1/SRR014/14882/SRR14882076/SRR14882076.lite.1,SRX11199190,UMB04_05,WGS,PCR,METAGENOMIC,PAIRED,0,0,ILLUMINA,HiSeq X Ten,SRP117119,PRJNA400628,,400628,SRS2499953,SAMN07583808,simple,408170,human gut metagenome,UMB04_05,,,,,,,no,,,,,BROAD INSTITUTE,SRA1247531,,public,9A023458F1A878F32D0A70235979E884,4CED398A92657D23E5F5ECFC60D57E43
SRR14882085,2021-06-22 18:24:33,2021-06-22 17:19:24,15081541,4554625382,15081541,302,1984,,https://sra-downloadb.be-md.ncbi.nlm.nih.gov/sos4/sra-pub-zq-1/SRR014/14882/SRR14882085/SRR14882085.lite.1,SRX11199181,UMB03_10,WGS,PCR,METAGENOMIC,PAIRED,0,0,ILLUMINA,HiSeq X Ten,SRP117119,PRJNA400628,,400628,SRS2499932,SAMN07583800,simple,408170,human gut metagenome,UMB03_10,,,,,,,no,,,,,BROAD INSTITUTE,SRA1247531,,public,2C07B9DECCF202FC7037972B4DE898CA,5F027887D46077B623E45100833A7DE7
SRR14882084,2021-06-22 18:24:33,2021-06-22 17:19:22,17593712,5313301024,17593712,302,2160,,https://sra-downloadb.be-md.ncbi.nlm.nih.gov/sos4/sra-pub-zq-1/SRR014/14882/SRR14882084/SRR14882084.lite.1,SRX11199182,UMB03_11,WGS,PCR,METAGENOMIC,PAIRED,0,0,ILLUMINA,HiSeq X Ten,SRP117119,PRJNA400628,,400628,SRS2499938,SAMN07583801,simple,408170,human gut metagenome,UMB03_11,,,,,,,no,,,,,BROAD INSTITUTE,SRA1247531,,public,737E5F8E50025159496F723E9E644CD7,5C108E74259DCC242C38BA9D7967D818
SRR14882083,2021-06-22 18:24:33,2021-06-22 17:16:44,11668283,3523821466,11668283,302,1506,,https://sra-downloadb.be-md.ncbi.nlm.nih.gov/sos4/sra-pub-zq-1/SRR014/14882/SRR14882083/SRR14882083.lite.1,SRX11199183,UMB03_12,WGS,PCR,METAGENOMIC,PAIRED,0,0,ILLUMINA,HiSeq X Ten,SRP117119,PRJNA400628,,400628,SRS2500872,SAMN07583802,simple,408170,human gut metagenome,UMB03_12,,,,,,,no,,,,,BROAD INSTITUTE,SRA1247531,,public,DF111336906FA442C3BBDA7E8C4B32FA,2AEF705FB6638DA2E9761664D554F678
SRR14882081,2021-06-22 18:24:33,2021-06-22 17:18:51,9784528,2954927456,9784528,302,1286,,https://sra-downloadb.be-md.ncbi.nlm.nih.gov/sos4/sra-pub-zq-1/SRR014/14882/SRR14882081/SRR14882081.lite.1,SRX11199185,UMB04_00,WGS,PCR,METAGENOMIC,PAIRED,0,0,ILLUMINA,HiSeq X Ten,SRP117119,PRJNA400628,,400628,SRS2499941,SAMN07583803,simple,408170,human gut metagenome,UMB04_00,,,,,,,no,,,,,BROAD INSTITUTE,SRA1247531,,public,319D70B02502E732C87F48B202DF89DB,D4E94C6407AF7FCEAC387A60A42FB945
SRR14882082,2021-06-22 20:20:05,2021-06-22 19:38:24,9202234,1876150468,9202234,203,1192,,https://sra-downloadb.be-md.ncbi.nlm.nih.gov/sos4/sra-pub-zq-1/SRR014/14882/SRR14882082/SRR14882082.lite.1,SRX11199184,UMB12_01.1rrt,WGS,PCR,METAGENOMIC,PAIRED,0,0,ILLUMINA,HiSeq X Ten,SRP117119,PRJNA400628,,400628,SRS9254242,SAMN19697381,simple,408170,human gut metagenome,UMB12_01.1rrt,,,,,,,no,,,,,BROAD INSTITUTE,SRA1247531,,public,AD2A69DF2A087F4709288B20873F0514,8494EDE50D134C3F7CE8EE6FC5D0AAAB
SRR14882090,2021-06-22 18:24:33,2021-06-22 17:18:00,9842942,2972568484,9842942,302,1195,,https://sra-downloadb.be-md.ncbi.nlm.nih.gov/sos4/sra-pub-zq-1/SRR014/14882/SRR14882090/SRR14882090.lite.1,SRX11199176,UMB03_05,WGS,PCR,METAGENOMIC,PAIRED,0,0,ILLUMINA,HiSeq X Ten,SRP117119,PRJNA400628,,400628,SRS2500874,SAMN07583795,simple,408170,human gut metagenome,UMB03_05,,,,,,,no,,,,,BROAD INSTITUTE,SRA1247531,,public,8F6BAEDCB22D4153BB6D9FF9A521B27A,791B9ECBF65A79E89592EC8C9B238258
SRR14882089,2021-06-22 18:24:33,2021-06-22 17:21:06,19177532,5791614664,19177532,302,2155,,https://sra-downloadb.be-md.ncbi.nlm.nih.gov/sos4/sra-pub-zq-1/SRR014/14882/SRR14882089/SRR14882089.lite.1,SRX11199177,UMB03_06,WGS,PCR,METAGENOMIC,PAIRED,0,0,ILLUMINA,HiSeq X Ten,SRP117119,PRJNA400628,,400628,SRS2500875,SAMN07583796,simple,408170,human gut metagenome,UMB03_06,,,,,,,no,,,,,BROAD INSTITUTE,SRA1247531,,public,707EBFC4C2FA33726836423F7FBD8CC7,6A1A54F67DD42BB8A74C61EF4E6E3887
SRR14882088,2021-06-22 18:24:33,2021-06-22 17:23:17,20792720,6279401440,20792720,302,2490,,https://sra-downloadb.be-md.ncbi.nlm.nih.gov/sos4/sra-pub-zq-1/SRR014/14882/SRR14882088/SRR14882088.lite.1,SRX11199178,UMB03_07,WGS,PCR,METAGENOMIC,PAIRED,0,0,ILLUMINA,HiSeq X Ten,SRP117119,PRJNA400628,,400628,SRS2499956,SAMN07583797,simple,408170,human gut metagenome,UMB03_07,,,,,,,no,,,,,BROAD INSTITUTE,SRA1247531,,public,24CC39F5AA17526CDFBC3D83C713876B,36CB408BC97C8DC823D7534CFEE00C21
SRR14882087,2021-06-22 18:24:33,2021-06-22 17:17:12,9555883,2885876666,9555883,302,1252,,https://sra-downloadb.be-md.ncbi.nlm.nih.gov/sos4/sra-pub-zq-1/SRR014/14882/SRR14882087/SRR14882087.lite.1,SRX11199179,UMB03_08,WGS,PCR,METAGENOMIC,PAIRED,0,0,ILLUMINA,HiSeq X Ten,SRP117119,PRJNA400628,,400628,SRS2499937,SAMN07583798,simple,408170,human gut metagenome,UMB03_08,,,,,,,no,,,,,BROAD INSTITUTE,SRA1247531,,public,D7E7C21FD5C5EE6571176BA254027F32,DFCC250E162CB897993C1F2F73B76352
SRR14882086,2021-06-22 18:24:33,2021-06-22 17:19:00,10572521,3192901342,10572521,302,1274,,https://sra-downloadb.be-md.ncbi.nlm.nih.gov/sos4/sra-pub-zq-1/SRR014/14882/SRR14882086/SRR14882086.lite.1,SRX11199180,UMB03_09,WGS,PCR,METAGENOMIC,PAIRED,0,0,ILLUMINA,HiSeq X Ten,SRP117119,PRJNA400628,,400628,SRS2499929,SAMN07583799,simple,408170,human gut metagenome,UMB03_09,,,,,,,no,,,,,BROAD INSTITUTE,SRA1247531,,public,782BFD3C6E93077F917BA2993A721F13,1AC50F346555BB25450D28F47387DC4C
SRR14881705,2021-06-22 18:24:33,2021-06-22 16:44:52,16581432,5007592464,16581432,302,1980,,https://sra-downloadb.be-md.ncbi.nlm.nih.gov/sos4/sra-pub-zq-1/SRR014/14881/SRR14881705/SRR14881705.lite.1,SRX11199171,UMB03_01,WGS,PCR,METAGENOMIC,PAIRED,0,0,ILLUMINA,HiSeq X Ten,SRP117119,PRJNA400628,,400628,SRS2499942,SAMN07583791,simple,408170,human gut metagenome,UMB03_01,,,,,,,no,,,,,BROAD INSTITUTE,SRA1247531,,public,DDBADBC4CF49CC0D73ECC9DBA8F6AFA0,7406B6C9E180ADF85EC9399F4A8B0F42
SRR14881704,2021-06-22 18:24:33,2021-06-22 16:42:04,11106484,3354158168,11106484,302,1295,,https://sra-downloadb.be-md.ncbi.nlm.nih.gov/sos4/sra-pub-zq-1/SRR014/14881/SRR14881704/SRR14881704.lite.1,SRX11199172,UMB03_02,WGS,PCR,METAGENOMIC,PAIRED,0,0,ILLUMINA,HiSeq X Ten,SRP117119,PRJNA400628,,400628,SRS2499934,SAMN07583792,simple,408170,human gut metagenome,UMB03_02,,,,,,,no,,,,,BROAD INSTITUTE,SRA1247531,,public,4F9714FC2EE52D408A8D1B926C01E6C8,287F240FD505A252DD673910D0D784FB
SRR14882092,2021-06-22 18:24:33,2021-06-22 17:22:49,18486643,5582966186,18486643,302,2191,,https://sra-downloadb.be-md.ncbi.nlm.nih.gov/sos4/sra-pub-zq-1/SRR014/14882/SRR14882092/SRR14882092.lite.1,SRX11199174,UMB03_03,WGS,PCR,METAGENOMIC,PAIRED,0,0,ILLUMINA,HiSeq X Ten,SRP117119,PRJNA400628,,400628,SRS2500879,SAMN07583793,simple,408170,human gut metagenome,UMB03_03,,,,,,,no,,,,,BROAD INSTITUTE,SRA1247531,,public,A672A82FBF615109754FDA84124CB592,04DB33DE5CB4FE0185D6DBD2E31A5E13
SRR14882091,2021-06-22 18:24:33,2021-06-22 17:17:10,9752808,2945348016,9752808,302,1162,,https://sra-downloadb.be-md.ncbi.nlm.nih.gov/sos4/sra-pub-zq-1/SRR014/14882/SRR14882091/SRR14882091.lite.1,SRX11199175,UMB03_04,WGS,PCR,METAGENOMIC,PAIRED,0,0,ILLUMINA,HiSeq X Ten,SRP117119,PRJNA400628,,400628,SRS2499928,SAMN07583794,simple,408170,human gut metagenome,UMB03_04,,,,,,,no,,,,,BROAD INSTITUTE,SRA1247531,,public,D3789F2ECB1F1F01B4BFAF8119CEA391,CB2507B7E025D9A52E107EA25C77CBBB
SRR14882093,2021-06-22 18:24:33,2021-06-22 17:23:15,20879848,4217729296,20879848,202,2665,,https://sra-downloadb.be-md.ncbi.nlm.nih.gov/sos4/sra-pub-zq-1/SRR014/14882/SRR14882093/SRR14882093.lite.1,SRX11199173,UMB12_01.1rot,WGS,PCR,METAGENOMIC,PAIRED,0,0,ILLUMINA,HiSeq X Ten,SRP117119,PRJNA400628,,400628,SRS9254241,SAMN19697380,simple,408170,human gut metagenome,UMB12_01.1rot,,,,,,,no,,,,,BROAD INSTITUTE,SRA1247531,,public,E0234F85F485BCD4CFB44F18743A3990,8BA3F50D32D71030A6A715935FE42F83
SRR14881709,2021-06-22 18:24:33,2021-06-22 16:43:50,12226900,3692523800,12226900,302,1602,,https://sra-downloadb.be-md.ncbi.nlm.nih.gov/sos4/sra-pub-zq-1/SRR014/14881/SRR14881709/SRR14881709.lite.1,SRX11199167,UMB02_10,WGS,PCR,METAGENOMIC,PAIRED,0,0,ILLUMINA,HiSeq X Ten,SRP117119,PRJNA400628,,400628,SRS2499930,SAMN07583787,simple,408170,human gut metagenome,UMB02_10,,,,,,,no,,,,,BROAD INSTITUTE,SRA1247531,,public,57FA08D747688F506A54AAE7C6A1F468,411B48259B029FF321FB625E869021CE
SRR14881706,2021-06-22 18:24:33,2021-06-22 16:41:22,5470916,1652216632,5470916,302,711,,https://sra-downloadb.be-md.ncbi.nlm.nih.gov/sos4/sra-pub-zq-1/SRR014/14881/SRR14881706/SRR14881706.lite.1,SRX11199170,UMB03_00,WGS,PCR,METAGENOMIC,PAIRED,0,0,ILLUMINA,HiSeq X Ten,SRP117119,PRJNA400628,,400628,SRS2499936,SAMN07583790,simple,408170,human gut metagenome,UMB03_00,,,,,,,no,,,,,BROAD INSTITUTE,SRA1247531,,public,D69D61C7C1F41D9A59EB94154CB84206,0C1909293DF9F4EDF0E76DEBD9E199A3
SRR14881710,2021-06-22 18:24:33,2021-06-22 16:42:39,11658662,3520915924,11658662,302,1513,,https://sra-downloadb.be-md.ncbi.nlm.nih.gov/sos4/sra-pub-zq-1/SRR014/14881/SRR14881710/SRR14881710.lite.1,SRX11199166,UMB02_09,WGS,PCR,METAGENOMIC,PAIRED,0,0,ILLUMINA,HiSeq X Ten,SRP117119,PRJNA400628,,400628,SRS2500871,SAMN07583786,simple,408170,human gut metagenome,UMB02_09,,,,,,,no,,,,,BROAD INSTITUTE,SRA1247531,,public,2B64F5F5DC3EC4CA47D34EFAFCB1CA9B,607695B96DE5FEAF94D6D65803154091
SRR14881708,2021-06-22 18:24:33,2021-06-22 16:45:24,16874536,5096109872,16874536,302,2021,,https://sra-downloadb.be-md.ncbi.nlm.nih.gov/sos4/sra-pub-zq-1/SRR014/14881/SRR14881708/SRR14881708.lite.1,SRX11199168,UMB02_11,WGS,PCR,METAGENOMIC,PAIRED,0,0,ILLUMINA,HiSeq X Ten,SRP117119,PRJNA400628,,400628,SRS2500873,SAMN07583788,simple,408170,human gut metagenome,UMB02_11,,,,,,,no,,,,,BROAD INSTITUTE,SRA1247531,,public,4EA8E2ECFF40144C72D0FED830498946,02EAC49129CB4599F55474F0EEC5EF72
SRR14881707,2021-06-22 18:24:33,2021-06-22 16:48:22,16155420,4878936840,16155420,302,2141,,https://sra-downloadb.be-md.ncbi.nlm.nih.gov/sos4/sra-pub-zq-1/SRR014/14881/SRR14881707/SRR14881707.lite.1,SRX11199169,UMB02_12,WGS,PCR,METAGENOMIC,PAIRED,0,0,ILLUMINA,HiSeq X Ten,SRP117119,PRJNA400628,,400628,SRS2500876,SAMN07583789,simple,408170,human gut metagenome,UMB02_12,,,,,,,no,,,,,BROAD INSTITUTE,SRA1247531,,public,A87FC22C574A62B1C56C87AC9D154880,04916F409CCD239760A0741CC0BF2F11
SRR14881713,2021-06-22 18:24:33,2021-06-22 16:43:45,11761491,3551970282,11761491,302,1554,,https://sra-downloadb.be-md.ncbi.nlm.nih.gov/sos4/sra-pub-zq-1/SRR014/14881/SRR14881713/SRR14881713.lite.1,SRX11199163,UMB02_06,WGS,PCR,METAGENOMIC,PAIRED,0,0,ILLUMINA,HiSeq X Ten,SRP117119,PRJNA400628,,400628,SRS2499939,SAMN07583783,simple,408170,human gut metagenome,UMB02_06,,,,,,,no,,,,,BROAD INSTITUTE,SRA1247531,,public,FFAEDBB109CDDCC8333E883730B41F55,3D6B537B1CDFECD1260ED2CA043749D4
SRR14881712,2021-06-22 18:24:33,2021-06-22 16:44:34,14168529,4278895758,14168529,302,1709,,https://sra-downloadb.be-md.ncbi.nlm.nih.gov/sos4/sra-pub-zq-1/SRR014/14881/SRR14881712/SRR14881712.lite.1,SRX11199164,UMB02_07,WGS,PCR,METAGENOMIC,PAIRED,0,0,ILLUMINA,HiSeq X Ten,SRP117119,PRJNA400628,,400628,SRS2500870,SAMN07583784,simple,408170,human gut metagenome,UMB02_07,,,,,,,no,,,,,BROAD INSTITUTE,SRA1247531,,public,BAE035AC857AC46A88047F3DA975FB9F,36DB4477D84CC33E38A919494F91A7C0
SRR14881711,2021-06-22 18:24:33,2021-06-22 16:43:46,11267376,3402747552,11267376,302,1484,,https://sra-downloadb.be-md.ncbi.nlm.nih.gov/sos4/sra-pub-zq-1/SRR014/14881/SRR14881711/SRR14881711.lite.1,SRX11199165,UMB02_08,WGS,PCR,METAGENOMIC,PAIRED,0,0,ILLUMINA,HiSeq X Ten,SRP117119,PRJNA400628,,400628,SRS2500877,SAMN07583785,simple,408170,human gut metagenome,UMB02_08,,,,,,,no,,,,,BROAD INSTITUTE,SRA1247531,,public,1AD874CD0E5BA4AA3AD139C2165AF775,911F1B0601AE0A7AABCC43B11A91DBC4
SRR14881715,2021-06-22 18:24:33,2021-06-22 16:51:29,19579023,5912864946,19579023,302,2393,,https://sra-downloadb.be-md.ncbi.nlm.nih.gov/sos4/sra-pub-zq-1/SRR014/14881/SRR14881715/SRR14881715.lite.1,SRX11199161,UMB02_05,WGS,PCR,METAGENOMIC,PAIRED,0,0,ILLUMINA,HiSeq X Ten,SRP117119,PRJNA400628,,400628,SRS2500880,SAMN07583782,simple,408170,human gut metagenome,UMB02_05,,,,,,,no,,,,,BROAD INSTITUTE,SRA1247531,,public,DFA04DB6D76A0E5052CA3E6FA35EBB91,DC73A15B8BEA96473B8AC124C1746072
SRR14881714,2021-06-22 18:24:33,2021-06-22 16:44:06,14832511,2996167222,14832511,202,1911,,https://sra-downloadb.be-md.ncbi.nlm.nih.gov/sos4/sra-pub-zq-1/SRR014/14881/SRR14881714/SRR14881714.lite.1,SRX11199162,UMB12_00rrt,WGS,PCR,METAGENOMIC,PAIRED,0,0,ILLUMINA,HiSeq X Ten,SRP117119,PRJNA400628,,400628,SRS9254239,SAMN19697378,simple,408170,human gut metagenome,UMB12_00rrt,,,,,,,no,,,,,BROAD INSTITUTE,SRA1247531,,public,3C2C753BF3D319B6CA1597EB47596A88,045E179994077EE6048ACD68B8EE5E52
SRR14881719,2021-06-22 18:24:33,2021-06-22 16:44:58,14905230,4501379460,14905230,302,1732,,https://sra-downloadb.be-md.ncbi.nlm.nih.gov/sos4/sra-pub-zq-1/SRR014/14881/SRR14881719/SRR14881719.lite.1,SRX11199157,UMB02_01,WGS,PCR,METAGENOMIC,PAIRED,0,0,ILLUMINA,HiSeq X Ten,SRP117119,PRJNA400628,,400628,SRS2499924,SAMN07583778,simple,408170,human gut metagenome,UMB02_01,,,,,,,no,,,,,BROAD INSTITUTE,SRA1247531,,public,778CF3E56EE5ADEFAE28896F850D37F7,EA97ED82D3472149F721B41E55BAD4F5
SRR14881720,2021-06-22 18:24:33,2021-06-22 17:04:31,18215340,5501032680,18215340,302,2157,,https://sra-downloadb.be-md.ncbi.nlm.nih.gov/sos4/sra-pub-zq-1/SRR014/14881/SRR14881720/SRR14881720.lite.1,SRX11199156,UMB02_00,WGS,PCR,METAGENOMIC,PAIRED,0,0,ILLUMINA,HiSeq X Ten,SRP117119,PRJNA400628,,400628,SRS2499925,SAMN07583777,simple,408170,human gut metagenome,UMB02_00,,,,,,,no,,,,,BROAD INSTITUTE,SRA1247531,,public,DCF18970A18CE3556C02C7890265B0DE,318AAB2F7C56F4690E858E379CA094FC
SRR14881718,2021-06-22 18:24:33,2021-06-22 16:42:14,8168496,2466885792,8168496,302,938,,https://sra-downloadb.be-md.ncbi.nlm.nih.gov/sos4/sra-pub-zq-1/SRR014/14881/SRR14881718/SRR14881718.lite.1,SRX11199158,UMB02_02,WGS,PCR,METAGENOMIC,PAIRED,0,0,ILLUMINA,HiSeq X Ten,SRP117119,PRJNA400628,,400628,SRS2499927,SAMN07583779,simple,408170,human gut metagenome,UMB02_02,,,,,,,no,,,,,BROAD INSTITUTE,SRA1247531,,public,810CFC668B41232079047137E82A189B,C8FE0B200D195ABA77B07EAE199F073D
SRR14881717,2021-06-22 18:24:33,2021-06-22 16:43:05,11459512,3460772624,11459512,302,1508,,https://sra-downloadb.be-md.ncbi.nlm.nih.gov/sos4/sra-pub-zq-1/SRR014/14881/SRR14881717/SRR14881717.lite.1,SRX11199159,UMB02_03,WGS,PCR,METAGENOMIC,PAIRED,0,0,ILLUMINA,HiSeq X Ten,SRP117119,PRJNA400628,,400628,SRS2499940,SAMN07583780,simple,408170,human gut metagenome,UMB02_03,,,,,,,no,,,,,BROAD INSTITUTE,SRA1247531,,public,CD513BB3BFD25CB9179AC8A92A49D143,EAD73DDC47EBD6F8791C46770C4B32AE
SRR14881716,2021-06-22 18:24:33,2021-06-22 16:47:20,10936059,3302689818,10936059,302,1327,,https://sra-downloadb.be-md.ncbi.nlm.nih.gov/sos4/sra-pub-zq-1/SRR014/14881/SRR14881716/SRR14881716.lite.1,SRX11199160,UMB02_04,WGS,PCR,METAGENOMIC,PAIRED,0,0,ILLUMINA,HiSeq X Ten,SRP117119,PRJNA400628,,400628,SRS2500869,SAMN07583781,simple,408170,human gut metagenome,UMB02_04,,,,,,,no,,,,,BROAD INSTITUTE,SRA1247531,,public,44D342C6B5C8AE779806DE32445790B3,0F54D3E3D31F6BA6CB3E4D4DEE5E907B
SRR14881724,2021-06-22 18:24:33,2021-06-22 16:43:12,12349728,3729617856,12349728,302,1616,,https://sra-downloadb.be-md.ncbi.nlm.nih.gov/sos4/sra-pub-zq-1/SRR014/14881/SRR14881724/SRR14881724.lite.1,SRX11199152,UMB01_06,WGS,PCR,METAGENOMIC,PAIRED,0,0,ILLUMINA,HiSeq X Ten,SRP117119,PRJNA400628,,400628,SRS2499923,SAMN07583770,simple,408170,human gut metagenome,UMB01_06,,,,,,,no,,,,,BROAD INSTITUTE,SRA1247531,,public,300FFE2FEB913683FB48F1B576EBE6F4,1FD84BA509528B276B8680EE7C5293A0
SRR14881723,2021-06-22 18:24:33,2021-06-22 16:43:48,11372711,3434558722,11372711,302,1383,,https://sra-downloadb.be-md.ncbi.nlm.nih.gov/sos4/sra-pub-zq-1/SRR014/14881/SRR14881723/SRR14881723.lite.1,SRX11199153,UMB01_08,WGS,PCR,METAGENOMIC,PAIRED,0,0,ILLUMINA,HiSeq X Ten,SRP117119,PRJNA400628,,400628,SRS2499916,SAMN07583772,simple,408170,human gut metagenome,UMB01_08,,,,,,,no,,,,,BROAD INSTITUTE,SRA1247531,,public,6F56C7241E0684FD0764A99A49BBD989,CB3D936E8320EE65414D48E82AEEA1A9
SRR14881722,2021-06-22 18:24:33,2021-06-22 16:42:19,8452495,2552653490,8452495,302,1041,,https://sra-downloadb.be-md.ncbi.nlm.nih.gov/sos4/sra-pub-zq-1/SRR014/14881/SRR14881722/SRR14881722.lite.1,SRX11199154,UMB01_10,WGS,PCR,METAGENOMIC,PAIRED,0,0,ILLUMINA,HiSeq X Ten,SRP117119,PRJNA400628,,400628,SRS2499913,SAMN07583774,simple,408170,human gut metagenome,UMB01_10,,,,,,,no,,,,,BROAD INSTITUTE,SRA1247531,,public,9ADDA5AC494360584AA5E058F25A8B6E,01330BF0EE97D08B56E5EA559EEC99F6
SRR14881721,2021-06-22 18:24:33,2021-06-22 16:41:42,9494569,2867359838,9494569,302,1147,,https://sra-downloadb.be-md.ncbi.nlm.nih.gov/sos4/sra-pub-zq-1/SRR014/14881/SRR14881721/SRR14881721.lite.1,SRX11199155,UMB01_12,WGS,PCR,METAGENOMIC,PAIRED,0,0,ILLUMINA,HiSeq X Ten,SRP117119,PRJNA400628,,400628,SRS2499926,SAMN07583776,simple,408170,human gut metagenome,UMB01_12,,,,,,,no,,,,,BROAD INSTITUTE,SRA1247531,,public,5A725FF20AEB9BCC5BB0C57CA141DD39,203215E3622DD4DB0F63A73068E6A31D
SRR14881725,2021-06-22 18:24:33,2021-06-22 16:49:10,21601495,4363501990,21601495,202,2783,,https://sra-downloadb.be-md.ncbi.nlm.nih.gov/sos4/sra-pub-zq-1/SRR014/14881/SRR14881725/SRR14881725.lite.1,SRX11199151,UMB11_03.1rrt,WGS,PCR,METAGENOMIC,PAIRED,0,0,ILLUMINA,HiSeq X Ten,SRP117119,PRJNA400628,,400628,SRS9254236,SAMN19697375,simple,408170,human gut metagenome,UMB11_03.1rrt,,,,,,,no,,,,,BROAD INSTITUTE,SRA1247531,,public,27020592A5D3B754223E14CA3CE7FDF4,C3E394AAE3485B73D2B3EDD10D777F10
SRR14881730,2021-06-22 18:24:33,2021-06-22 16:44:33,13758515,4155071530,13758515,302,1802,,https://sra-downloadb.be-md.ncbi.nlm.nih.gov/sos4/sra-pub-zq-1/SRR014/14881/SRR14881730/SRR14881730.lite.1,SRX11199146,UMB01_00,WGS,PCR,METAGENOMIC,PAIRED,0,0,ILLUMINA,HiSeq X Ten,SRP117119,PRJNA400628,,400628,SRS2500878,SAMN07583764,simple,408170,human gut metagenome,UMB01_00,,,,,,,no,,,,,BROAD INSTITUTE,SRA1247531,,public,115EB90A5E4925BD59B8B1F0D00DD873,7903AFD0A4AC798B3B200D28C2B1AB8E
SRR14881729,2021-06-22 18:24:33,2021-06-22 16:44:52,11477035,3466064570,11477035,302,1397,,https://sra-downloadb.be-md.ncbi.nlm.nih.gov/sos4/sra-pub-zq-1/SRR014/14881/SRR14881729/SRR14881729.lite.1,SRX11199147,UMB01_01,WGS,PCR,METAGENOMIC,PAIRED,0,0,ILLUMINA,HiSeq X Ten,SRP117119,PRJNA400628,,400628,SRS2499915,SAMN07583765,simple,408170,human gut metagenome,UMB01_01,,,,,,,no,,,,,BROAD INSTITUTE,SRA1247531,,public,48BD46B665A77423EA667E03482EE563,D97421A5B6F9A363A99F5F0CDE6389F5
SRR14881728,2021-06-22 18:24:33,2021-06-22 16:42:55,9786510,2955526020,9786510,302,1278,,https://sra-downloadb.be-md.ncbi.nlm.nih.gov/sos4/sra-pub-zq-1/SRR014/14881/SRR14881728/SRR14881728.lite.1,SRX11199148,UMB01_02,WGS,PCR,METAGENOMIC,PAIRED,0,0,ILLUMINA,HiSeq X Ten,SRP117119,PRJNA400628,,400628,SRS2499920,SAMN07583766,simple,408170,human gut metagenome,UMB01_02,,,,,,,no,,,,,BROAD INSTITUTE,SRA1247531,,public,9387322A4D3AAAA12384BAC1A6FD9BB9,94844077FDF41E7E73535634B8F5925A
SRR14881727,2021-06-22 18:24:33,2021-06-22 16:46:01,17077410,5157377820,17077410,302,2071,,https://sra-downloadb.be-md.ncbi.nlm.nih.gov/sos4/sra-pub-zq-1/SRR014/14881/SRR14881727/SRR14881727.lite.1,SRX11199149,UMB01_03,WGS,PCR,METAGENOMIC,PAIRED,0,0,ILLUMINA,HiSeq X Ten,SRP117119,PRJNA400628,,400628,SRS2499918,SAMN07583767,simple,408170,human gut metagenome,UMB01_03,,,,,,,no,,,,,BROAD INSTITUTE,SRA1247531,,public,EBD9911F26C3C40FF60F1BFFC02FFE34,BFEFC910F125EBFE450BAC6A1140777F
SRR14881726,2021-06-22 18:24:33,2021-06-22 16:43:32,9684081,2924592462,9684081,302,1310,,https://sra-downloadb.be-md.ncbi.nlm.nih.gov/sos4/sra-pub-zq-1/SRR014/14881/SRR14881726/SRR14881726.lite.1,SRX11199150,UMB01_04,WGS,PCR,METAGENOMIC,PAIRED,0,0,ILLUMINA,HiSeq X Ten,SRP117119,PRJNA400628,,400628,SRS2499922,SAMN07583768,simple,408170,human gut metagenome,UMB01_04,,,,,,,no,,,,,BROAD INSTITUTE,SRA1247531,,public,E567BA6338366B7D9B72DA71EBADF083,35BBCB81842AF76D6F37BE36892FA326
SRR14881735,2021-06-22 18:24:33,2021-06-22 16:43:47,4267764,862088328,4267764,202,464,,https://sra-downloadb.be-md.ncbi.nlm.nih.gov/sos4/sra-pub-zq-1/SRR014/14881/SRR14881735/SRR14881735.lite.1,SRX11199141,UMB30_00rop,WGS,PCR,METAGENOMIC,PAIRED,0,0,ILLUMINA,HiSeq X Ten,SRP117119,PRJNA400628,,400628,SRS9254321,SAMN07736351,simple,408170,human gut metagenome,UMB30_00rop,,,,,,,no,,,,,BROAD INSTITUTE,SRA1247531,,public,8B0EFD1071AA91BF6D6D193E2CC5C8C4,13A17928E55B123C3D819C5F9024CA62
SRR14881734,2021-06-22 18:24:33,2021-06-22 16:42:55,2430546,490970292,2430546,202,251,,https://sra-downloadb.be-md.ncbi.nlm.nih.gov/sos4/sra-pub-zq-1/SRR014/14881/SRR14881734/SRR14881734.lite.1,SRX11199142,UMB30_00rrp,WGS,PCR,METAGENOMIC,PAIRED,0,0,ILLUMINA,HiSeq X Ten,SRP117119,PRJNA400628,,400628,SRS9254322,SAMN07736321,simple,408170,human gut metagenome,UMB30_00rrp,,,,,,,no,,,,,BROAD INSTITUTE,SRA1247531,,public,41D32C38A271A154E2B5C0041C4B536D,DA2412FD8A87914C7B17E49E9F1625AD
SRR14881733,2021-06-22 18:24:33,2021-06-22 16:43:20,4105451,829301102,4105451,202,453,,https://sra-downloadb.be-md.ncbi.nlm.nih.gov/sos4/sra-pub-zq-1/SRR014/14881/SRR14881733/SRR14881733.lite.1,SRX11199143,UMB31_00rop,WGS,PCR,METAGENOMIC,PAIRED,0,0,ILLUMINA,HiSeq X Ten,SRP117119,PRJNA400628,,400628,SRS9254325,SAMN07736352,simple,408170,human gut metagenome,UMB31_00rop,,,,,,,no,,,,,BROAD INSTITUTE,SRA1247531,,public,7294FEECC3B1C2C4344DFD3827F06F91,BC3BB975ACC964D9B78B643DCC12804B
SRR14881732,2021-06-22 18:24:33,2021-06-22 16:41:55,2516083,508248766,2516083,202,265,,https://sra-downloadb.be-md.ncbi.nlm.nih.gov/sos4/sra-pub-zq-1/SRR014/14881/SRR14881732/SRR14881732.lite.1,SRX11199144,UMB31_00rrp,WGS,PCR,METAGENOMIC,PAIRED,0,0,ILLUMINA,HiSeq X Ten,SRP117119,PRJNA400628,,400628,SRS9254326,SAMN07736322,simple,408170,human gut metagenome,UMB31_00rrp,,,,,,,no,,,,,BROAD INSTITUTE,SRA1247531,,public,BE4ECD5A5AF043C2126D48096C92C895,665F55FDC61DB5149ADF70CDDE588AC2
SRR14881731,2021-06-22 18:24:33,2021-06-22 16:40:34,10891,2199982,10891,202,1,,https://sra-downloadb.be-md.ncbi.nlm.nih.gov/sos4/sra-pub-zq-1/SRR014/14881/SRR14881731/SRR14881731.lite.1,SRX11199145,UMBBLANK_CTRLrrp,WGS,PCR,METAGENOMIC,PAIRED,0,0,ILLUMINA,HiSeq X Ten,SRP117119,PRJNA400628,,400628,SRS9254328,SAMN07736323,simple,408170,human gut metagenome,UMBBLANK_CTRLrrp,,,,,,,no,,,,,BROAD INSTITUTE,SRA1247531,,public,BEFB9FCEFE023EC56E6747CC8F373B7B,D1C93D9AD8E7F72377E9971A6295077B
SRR14881736,2021-06-22 18:24:33,2021-06-22 16:48:46,15552665,3141638330,15552665,202,1957,,https://sra-downloadb.be-md.ncbi.nlm.nih.gov/sos4/sra-pub-zq-1/SRR014/14881/SRR14881736/SRR14881736.lite.1,SRX11199140,UMB11_03.1rot,WGS,PCR,METAGENOMIC,PAIRED,0,0,ILLUMINA,HiSeq X Ten,SRP117119,PRJNA400628,,400628,SRS9254235,SAMN19697374,simple,408170,human gut metagenome,UMB11_03.1rot,,,,,,,no,,,,,BROAD INSTITUTE,SRA1247531,,public,65192818AEF08799074590771EB54E66,978A5453303AF9DF225CD744DA919A4B
SRR14881740,2021-06-22 18:24:33,2021-06-22 16:43:24,1446670,292227340,1446670,202,168,,https://sra-downloadb.be-md.ncbi.nlm.nih.gov/sos4/sra-pub-zq-1/SRR014/14881/SRR14881740/SRR14881740.lite.1,SRX11199136,UMB26_00rrp,WGS,PCR,METAGENOMIC,PAIRED,0,0,ILLUMINA,HiSeq X Ten,SRP117119,PRJNA400628,,400628,SRS9254313,SAMN07736320,simple,408170,human gut metagenome,UMB26_00rrp,,,,,,,no,,,,,BROAD INSTITUTE,SRA1247531,,public,120E75E68C30B06853940BC8B3D0D42E,017250AA3279F73A5F9331E29BFDCBFE
SRR14881739,2021-06-22 18:24:33,2021-06-22 16:44:21,4236553,855783706,4236553,202,468,,https://sra-downloadb.be-md.ncbi.nlm.nih.gov/sos4/sra-pub-zq-1/SRR014/14881/SRR14881739/SRR14881739.lite.1,SRX11199137,UMB27_00rop,WGS,PCR,METAGENOMIC,PAIRED,0,0,ILLUMINA,HiSeq X Ten,SRP117119,PRJNA400628,,400628,SRS9254315,SAMN07736348,simple,408170,human gut metagenome,UMB27_00rop,,,,,,,no,,,,,BROAD INSTITUTE,SRA1247531,,public,358B6D5BE61E42A1029B2BA21B10E94E,61E8B7251462913E2AD2B09366A2FDA0
SRR14881738,2021-06-22 18:24:33,2021-06-22 16:44:39,5444254,1099739308,5444254,202,591,,https://sra-downloadb.be-md.ncbi.nlm.nih.gov/sos4/sra-pub-zq-1/SRR014/14881/SRR14881738/SRR14881738.lite.1,SRX11199138,UMB28_00rop,WGS,PCR,METAGENOMIC,PAIRED,0,0,ILLUMINA,HiSeq X Ten,SRP117119,PRJNA400628,,400628,SRS9254316,SAMN07736349,simple,408170,human gut metagenome,UMB28_00rop,,,,,,,no,,,,,BROAD INSTITUTE,SRA1247531,,public,B27D44DE6F8E4F292AD9EFCC80D66860,780032825E1A6113B49214C75239EA98
SRR14881737,2021-06-22 18:24:33,2021-06-22 16:43:16,2845707,574832814,2845707,202,312,,https://sra-downloadb.be-md.ncbi.nlm.nih.gov/sos4/sra-pub-zq-1/SRR014/14881/SRR14881737/SRR14881737.lite.1,SRX11199139,UMB29_00rop,WGS,PCR,METAGENOMIC,PAIRED,0,0,ILLUMINA,HiSeq X Ten,SRP117119,PRJNA400628,,400628,SRS9254319,SAMN07736350,simple,408170,human gut metagenome,UMB29_00rop,,,,,,,no,,,,,BROAD INSTITUTE,SRA1247531,,public,2C6181BBC6577ED7444BF93A1BE95F77,29928B867EE9F4FFBD9F327E790A2397
SRR14881745,2021-06-22 18:24:33,2021-06-22 16:44:15,2224530,449355060,2224530,202,230,,https://sra-downloadb.be-md.ncbi.nlm.nih.gov/sos4/sra-pub-zq-1/SRR014/14881/SRR14881745/SRR14881745.lite.1,SRX11199131,UMB24_00rrp,WGS,PCR,METAGENOMIC,PAIRED,0,0,ILLUMINA,HiSeq X Ten,SRP117119,PRJNA400628,,400628,SRS9254305,SAMN07736317,simple,408170,human gut metagenome,UMB24_00rrp,,,,,,,no,,,,,BROAD INSTITUTE,SRA1247531,,public,CCF448CE703B7B93C67F9CBD790DE509,B45F3E53AAE72F284471AA7EBF321151
SRR14881744,2021-06-22 18:24:33,2021-06-22 16:45:01,4445118,897913836,4445118,202,497,,https://sra-downloadb.be-md.ncbi.nlm.nih.gov/sos4/sra-pub-zq-1/SRR014/14881/SRR14881744/SRR14881744.lite.1,SRX11199132,UMB24_09.1rop,WGS,PCR,METAGENOMIC,PAIRED,0,0,ILLUMINA,HiSeq X Ten,SRP117119,PRJNA400628,,400628,SRS9254307,SAMN07736345,simple,408170,human gut metagenome,UMB24_09.1rop,,,,,,,no,,,,,BROAD INSTITUTE,SRA1247531,,public,76157AAE16E494763501945CB654AB13,4380EB279960E8B6B69D398AD70E27D3
SRR14881743,2021-06-22 18:24:33,2021-06-22 16:44:28,3479095,702777190,3479095,202,378,,https://sra-downloadb.be-md.ncbi.nlm.nih.gov/sos4/sra-pub-zq-1/SRR014/14881/SRR14881743/SRR14881743.lite.1,SRX11199133,UMB25_00rop,WGS,PCR,METAGENOMIC,PAIRED,0,0,ILLUMINA,HiSeq X Ten,SRP117119,PRJNA400628,,400628,SRS9254309,SAMN07736346,simple,408170,human gut metagenome,UMB25_00rop,,,,,,,no,,,,,BROAD INSTITUTE,SRA1247531,,public,BD4C47167EF4053EC370A160F6127DE3,D8DAE9A8D246896C9F28FDB0BA39EFBA
SRR14881742,2021-06-22 18:24:33,2021-06-22 16:44:29,2372192,479182784,2372192,202,257,,https://sra-downloadb.be-md.ncbi.nlm.nih.gov/sos4/sra-pub-zq-1/SRR014/14881/SRR14881742/SRR14881742.lite.1,SRX11199134,UMB25_00rrp,WGS,PCR,METAGENOMIC,PAIRED,0,0,ILLUMINA,HiSeq X Ten,SRP117119,PRJNA400628,,400628,SRS9254310,SAMN07736319,simple,408170,human gut metagenome,UMB25_00rrp,,,,,,,no,,,,,BROAD INSTITUTE,SRA1247531,,public,B312FBA24206D936E9CED0835544C133,FFD2AEFA4119AA922678185F3A7B6F2A
SRR14881741,2021-06-22 18:24:33,2021-06-22 16:44:47,5818794,1175396388,5818794,202,641,,https://sra-downloadb.be-md.ncbi.nlm.nih.gov/sos4/sra-pub-zq-1/SRR014/14881/SRR14881741/SRR14881741.lite.1,SRX11199135,UMB26_00rop,WGS,PCR,METAGENOMIC,PAIRED,0,0,ILLUMINA,HiSeq X Ten,SRP117119,PRJNA400628,,400628,SRS9254312,SAMN07736347,simple,408170,human gut metagenome,UMB26_00rop,,,,,,,no,,,,,BROAD INSTITUTE,SRA1247531,,public,9074404926E7489092F87040B18DA5DF,A2B3D7D62D8CEEFD29329AC63B57D94A
SRR14881747,2021-06-22 18:24:32,2021-06-22 16:43:33,7981,1612162,7981,202,0,,https://sra-downloadb.be-md.ncbi.nlm.nih.gov/sos4/sra-pub-zq-1/SRR014/14881/SRR14881747/SRR14881747.lite.1,SRX11199129,UMB11_00rrt,WGS,PCR,METAGENOMIC,PAIRED,0,0,ILLUMINA,HiSeq X Ten,SRP117119,PRJNA400628,,400628,SRS9254233,SAMN19697372,simple,408170,human gut metagenome,UMB11_00rrt,,,,,,,no,,,,,BROAD INSTITUTE,SRA1247531,,public,4D6DB8243592E7E4FA7BA69BDE7E55CA,2517CA1A85C806E370ED2637E8CAD89A
SRR14881748,2021-06-22 18:24:32,2021-06-22 16:44:12,1296849,261963498,1296849,202,139,,https://sra-downloadb.be-md.ncbi.nlm.nih.gov/sos4/sra-pub-zq-1/SRR014/14881/SRR14881748/SRR14881748.lite.1,SRX11199128,UMB23_10.1rrp,WGS,PCR,METAGENOMIC,PAIRED,0,0,ILLUMINA,HiSeq X Ten,SRP117119,PRJNA400628,,400628,SRS9254302,SAMN07736316,simple,408170,human gut metagenome,UMB23_10.1rrp,,,,,,,no,,,,,BROAD INSTITUTE,SRA1247531,,public,070271DD498A9655E1384B6F2E2E0201,FA41F4732A830E07D0A4015ED04153B6
SRR14881746,2021-06-22 18:24:32,2021-06-22 16:45:04,5107516,1031718232,5107516,202,568,,https://sra-downloadb.be-md.ncbi.nlm.nih.gov/sos4/sra-pub-zq-1/SRR014/14881/SRR14881746/SRR14881746.lite.1,SRX11199130,UMB24_00rop,WGS,PCR,METAGENOMIC,PAIRED,0,0,ILLUMINA,HiSeq X Ten,SRP117119,PRJNA400628,,400628,SRS9254304,SAMN07736344,simple,408170,human gut metagenome,UMB24_00rop,,,,,,,no,,,,,BROAD INSTITUTE,SRA1247531,,public,F7C7C5B2FF07DED3AFEF0B473865D498,E7A2265B7C1BE975761DDE1E985BC640
SRR14881751,2021-06-22 18:24:32,2021-06-22 16:44:56,2195148,443419896,2195148,202,224,,https://sra-downloadb.be-md.ncbi.nlm.nih.gov/sos4/sra-pub-zq-1/SRR014/14881/SRR14881751/SRR14881751.lite.1,SRX11199125,UMB30_00urp,WGS,PCR,METAGENOMIC,PAIRED,0,0,ILLUMINA,HiSeq X Ten,SRP117119,PRJNA400628,,400628,SRS9254323,SAMN07736306,simple,408170,human gut metagenome,UMB30_00urp,,,,,,,no,,,,,BROAD INSTITUTE,SRA1247531,,public,BF0F21A4AA02B4FDF31BC7EB2BCE4889,C506CA39237FB7DCD64703E2D8CAACD3
SRR14881750,2021-06-22 18:24:32,2021-06-22 16:44:37,2480351,501030902,2480351,202,267,,https://sra-downloadb.be-md.ncbi.nlm.nih.gov/sos4/sra-pub-zq-1/SRR014/14881/SRR14881750/SRR14881750.lite.1,SRX11199126,UMB31_00urp,WGS,PCR,METAGENOMIC,PAIRED,0,0,ILLUMINA,HiSeq X Ten,SRP117119,PRJNA400628,,400628,SRS9254327,SAMN07736307,simple,408170,human gut metagenome,UMB31_00urp,,,,,,,no,,,,,BROAD INSTITUTE,SRA1247531,,public,3EFB4E9856E251D3AA2C7F796DE46B06,EC2C7718C5B749D838CE33C7DE5436C5
SRR14881756,2021-06-22 18:24:32,2021-06-22 16:45:24,2739646,553408492,2739646,202,308,,https://sra-downloadb.be-md.ncbi.nlm.nih.gov/sos4/sra-pub-zq-1/SRR014/14881/SRR14881756/SRR14881756.lite.1,SRX11199120,UMB26_00urp,WGS,PCR,METAGENOMIC,PAIRED,0,0,ILLUMINA,HiSeq X Ten,SRP117119,PRJNA400628,,400628,SRS9254314,SAMN07736302,simple,408170,human gut metagenome,UMB26_00urp,,,,,,,no,,,,,BROAD INSTITUTE,SRA1247531,,public,7931BCCB1D2E9D4E2724BB2AE4F6D0CA,0FE1F085930BB564140A3932D9CED1A2
SRR14881755,2021-06-22 18:24:32,2021-06-22 16:45:20,2657842,536884084,2657842,202,301,,https://sra-downloadb.be-md.ncbi.nlm.nih.gov/sos4/sra-pub-zq-1/SRR014/14881/SRR14881755/SRR14881755.lite.1,SRX11199121,UMB27_00urp,WGS,PCR,METAGENOMIC,PAIRED,0,0,ILLUMINA,HiSeq X Ten,SRP117119,PRJNA400628,,400628,SRS9254317,SAMN07736303,simple,408170,human gut metagenome,UMB27_00urp,,,,,,,no,,,,,BROAD INSTITUTE,SRA1247531,,public,8FCE868EFE324F56D0EB072D1C770454,D00561C056703A81ACD1F7884D840038
SRR14881754,2021-06-22 18:24:32,2021-06-22 16:44:59,1832537,370172474,1832537,202,211,,https://sra-downloadb.be-md.ncbi.nlm.nih.gov/sos4/sra-pub-zq-1/SRR014/14881/SRR14881754/SRR14881754.lite.1,SRX11199122,UMB28_00urp,WGS,PCR,METAGENOMIC,PAIRED,0,0,ILLUMINA,HiSeq X Ten,SRP117119,PRJNA400628,,400628,SRS9254318,SAMN07736304,simple,408170,human gut metagenome,UMB28_00urp,,,,,,,no,,,,,BROAD INSTITUTE,SRA1247531,,public,E1445E7BB84C516544614921A806965E,CC9F006731192CA07400A78105453B1B
SRR14881753,2021-06-22 18:24:32,2021-06-22 16:45:35,3436227,694117854,3436227,202,355,,https://sra-downloadb.be-md.ncbi.nlm.nih.gov/sos4/sra-pub-zq-1/SRR014/14881/SRR14881753/SRR14881753.lite.1,SRX11199123,UMB29_00urp,WGS,PCR,METAGENOMIC,PAIRED,0,0,ILLUMINA,HiSeq X Ten,SRP117119,PRJNA400628,,400628,SRS9254320,SAMN07736305,simple,408170,human gut metagenome,UMB29_00urp,,,,,,,no,,,,,BROAD INSTITUTE,SRA1247531,,public,BA72C94ED30AA4B1EFF51FC7898CC93B,D27F131CB77DC246BF34C628BD01E78F
SRR14881752,2021-06-22 18:24:32,2021-06-22 16:46:20,5844760,1180641520,5844760,202,663,,https://sra-downloadb.be-md.ncbi.nlm.nih.gov/sos4/sra-pub-zq-1/SRR014/14881/SRR14881752/SRR14881752.lite.1,SRX11199124,UMB30_00uop,WGS,PCR,METAGENOMIC,PAIRED,0,0,ILLUMINA,HiSeq X Ten,SRP117119,PRJNA400628,,400628,SRS9254324,SAMN07736331,simple,408170,human gut metagenome,UMB30_00uop,,,,,,,no,,,,,BROAD INSTITUTE,SRA1247531,,public,E277A7C2EC1D114E03EF5A4CC8A29968,624DBC3EBE1666E369C7E3608DC770D9
SRR14881759,2021-06-22 18:24:32,2021-06-22 16:45:37,2696589,544710978,2696589,202,299,,https://sra-downloadb.be-md.ncbi.nlm.nih.gov/sos4/sra-pub-zq-1/SRR014/14881/SRR14881759/SRR14881759.lite.1,SRX11199117,UMB23_10.1rop,WGS,PCR,METAGENOMIC,PAIRED,0,0,ILLUMINA,HiSeq X Ten,SRP117119,PRJNA400628,,400628,SRS9254301,SAMN07736343,simple,408170,human gut metagenome,UMB23_10.1rop,,,,,,,no,,,,,BROAD INSTITUTE,SRA1247531,,public,45747F2F8FED71A51230BE93706C287B,4FE03C69B4B20BEEA8424659F177CE75
SRR14881761,2021-06-22 18:24:32,2021-06-22 16:46:01,3445111,695912422,3445111,202,388,,https://sra-downloadb.be-md.ncbi.nlm.nih.gov/sos4/sra-pub-zq-1/SRR014/14881/SRR14881761/SRR14881761.lite.1,SRX11199115,UMB23_10.1urp,WGS,PCR,METAGENOMIC,PAIRED,0,0,ILLUMINA,HiSeq X Ten,SRP117119,PRJNA400628,,400628,SRS9254303,SAMN07736299,simple,408170,human gut metagenome,UMB23_10.1urp,,,,,,,no,,,,,BROAD INSTITUTE,SRA1247531,,public,972BFA4F45731630BB57A364F580513A,6061E8C1DC5CA4EA7A084894C2AA8906
SRR14881760,2021-06-22 18:24:32,2021-06-22 16:45:34,3335512,673773424,3335512,202,360,,https://sra-downloadb.be-md.ncbi.nlm.nih.gov/sos4/sra-pub-zq-1/SRR014/14881/SRR14881760/SRR14881760.lite.1,SRX11199116,UMB24_00urp,WGS,PCR,METAGENOMIC,PAIRED,0,0,ILLUMINA,HiSeq X Ten,SRP117119,PRJNA400628,,400628,SRS9254306,SAMN07736300,simple,408170,human gut metagenome,UMB24_00urp,,,,,,,no,,,,,BROAD INSTITUTE,SRA1247531,,public,BEB074BE8385A0A73D263EEB087EEA0C,B23C682A94D3ED932E21896E204CB1D0
SRR14881758,2021-06-22 18:24:32,2021-06-22 16:45:42,3346113,675914826,3346113,202,373,,https://sra-downloadb.be-md.ncbi.nlm.nih.gov/sos4/sra-pub-zq-1/SRR014/14881/SRR14881758/SRR14881758.lite.1,SRX11199118,UMB24_09.1uop,WGS,PCR,METAGENOMIC,PAIRED,0,0,ILLUMINA,HiSeq X Ten,SRP117119,PRJNA400628,,400628,SRS9254308,SAMN07736332,simple,408170,human gut metagenome,UMB24_09.1uop,,,,,,,no,,,,,BROAD INSTITUTE,SRA1247531,,public,F4C332EE6D0805BF3A85FBB293DCA528,2FAF5EA7F604D72168420DA33CA8BF85
SRR14881757,2021-06-22 18:24:32,2021-06-22 16:45:56,3698669,747131138,3698669,202,416,,https://sra-downloadb.be-md.ncbi.nlm.nih.gov/sos4/sra-pub-zq-1/SRR014/14881/SRR14881757/SRR14881757.lite.1,SRX11199119,UMB25_00urp,WGS,PCR,METAGENOMIC,PAIRED,0,0,ILLUMINA,HiSeq X Ten,SRP117119,PRJNA400628,,400628,SRS9254311,SAMN07736301,simple,408170,human gut metagenome,UMB25_00urp,,,,,,,no,,,,,BROAD INSTITUTE,SRA1247531,,public,23BF8C4BBD38673EB9E72E73D8BD1378,884DCA40B8364423CD24D785AA02A1CF
SRR14881766,2021-06-22 18:24:32,2021-06-22 16:45:56,2317835,468202670,2317835,202,260,,https://sra-downloadb.be-md.ncbi.nlm.nih.gov/sos4/sra-pub-zq-1/SRR014/14881/SRR14881766/SRR14881766.lite.1,SRX11199110,UMB23_00urp,WGS,PCR,METAGENOMIC,PAIRED,0,0,ILLUMINA,HiSeq X Ten,SRP117119,PRJNA400628,,400628,SRS9254290,SAMN07736295,simple,408170,human gut metagenome,UMB23_00urp,,,,,,,no,,,,,BROAD INSTITUTE,SRA1247531,,public,369E92B7211BD2A6AF26D7CAE12740D8,A1D3AB2B5A800C4E8FFCDB596DE945B7
SRR14881765,2021-06-22 18:24:32,2021-06-22 16:46:28,5126987,1035651374,5126987,202,553,,https://sra-downloadb.be-md.ncbi.nlm.nih.gov/sos4/sra-pub-zq-1/SRR014/14881/SRR14881765/SRR14881765.lite.1,SRX11199111,UMB23_01.1uop,WGS,PCR,METAGENOMIC,PAIRED,0,0,ILLUMINA,HiSeq X Ten,SRP117119,PRJNA400628,,400628,SRS9254294,SAMN07736330,simple,408170,human gut metagenome,UMB23_01.1uop,,,,,,,no,,,,,BROAD INSTITUTE,SRA1247531,,public,4E1CA0DA5179AA331CD54D9DB5DC1022,ACE99A13D7F39F3C141A7A1B0F9816FE
SRR14881764,2021-06-22 18:24:32,2021-06-22 16:47:03,4522730,913591460,4522730,202,469,,https://sra-downloadb.be-md.ncbi.nlm.nih.gov/sos4/sra-pub-zq-1/SRR014/14881/SRR14881764/SRR14881764.lite.1,SRX11199112,UMB23_01.1urp,WGS,PCR,METAGENOMIC,PAIRED,0,0,ILLUMINA,HiSeq X Ten,SRP117119,PRJNA400628,,400628,SRS9254293,SAMN07736296,simple,408170,human gut metagenome,UMB23_01.1urp,,,,,,,no,,,,,BROAD INSTITUTE,SRA1247531,,public,C6669881274F204637B4364EF61BC052,CF7E4B0BB4609046DCC7DC0BE9E565E3
SRR14881763,2021-06-22 18:24:32,2021-06-22 16:46:00,2318999,468437798,2318999,202,264,,https://sra-downloadb.be-md.ncbi.nlm.nih.gov/sos4/sra-pub-zq-1/SRR014/14881/SRR14881763/SRR14881763.lite.1,SRX11199113,UMB23_05.1urp,WGS,PCR,METAGENOMIC,PAIRED,0,0,ILLUMINA,HiSeq X Ten,SRP117119,PRJNA400628,,400628,SRS9254297,SAMN07736297,simple,408170,human gut metagenome,UMB23_05.1urp,,,,,,,no,,,,,BROAD INSTITUTE,SRA1247531,,public,7C3E10F3184D65EA684BCD06B1582D6F,274327C21036AB62EB5EB52B11081CE0
SRR14881762,2021-06-22 18:24:32,2021-06-22 16:45:58,3914555,790740110,3914555,202,406,,https://sra-downloadb.be-md.ncbi.nlm.nih.gov/sos4/sra-pub-zq-1/SRR014/14881/SRR14881762/SRR14881762.lite.1,SRX11199114,UMB23_07.1urp,WGS,PCR,METAGENOMIC,PAIRED,0,0,ILLUMINA,HiSeq X Ten,SRP117119,PRJNA400628,,400628,SRS9254299,SAMN07736298,simple,408170,human gut metagenome,UMB23_07.1urp,,,,,,,no,,,,,BROAD INSTITUTE,SRA1247531,,public,D59298E3B18BDAA6A9579E8F89A14C34,75022351F41D32C34BE13FAD56247FE6
SRR14881771,2021-06-22 18:24:32,2021-06-22 16:46:11,2285464,461663728,2285464,202,240,,https://sra-downloadb.be-md.ncbi.nlm.nih.gov/sos4/sra-pub-zq-1/SRR014/14881/SRR14881771/SRR14881771.lite.1,SRX11199105,UMB20_09.1uop,WGS,PCR,METAGENOMIC,PAIRED,0,0,ILLUMINA,HiSeq X Ten,SRP117119,PRJNA400628,,400628,SRS9254282,SAMN07736328,simple,408170,human gut metagenome,UMB20_09.1uop,,,,,,,no,,,,,BROAD INSTITUTE,SRA1247531,,public,BA0AE38431BD033ED19135A29209F396,56CD252BE6A2B59D08F9F0957A14DEE5
SRR14881769,2021-06-22 18:24:32,2021-06-22 16:46:40,4449422,898783244,4449422,202,473,,https://sra-downloadb.be-md.ncbi.nlm.nih.gov/sos4/sra-pub-zq-1/SRR014/14881/SRR14881769/SRR14881769.lite.1,SRX11199107,UMB20_09.1urp,WGS,PCR,METAGENOMIC,PAIRED,0,0,ILLUMINA,HiSeq X Ten,SRP117119,PRJNA400628,,400628,SRS9254283,SAMN07736294,simple,408170,human gut metagenome,UMB20_09.1urp,,,,,,,no,,,,,BROAD INSTITUTE,SRA1247531,,public,8AB302F9E2E1275708AE36522CB73ED1,324EB57DB2EE7F9699B2B8598C47CFB6
SRR14881768,2021-06-22 17:22:09,2021-06-22 17:03:04,63100806,12746362812,63100806,202,8284,,https://sra-downloadb.be-md.ncbi.nlm.nih.gov/sos4/sra-pub-zq-1/SRR014/14881/SRR14881768/SRR14881768.lite.1,SRX11199108,UMB21_00urt,WGS,PCR,METAGENOMIC,PAIRED,0,0,ILLUMINA,HiSeq X Ten,SRP117119,PRJNA400628,,400628,SRS9254286,SAMN19697404,simple,408170,human gut metagenome,UMB21_00urt,,,,,,,no,,,,,BROAD INSTITUTE,SRA1247531,,public,3C0FAD46B7C1E028DFFDC43B4B2DD2CB,1DC44554B91EB4BC9EBEA1D79965746F
SRR14881767,2021-06-22 18:24:32,2021-06-22 16:46:35,4233442,855155284,4233442,202,454,,https://sra-downloadb.be-md.ncbi.nlm.nih.gov/sos4/sra-pub-zq-1/SRR014/14881/SRR14881767/SRR14881767.lite.1,SRX11199109,UMB23_00uop,WGS,PCR,METAGENOMIC,PAIRED,0,0,ILLUMINA,HiSeq X Ten,SRP117119,PRJNA400628,,400628,SRS9254289,SAMN07736329,simple,408170,human gut metagenome,UMB23_00uop,,,,,,,no,,,,,BROAD INSTITUTE,SRA1247531,,public,37D292F4B6FE6CF7F9D19FDBF67E0EC3,E70458D5836880FC02E169E9619D7A53
SRR14881770,2021-06-22 18:24:32,2021-06-22 16:46:28,2950291,595958782,2950291,202,318,,https://sra-downloadb.be-md.ncbi.nlm.nih.gov/sos4/sra-pub-zq-1/SRR014/14881/SRR14881770/SRR14881770.lite.1,SRX11199106,UMB23_09.1rop,WGS,PCR,METAGENOMIC,PAIRED,0,0,ILLUMINA,HiSeq X Ten,SRP117119,PRJNA400628,,400628,SRS9254300,SAMN07736336,simple,408170,human gut metagenome,UMB23_09.1rop,,,,,,,no,,,,,BROAD INSTITUTE,SRA1247531,,public,86FA0524718798BAB330066D0B418A6B,834F4723EF941132CFEE40F745475574
SRR14881776,2021-06-22 18:24:32,2021-06-22 16:46:47,2628110,530878220,2628110,202,299,,https://sra-downloadb.be-md.ncbi.nlm.nih.gov/sos4/sra-pub-zq-1/SRR014/14881/SRR14881776/SRR14881776.lite.1,SRX11199100,UMB20_00.1urp,WGS,PCR,METAGENOMIC,PAIRED,0,0,ILLUMINA,HiSeq X Ten,SRP117119,PRJNA400628,,400628,SRS9254270,SAMN07736291,simple,408170,human gut metagenome,UMB20_00.1urp,,,,,,,no,,,,,BROAD INSTITUTE,SRA1247531,,public,E73B64902D804E40B8505BB81CA0C860,B68733B9E89C39117C1491A616856ACC
SRR14881775,2021-06-22 18:24:32,2021-06-22 16:49:08,12801119,2585826038,12801119,202,1658,,https://sra-downloadb.be-md.ncbi.nlm.nih.gov/sos4/sra-pub-zq-1/SRR014/14881/SRR14881775/SRR14881775.lite.1,SRX11199101,UMB20_00urt,WGS,PCR,METAGENOMIC,PAIRED,0,0,ILLUMINA,HiSeq X Ten,SRP117119,PRJNA400628,,400628,SRS9254272,SAMN19697402,simple,408170,human gut metagenome,UMB20_00urt,,,,,,,no,,,,,BROAD INSTITUTE,SRA1247531,,public,7F411770965994FACF28AC726F278390,F3CB9DF8A4A76392824F1518EDD37C9C
SRR14881774,2021-06-22 18:24:32,2021-06-22 16:46:20,2408360,486488720,2408360,202,251,,https://sra-downloadb.be-md.ncbi.nlm.nih.gov/sos4/sra-pub-zq-1/SRR014/14881/SRR14881774/SRR14881774.lite.1,SRX11199102,UMB20_02.1urp,WGS,PCR,METAGENOMIC,PAIRED,0,0,ILLUMINA,HiSeq X Ten,SRP117119,PRJNA400628,,400628,SRS9254275,SAMN07736292,simple,408170,human gut metagenome,UMB20_02.1urp,,,,,,,no,,,,,BROAD INSTITUTE,SRA1247531,,public,2CF79D081FDCC7AE0B89602E24313D8F,2D38BC05DFD8A7C06C006B0BB0BD1017
SRR14881773,2021-06-22 18:24:32,2021-06-22 16:47:13,4982158,1006395916,4982158,202,546,,https://sra-downloadb.be-md.ncbi.nlm.nih.gov/sos4/sra-pub-zq-1/SRR014/14881/SRR14881773/SRR14881773.lite.1,SRX11199103,UMB20_04.1uop,WGS,PCR,METAGENOMIC,PAIRED,0,0,ILLUMINA,HiSeq X Ten,SRP117119,PRJNA400628,,400628,SRS9254278,SAMN07736327,simple,408170,human gut metagenome,UMB20_04.1uop,,,,,,,no,,,,,BROAD INSTITUTE,SRA1247531,,public,A1C7830E941D373F298FF053CB840279,3E83002831CCC489B9B5F94E1ACB57CE
SRR14881772,2021-06-22 18:24:32,2021-06-22 16:46:43,3120741,630389682,3120741,202,336,,https://sra-downloadb.be-md.ncbi.nlm.nih.gov/sos4/sra-pub-zq-1/SRR014/14881/SRR14881772/SRR14881772.lite.1,SRX11199104,UMB20_04.1urp,WGS,PCR,METAGENOMIC,PAIRED,0,0,ILLUMINA,HiSeq X Ten,SRP117119,PRJNA400628,,400628,SRS9254279,SAMN07736293,simple,408170,human gut metagenome,UMB20_04.1urp,,,,,,,no,,,,,BROAD INSTITUTE,SRA1247531,,public,8D661D0ABDE18397F6AA848CCC580A61,D3CABBC5CF7C5B05959EB2D31100F5CA
SRR14881780,2021-06-22 18:24:32,2021-06-22 16:47:33,4211221,850666642,4211221,202,462,,https://sra-downloadb.be-md.ncbi.nlm.nih.gov/sos4/sra-pub-zq-1/SRR014/14881/SRR14881780/SRR14881780.lite.1,SRX11199096,UMB18_09.1uop,WGS,PCR,METAGENOMIC,PAIRED,0,0,ILLUMINA,HiSeq X Ten,SRP117119,PRJNA400628,,400628,SRS9254262,SAMN07736325,simple,408170,human gut metagenome,UMB18_09.1uop,,,,,,,no,,,,,BROAD INSTITUTE,SRA1247531,,public,C7FBC04F163041CCF8D7851A139A1BC3,EC60089C1E36BEB90B747D2406AAF0AD
SRR14881779,2021-06-22 18:24:32,2021-06-22 16:46:50,2890748,583931096,2890748,202,304,,https://sra-downloadb.be-md.ncbi.nlm.nih.gov/sos4/sra-pub-zq-1/SRR014/14881/SRR14881779/SRR14881779.lite.1,SRX11199097,UMB18_09.1urp,WGS,PCR,METAGENOMIC,PAIRED,0,0,ILLUMINA,HiSeq X Ten,SRP117119,PRJNA400628,,400628,SRS9254263,SAMN07736290,simple,408170,human gut metagenome,UMB18_09.1urp,,,,,,,no,,,,,BROAD INSTITUTE,SRA1247531,,public,AC08B1E167407DCD32BB5B577B86984B,F83933188C9DF254CB80B3ACC3AF0328
SRR14881778,2021-06-22 18:24:32,2021-06-22 16:53:35,20696315,4180655630,20696315,202,2667,,https://sra-downloadb.be-md.ncbi.nlm.nih.gov/sos4/sra-pub-zq-1/SRR014/14881/SRR14881778/SRR14881778.lite.1,SRX11199098,UMB19_00urt,WGS,PCR,METAGENOMIC,PAIRED,0,0,ILLUMINA,HiSeq X Ten,SRP117119,PRJNA400628,,400628,SRS9254266,SAMN19697399,simple,408170,human gut metagenome,UMB19_00urt,,,,,,,no,,,,,BROAD INSTITUTE,SRA1247531,,public,6921AC1CFDE5B16433A7FA4FA1DE807E,0802E9A9783E125480498258F3C85233
SRR14881777,2021-06-22 18:24:32,2021-06-22 16:47:10,2984126,602793452,2984126,202,332,,https://sra-downloadb.be-md.ncbi.nlm.nih.gov/sos4/sra-pub-zq-1/SRR014/14881/SRR14881777/SRR14881777.lite.1,SRX11199099,UMB20_00.1uop,WGS,PCR,METAGENOMIC,PAIRED,0,0,ILLUMINA,HiSeq X Ten,SRP117119,PRJNA400628,,400628,SRS9254269,SAMN07736326,simple,408170,human gut metagenome,UMB20_00.1uop,,,,,,,no,,,,,BROAD INSTITUTE,SRA1247531,,public,62737875D370389BF6C9D66D131DDF21,577387159B2FC7D92F23D4FB064192CE
SRR14881781,2021-06-22 18:24:32,2021-06-22 16:46:21,1406338,284080276,1406338,202,150,,https://sra-downloadb.be-md.ncbi.nlm.nih.gov/sos4/sra-pub-zq-1/SRR014/14881/SRR14881781/SRR14881781.lite.1,SRX11199095,UMB23_07.1rrp,WGS,PCR,METAGENOMIC,PAIRED,0,0,ILLUMINA,HiSeq X Ten,SRP117119,PRJNA400628,,400628,SRS9254298,SAMN07736315,simple,408170,human gut metagenome,UMB23_07.1rrp,,,,,,,no,,,,,BROAD INSTITUTE,SRA1247531,,public,3F318D1DD3F0A3F05B0F8AE9932F0937,5071F664B09C2D401A9B0DB1F50A4CA2
SRR14881786,2021-06-22 18:24:32,2021-06-22 16:49:21,8245251,1665540702,8245251,202,1068,,https://sra-downloadb.be-md.ncbi.nlm.nih.gov/sos4/sra-pub-zq-1/SRR014/14881/SRR14881786/SRR14881786.lite.1,SRX11199090,UMB16_00urt,WGS,PCR,METAGENOMIC,PAIRED,0,0,ILLUMINA,HiSeq X Ten,SRP117119,PRJNA400628,,400628,SRS9254252,SAMN19697391,simple,408170,human gut metagenome,UMB16_00urt,,,,,,,no,,,,,BROAD INSTITUTE,SRA1247531,,public,7B640025711B81D39342E918F96F4404,B52CD6622227BCFA4200B523841B5E79
SRR14881785,2021-06-22 18:24:32,2021-06-22 16:49:02,7444970,1503883940,7444970,202,974,,https://sra-downloadb.be-md.ncbi.nlm.nih.gov/sos4/sra-pub-zq-1/SRR014/14881/SRR14881785/SRR14881785.lite.1,SRX11199091,UMB17_00urt,WGS,PCR,METAGENOMIC,PAIRED,0,0,ILLUMINA,HiSeq X Ten,SRP117119,PRJNA400628,,400628,SRS9254253,SAMN19697392,simple,408170,human gut metagenome,UMB17_00urt,,,,,,,no,,,,,BROAD INSTITUTE,SRA1247531,,public,B06EDDD4686F84AA2C6FD88AAFEBC037,23AD2A5B381C700B12F0CE4A7F42A43E
SRR14881784,2021-06-22 18:24:32,2021-06-22 16:50:21,12443508,2513588616,12443508,202,1563,,https://sra-downloadb.be-md.ncbi.nlm.nih.gov/sos4/sra-pub-zq-1/SRR014/14881/SRR14881784/SRR14881784.lite.1,SRX11199092,UMB18_00uot,WGS,PCR,METAGENOMIC,PAIRED,0,0,ILLUMINA,HiSeq X Ten,SRP117119,PRJNA400628,,400628,SRS9254256,SAMN19697395,simple,408170,human gut metagenome,UMB18_00uot,,,,,,,no,,,,,BROAD INSTITUTE,SRA1247531,,public,4B8B537D4529C7319BCD8A28E6EC5DF1,B388DDE7CCBBCD90DDB8D1203E402B8B
SRR14881783,2021-06-22 18:24:32,2021-06-22 17:15:31,56648563,11443009726,56648563,202,7348,,https://sra-downloadb.be-md.ncbi.nlm.nih.gov/sos4/sra-pub-zq-1/SRR014/14881/SRR14881783/SRR14881783.lite.1,SRX11199093,UMB18_00urt,WGS,PCR,METAGENOMIC,PAIRED,0,0,ILLUMINA,HiSeq X Ten,SRP117119,PRJNA400628,,400628,SRS9254257,SAMN19697396,simple,408170,human gut metagenome,UMB18_00urt,,,,,,,no,,,,,BROAD INSTITUTE,SRA1247531,,public,37BF626CEF96E88BD59664D9CF0C81C8,D6F10294F91B0700FC71D122ACA77387
SRR14881782,2021-06-22 18:24:32,2021-06-22 16:46:55,2606259,526464318,2606259,202,290,,https://sra-downloadb.be-md.ncbi.nlm.nih.gov/sos4/sra-pub-zq-1/SRR014/14881/SRR14881782/SRR14881782.lite.1,SRX11199094,UMB18_01.1urp,WGS,PCR,METAGENOMIC,PAIRED,0,0,ILLUMINA,HiSeq X Ten,SRP117119,PRJNA400628,,400628,SRS9254260,SAMN07736289,simple,408170,human gut metagenome,UMB18_01.1urp,,,,,,,no,,,,,BROAD INSTITUTE,SRA1247531,,public,A36D26C65CD50EE36CA6DEDA7D70174C,1D7EDD959DD81208AB4164271441CE41
SRR14881791,2021-06-22 18:24:32,2021-06-22 16:49:49,8497183,1716430966,8497183,202,1107,,https://sra-downloadb.be-md.ncbi.nlm.nih.gov/sos4/sra-pub-zq-1/SRR014/14881/SRR14881791/SRR14881791.lite.1,SRX11199085,UMB13_00urt,WGS,PCR,METAGENOMIC,PAIRED,0,0,ILLUMINA,HiSeq X Ten,SRP117119,PRJNA400628,,400628,SRS9254244,SAMN19697384,simple,408170,human gut metagenome,UMB13_00urt,,,,,,,no,,,,,BROAD INSTITUTE,SRA1247531,,public,8BEAE82D36534FD97A4D7527CF233A1C,BC833A885A09A0E1F65F25164CC560EB
SRR14881789,2021-06-22 18:24:32,2021-06-22 16:46:54,1314474,265523748,1314474,202,170,,https://sra-downloadb.be-md.ncbi.nlm.nih.gov/sos4/sra-pub-zq-1/SRR014/14881/SRR14881789/SRR14881789.lite.1,SRX11199087,UMB15_00urt,WGS,PCR,METAGENOMIC,PAIRED,0,0,ILLUMINA,HiSeq X Ten,SRP117119,PRJNA400628,,400628,SRS9254246,SAMN19697386,simple,408170,human gut metagenome,UMB15_00urt,,,,,,,no,,,,,BROAD INSTITUTE,SRA1247531,,public,B905858E3FBA678BCBEAC7FEB09812BA,D74F6589CB5FCBB84251FA088F83553E
SRR14881790,2021-06-22 18:24:32,2021-06-22 16:46:40,526513,106355626,526513,202,66,,https://sra-downloadb.be-md.ncbi.nlm.nih.gov/sos4/sra-pub-zq-1/SRR014/14881/SRR14881790/SRR14881790.lite.1,SRX11199086,UMB14_00urt,WGS,PCR,METAGENOMIC,PAIRED,0,0,ILLUMINA,HiSeq X Ten,SRP117119,PRJNA400628,,400628,SRS9254247,SAMN19697385,simple,408170,human gut metagenome,UMB14_00urt,,,,,,,no,,,,,BROAD INSTITUTE,SRA1247531,,public,7181B15526E0913649F2B8E322B9FAC3,9677A8D9E929E0D7C8EB2C83218C7FB1
SRR14881788,2021-06-22 18:24:32,2021-06-22 16:56:10,21273185,4297183370,21273185,202,2710,,https://sra-downloadb.be-md.ncbi.nlm.nih.gov/sos4/sra-pub-zq-1/SRR014/14881/SRR14881788/SRR14881788.lite.1,SRX11199088,UMB15_01.1uot,WGS,PCR,METAGENOMIC,PAIRED,0,0,ILLUMINA,HiSeq X Ten,SRP117119,PRJNA400628,,400628,SRS9254248,SAMN19697388,simple,408170,human gut metagenome,UMB15_01.1uot,,,,,,,no,,,,,BROAD INSTITUTE,SRA1247531,,public,7F3BB40376674CDF4B5C02C15140648A,00D1C35CCFE9BFDDDDE64EBBEAA6F2FC
SRR14881787,2021-06-22 18:24:32,2021-06-22 17:10:24,85401956,17251195112,85401956,202,11103,,https://sra-downloadb.be-md.ncbi.nlm.nih.gov/sos4/sra-pub-zq-1/SRR014/14881/SRR14881787/SRR14881787.lite.1,SRX11199089,UMB15_01.1urt,WGS,PCR,METAGENOMIC,PAIRED,0,0,ILLUMINA,HiSeq X Ten,SRP117119,PRJNA400628,,400628,SRS9254250,SAMN19697389,simple,408170,human gut metagenome,UMB15_01.1urt,,,,,,,no,,,,,BROAD INSTITUTE,SRA1247531,,public,29D1241E8C2A9CF29A7479551A8FC9DD,40CAF50076DE99E85D3C3EB3F3382E17
SRR14881796,2021-06-22 18:24:32,2021-06-22 16:53:36,21833202,4410306804,21833202,202,2833,,https://sra-downloadb.be-md.ncbi.nlm.nih.gov/sos4/sra-pub-zq-1/SRR014/14881/SRR14881796/SRR14881796.lite.1,SRX11199080,UMB11_03.1urt,WGS,PCR,METAGENOMIC,PAIRED,0,0,ILLUMINA,HiSeq X Ten,SRP117119,PRJNA400628,,400628,SRS9254237,SAMN19697377,simple,408170,human gut metagenome,UMB11_03.1urt,,,,,,,no,,,,,BROAD INSTITUTE,SRA1247531,,public,20B5AE451BA0F4670CE70B5CC7647E51,F2B2D8AA4B69E8E763C0704A5AA5A5D7
SRR14881795,2021-06-22 18:24:32,2021-06-22 16:49:59,11067954,2235726708,11067954,202,1439,,https://sra-downloadb.be-md.ncbi.nlm.nih.gov/sos4/sra-pub-zq-1/SRR014/14881/SRR14881795/SRR14881795.lite.1,SRX11199081,UMB12_00urt,WGS,PCR,METAGENOMIC,PAIRED,0,0,ILLUMINA,HiSeq X Ten,SRP117119,PRJNA400628,,400628,SRS9254240,SAMN19697379,simple,408170,human gut metagenome,UMB12_00urt,,,,,,,no,,,,,BROAD INSTITUTE,SRA1247531,,public,608CF9F3738F437D9CD45405B1A2AFE0,5903D7C1A3E669F2601D56B7ACF44C3B
SRR14881794,2021-06-22 18:24:32,2021-06-22 16:48:08,4286320,865836640,4286320,202,529,,https://sra-downloadb.be-md.ncbi.nlm.nih.gov/sos4/sra-pub-zq-1/SRR014/14881/SRR14881794/SRR14881794.lite.1,SRX11199082,UMB12_01.1uot,WGS,PCR,METAGENOMIC,PAIRED,0,0,ILLUMINA,HiSeq X Ten,SRP117119,PRJNA400628,,400628,SRS9254243,SAMN19697382,simple,408170,human gut metagenome,UMB12_01.1uot,,,,,,,no,,,,,BROAD INSTITUTE,SRA1247531,,public,97C9AA5FDCF16955D6DDA4698F43D9E3,5FD57D5ED258341D6E1E9D98D6D0FEBC
SRR14881793,2021-06-22 18:24:32,2021-06-22 16:49:01,6108982,1234014364,6108982,202,796,,https://sra-downloadb.be-md.ncbi.nlm.nih.gov/sos4/sra-pub-zq-1/SRR014/14881/SRR14881793/SRR14881793.lite.1,SRX11199083,UMB12_01.1urt,WGS,PCR,METAGENOMIC,PAIRED,0,0,ILLUMINA,HiSeq X Ten,SRP117119,PRJNA400628,,400628,SRS9254245,SAMN19697383,simple,408170,human gut metagenome,UMB12_01.1urt,,,,,,,no,,,,,BROAD INSTITUTE,SRA1247531,,public,AC469543379A851869D53FB642C16449,84F54CB7F2260D266031E6A9B8AEB9D4
SRR14881792,2021-06-22 18:24:32,2021-06-22 16:46:45,140766,28434732,140766,202,14,,https://sra-downloadb.be-md.ncbi.nlm.nih.gov/sos4/sra-pub-zq-1/SRR014/14881/SRR14881792/SRR14881792.lite.1,SRX11199084,UMB23_05.1rrp,WGS,PCR,METAGENOMIC,PAIRED,0,0,ILLUMINA,HiSeq X Ten,SRP117119,PRJNA400628,,400628,SRS9254296,SAMN07736314,simple,408170,human gut metagenome,UMB23_05.1rrp,,,,,,,no,,,,,BROAD INSTITUTE,SRA1247531,,public,9452519AAD2E9CD0E80974D1650CA652,C4B91811B20C911311FD4ED419F83447
SRR14881801,2021-06-22 18:24:32,2021-06-22 16:48:41,5074160,1024980320,5074160,202,635,,https://sra-downloadb.be-md.ncbi.nlm.nih.gov/sos4/sra-pub-zq-1/SRR014/14881/SRR14881801/SRR14881801.lite.1,SRX11199075,UMB08_02.1uot,WGS,PCR,METAGENOMIC,PAIRED,0,0,ILLUMINA,HiSeq X Ten,SRP117119,PRJNA400628,,400628,SRS9254229,SAMN19697368,simple,408170,human gut metagenome,UMB08_02.1uot,,,,,,,no,,,,,BROAD INSTITUTE,SRA1247531,,public,6B8E3E0333FBAB64497CCDC315E5C82A,462C79ECD099084A624C555605782639
SRR14881800,2021-06-22 19:38:02,2021-06-22 18:17:43,105744806,21360450812,105744806,202,13894,,https://sra-downloadb.be-md.ncbi.nlm.nih.gov/sos4/sra-pub-zq-1/SRR014/14881/SRR14881800/SRR14881800.lite.1,SRX11199076,UMB08_02.1urt,WGS,PCR,METAGENOMIC,PAIRED,0,0,ILLUMINA,HiSeq X Ten,SRP117119,PRJNA400628,,400628,SRS9254230,SAMN19697369,simple,408170,human gut metagenome,UMB08_02.1urt,,,,,,,no,,,,,BROAD INSTITUTE,SRA1247531,,public,2868EDC4953479A8FAA982DFA44BF67B,CDDD94EFEC0C7E759173206A7343838D
SRR14881799,2021-06-22 18:24:32,2021-06-22 16:50:08,8340891,1684859982,8340891,202,1101,,https://sra-downloadb.be-md.ncbi.nlm.nih.gov/sos4/sra-pub-zq-1/SRR014/14881/SRR14881799/SRR14881799.lite.1,SRX11199077,UMB10_00urt,WGS,PCR,METAGENOMIC,PAIRED,0,0,ILLUMINA,HiSeq X Ten,SRP117119,PRJNA400628,,400628,SRS9254232,SAMN19697371,simple,408170,human gut metagenome,UMB10_00urt,,,,,,,no,,,,,BROAD INSTITUTE,SRA1247531,,public,15061ECE673E778E55C371C96D8350C8,1B233023A44CD6332313C41B039B8E67
SRR14881798,2021-06-22 18:24:32,2021-06-22 16:47:49,2059182,415954764,2059182,202,270,,https://sra-downloadb.be-md.ncbi.nlm.nih.gov/sos4/sra-pub-zq-1/SRR014/14881/SRR14881798/SRR14881798.lite.1,SRX11199078,UMB11_00urt,WGS,PCR,METAGENOMIC,PAIRED,0,0,ILLUMINA,HiSeq X Ten,SRP117119,PRJNA400628,,400628,SRS9254234,SAMN19697373,simple,408170,human gut metagenome,UMB11_00urt,,,,,,,no,,,,,BROAD INSTITUTE,SRA1247531,,public,7B885839E899AAC8DC2F23E67FA18675,0A1BE286AA1E9D95D93FCC4D69968D7C
SRR14881797,2021-06-22 18:24:32,2021-06-22 16:54:40,21027817,4247619034,21027817,202,2669,,https://sra-downloadb.be-md.ncbi.nlm.nih.gov/sos4/sra-pub-zq-1/SRR014/14881/SRR14881797/SRR14881797.lite.1,SRX11199079,UMB11_03.1uot,WGS,PCR,METAGENOMIC,PAIRED,0,0,ILLUMINA,HiSeq X Ten,SRP117119,PRJNA400628,,400628,SRS9254238,SAMN19697376,simple,408170,human gut metagenome,UMB11_03.1uot,,,,,,,no,,,,,BROAD INSTITUTE,SRA1247531,,public,817D888850BEE2479761C5CC11D837B5,B8738D1A54EDF57332A96DD72536C5DE
SRR14881806,2021-06-22 18:24:32,2021-06-22 16:47:57,2366703,478074006,2366703,202,248,,https://sra-downloadb.be-md.ncbi.nlm.nih.gov/sos4/sra-pub-zq-1/SRR014/14881/SRR14881806/SRR14881806.lite.1,SRX11199070,UMB05_05.1urp,WGS,PCR,METAGENOMIC,PAIRED,0,0,ILLUMINA,HiSeq X Ten,SRP117119,PRJNA400628,,400628,SRS9254222,SAMN07736287,simple,408170,human gut metagenome,UMB05_05.1urp,,,,,,,no,,,,,BROAD INSTITUTE,SRA1247531,,public,D4523B4A7654433838BEA3A4D112039E,52259864AAA520EF6ADC97F54BAC8E2A
SRR14881805,2021-06-22 18:24:32,2021-06-22 16:47:47,1336724,270018248,1336724,202,144,,https://sra-downloadb.be-md.ncbi.nlm.nih.gov/sos4/sra-pub-zq-1/SRR014/14881/SRR14881805/SRR14881805.lite.1,SRX11199071,UMB05_09.1urp,WGS,PCR,METAGENOMIC,PAIRED,0,0,ILLUMINA,HiSeq X Ten,SRP117119,PRJNA400628,,400628,SRS9254223,SAMN07736288,simple,408170,human gut metagenome,UMB05_09.1urp,,,,,,,no,,,,,BROAD INSTITUTE,SRA1247531,,public,C43990E5F22DCE5B585C8FCA8745AB49,DF520EE5CC2DF7F1BE62A41DB4DBD3FD
SRR14881804,2021-06-22 19:38:02,2021-06-22 18:31:11,132868344,26839405488,132868344,202,17322,,https://sra-downloadb.be-md.ncbi.nlm.nih.gov/sos4/sra-pub-zq-1/SRR014/14881/SRR14881804/SRR14881804.lite.1,SRX11199072,UMB08_00.1urt,WGS,PCR,METAGENOMIC,PAIRED,0,0,ILLUMINA,HiSeq X Ten,SRP117119,PRJNA400628,,400628,SRS9254225,SAMN19697364,simple,408170,human gut metagenome,UMB08_00.1urt,,,,,,,no,,,,,BROAD INSTITUTE,SRA1247531,,public,1E16F0F9E614B5EE512D4DE4E0CF7D39,37273BFFDE0C223679406F50AB1BF5F1
SRR14881802,2021-06-22 18:24:32,2021-06-22 16:48:42,3776557,762864514,3776557,202,488,,https://sra-downloadb.be-md.ncbi.nlm.nih.gov/sos4/sra-pub-zq-1/SRR014/14881/SRR14881802/SRR14881802.lite.1,SRX11199074,UMB08_00urt,WGS,PCR,METAGENOMIC,PAIRED,0,0,ILLUMINA,HiSeq X Ten,SRP117119,PRJNA400628,,400628,SRS9254226,SAMN19697365,simple,408170,human gut metagenome,UMB08_00urt,,,,,,,no,,,,,BROAD INSTITUTE,SRA1247531,,public,5A40971F264E5ED7EC541731B9810D99,72FA1F68EA768D522B92173B77E80C3D
SRR14881803,2021-06-22 17:22:09,2021-06-22 16:48:36,3899114,787621028,3899114,202,433,,https://sra-downloadb.be-md.ncbi.nlm.nih.gov/sos4/sra-pub-zq-1/SRR014/14881/SRR14881803/SRR14881803.lite.1,SRX11199073,UMB23_05.1rop,WGS,PCR,METAGENOMIC,PAIRED,0,0,ILLUMINA,HiSeq X Ten,SRP117119,PRJNA400628,,400628,SRS9254295,SAMN07736342,simple,408170,human gut metagenome,UMB23_05.1rop,,,,,,,no,,,,,BROAD INSTITUTE,SRA1247531,,public,7DB991A820E3E3E1E737A9025FF31D00,89760143A6FE92CB156B9B33BDFE2A1E
SRR14881811,2021-06-22 18:24:31,2021-06-22 16:48:25,2958581,597633362,2958581,202,384,,https://sra-downloadb.be-md.ncbi.nlm.nih.gov/sos4/sra-pub-zq-1/SRR014/14881/SRR14881811/SRR14881811.lite.1,SRX11199065,UMB01_00urt,WGS,PCR,METAGENOMIC,PAIRED,0,0,ILLUMINA,HiSeq X Ten,SRP117119,PRJNA400628,,400628,SRS9254217,SAMN19697359,simple,408170,human gut metagenome,UMB01_00urt,,,,,,,no,,,,,BROAD INSTITUTE,SRA1247531,,public,E576FCCAC631906945E9A467741E697B,6D7E5F520AA3596CB7B137897F286656
SRR14881810,2021-06-22 18:24:32,2021-06-22 16:48:20,2487312,502437024,2487312,202,325,,https://sra-downloadb.be-md.ncbi.nlm.nih.gov/sos4/sra-pub-zq-1/SRR014/14881/SRR14881810/SRR14881810.lite.1,SRX11199066,UMB02_00urt,WGS,PCR,METAGENOMIC,PAIRED,0,0,ILLUMINA,HiSeq X Ten,SRP117119,PRJNA400628,,400628,SRS9254218,SAMN19697360,simple,408170,human gut metagenome,UMB02_00urt,,,,,,,no,,,,,BROAD INSTITUTE,SRA1247531,,public,EB0230BCE462CB23FE2D9E24E16609B9,62E8ED1DB765930A63503500DA2A1CA1
SRR14881809,2021-06-22 19:38:02,2021-06-22 18:41:18,114534553,23135979706,114534553,202,14668,,https://sra-downloadb.be-md.ncbi.nlm.nih.gov/sos4/sra-pub-zq-1/SRR014/14881/SRR14881809/SRR14881809.lite.1,SRX11199067,UMB03_00urt,WGS,PCR,METAGENOMIC,PAIRED,0,0,ILLUMINA,HiSeq X Ten,SRP117119,PRJNA400628,,400628,SRS9254219,SAMN19697361,simple,408170,human gut metagenome,UMB03_00urt,,,,,,,no,,,,,BROAD INSTITUTE,SRA1247531,,public,85FDDA39B94334BE1A23B841E0CD91A4,1B7142070DB717F10CDC80EFC5B9CABA
SRR14881808,2021-06-22 18:24:32,2021-06-22 16:48:41,3288185,664213370,3288185,202,362,,https://sra-downloadb.be-md.ncbi.nlm.nih.gov/sos4/sra-pub-zq-1/SRR014/14881/SRR14881808/SRR14881808.lite.1,SRX11199068,UMB05_09.1uop,WGS,PCR,METAGENOMIC,PAIRED,0,0,ILLUMINA,HiSeq X Ten,SRP117119,PRJNA400628,,400628,SRS9254220,SAMN07736324,simple,408170,human gut metagenome,UMB05_00.1uop,,,,,,,no,,,,,BROAD INSTITUTE,SRA1247531,,public,2069459BF4AD78951BD24EEDD5E08640,BFAE628A22DAB368F3C4BB67014F5A39
SRR14881807,2021-06-22 17:22:09,2021-06-22 17:10:33,54446497,10998192394,54446497,202,7066,,https://sra-downloadb.be-md.ncbi.nlm.nih.gov/sos4/sra-pub-zq-1/SRR014/14881/SRR14881807/SRR14881807.lite.1,SRX11199069,UMB05_00urt,WGS,PCR,METAGENOMIC,PAIRED,0,0,ILLUMINA,HiSeq X Ten,SRP117119,PRJNA400628,,400628,SRS9254221,SAMN19697362,simple,408170,human gut metagenome,UMB05_00urt,,,,,,,no,,,,,BROAD INSTITUTE,SRA1247531,,public,D1113B493851A1D33025D6E24787F93A,BE553BF831FC8B5935D42F16BF7C939C
SRR14881816,2021-06-22 18:24:31,2021-06-22 16:58:53,23517390,7102251780,23517390,302,3055,,https://sra-downloadb.be-md.ncbi.nlm.nih.gov/sos4/sra-pub-zq-1/SRR014/14881/SRR14881816/SRR14881816.lite.1,SRX11199060,UMB31_08,WGS,PCR,METAGENOMIC,PAIRED,0,0,ILLUMINA,HiSeq X Ten,SRP117119,PRJNA400628,,400628,SRS9254213,SAMN07584137,simple,408170,human gut metagenome,UMB31_08,,,,,,,no,,,,,BROAD INSTITUTE,SRA1247531,,public,987D4D0A6761B2873CCDD6BD69FF3860,6855F47AC8983DD735CC239C1B8FF660
SRR14881815,2021-06-22 18:24:31,2021-06-22 16:53:13,15924713,4809263326,15924713,302,1959,,https://sra-downloadb.be-md.ncbi.nlm.nih.gov/sos4/sra-pub-zq-1/SRR014/14881/SRR14881815/SRR14881815.lite.1,SRX11199061,UMB31_09,WGS,PCR,METAGENOMIC,PAIRED,0,0,ILLUMINA,HiSeq X Ten,SRP117119,PRJNA400628,,400628,SRS9254214,SAMN07584138,simple,408170,human gut metagenome,UMB31_09,,,,,,,no,,,,,BROAD INSTITUTE,SRA1247531,,public,208CA224257C855B2A90EFBC66323F13,B45188C02A9C4A62EB89301B8A0B6321
SRR14881813,2021-06-22 18:24:31,2021-06-22 16:52:13,10114170,3054479340,10114170,302,1307,,https://sra-downloadb.be-md.ncbi.nlm.nih.gov/sos4/sra-pub-zq-1/SRR014/14881/SRR14881813/SRR14881813.lite.1,SRX11199063,UMB31_10,WGS,PCR,METAGENOMIC,PAIRED,0,0,ILLUMINA,HiSeq X Ten,SRP117119,PRJNA400628,,400628,SRS9254215,SAMN07584139,simple,408170,human gut metagenome,UMB31_10,,,,,,,no,,,,,BROAD INSTITUTE,SRA1247531,,public,9CE272C778D082C5131BED80D0507450,F55FD4C468F5057DA889350BEA5201E3
SRR14881812,2021-06-22 18:24:31,2021-06-22 16:54:54,13504557,4078376214,13504557,302,1755,,https://sra-downloadb.be-md.ncbi.nlm.nih.gov/sos4/sra-pub-zq-1/SRR014/14881/SRR14881812/SRR14881812.lite.1,SRX11199064,UMB31_11,WGS,PCR,METAGENOMIC,PAIRED,0,0,ILLUMINA,HiSeq X Ten,SRP117119,PRJNA400628,,400628,SRS9254216,SAMN07584145,simple,408170,human gut metagenome,UMB31_11,,,,,,,no,,,,,BROAD INSTITUTE,SRA1247531,,public,C34ABDAB47E568972A9F78A0F83F4B5A,8753555FC36CA23C75CA77A39D657F65
SRR14881814,2021-06-22 18:24:31,2021-06-22 16:47:54,568843,114906286,568843,202,60,,https://sra-downloadb.be-md.ncbi.nlm.nih.gov/sos4/sra-pub-zq-1/SRR014/14881/SRR14881814/SRR14881814.lite.1,SRX11199062,UMB23_01.1rrp,WGS,PCR,METAGENOMIC,PAIRED,0,0,ILLUMINA,HiSeq X Ten,SRP117119,PRJNA400628,,400628,SRS9254292,SAMN07736313,simple,408170,human gut metagenome,UMB23_01.1rrp,,,,,,,no,,,,,BROAD INSTITUTE,SRA1247531,,public,7896F9CE25630200FD88A6DDD8E0E756,18DAE637BDFF2C29F1F7184CF8AB10DC
SRR14881821,2021-06-22 18:24:31,2021-06-22 16:54:49,17040045,5146093590,17040045,302,1938,,https://sra-downloadb.be-md.ncbi.nlm.nih.gov/sos4/sra-pub-zq-1/SRR014/14881/SRR14881821/SRR14881821.lite.1,SRX11199055,UMB31_03,WGS,PCR,METAGENOMIC,PAIRED,0,0,ILLUMINA,HiSeq X Ten,SRP117119,PRJNA400628,,400628,SRS2500667,SAMN07584132,simple,408170,human gut metagenome,UMB31_03,,,,,,,no,,,,,BROAD INSTITUTE,SRA1247531,,public,92D462DB9F595956941DFBD7B9E03675,EBE9E02076A4D2A04D2A79F9F53766A8
SRR14881820,2021-06-22 18:24:31,2021-06-22 16:53:16,13011147,3929366394,13011147,302,1583,,https://sra-downloadb.be-md.ncbi.nlm.nih.gov/sos4/sra-pub-zq-1/SRR014/14881/SRR14881820/SRR14881820.lite.1,SRX11199056,UMB31_04,WGS,PCR,METAGENOMIC,PAIRED,0,0,ILLUMINA,HiSeq X Ten,SRP117119,PRJNA400628,,400628,SRS2500671,SAMN07584133,simple,408170,human gut metagenome,UMB31_04,,,,,,,no,,,,,BROAD INSTITUTE,SRA1247531,,public,4233FACD681E64E89E6A55303D7FA6D9,2D18DBEE55EBA5294B112CCDE633D45D
SRR14881819,2021-06-22 18:24:31,2021-06-22 16:54:55,15367903,4641106706,15367903,302,2015,,https://sra-downloadb.be-md.ncbi.nlm.nih.gov/sos4/sra-pub-zq-1/SRR014/14881/SRR14881819/SRR14881819.lite.1,SRX11199057,UMB31_05,WGS,PCR,METAGENOMIC,PAIRED,0,0,ILLUMINA,HiSeq X Ten,SRP117119,PRJNA400628,,400628,SRS2500669,SAMN07584134,simple,408170,human gut metagenome,UMB31_05,,,,,,,no,,,,,BROAD INSTITUTE,SRA1247531,,public,411334E9E24F6646C9F1AB404CB87256,E0A2772C30B19E5F84F24F66D924A9B0
SRR14881818,2021-06-22 18:24:31,2021-06-22 16:55:48,17660501,5333471302,17660501,302,1998,,https://sra-downloadb.be-md.ncbi.nlm.nih.gov/sos4/sra-pub-zq-1/SRR014/14881/SRR14881818/SRR14881818.lite.1,SRX11199058,UMB31_06,WGS,PCR,METAGENOMIC,PAIRED,0,0,ILLUMINA,HiSeq X Ten,SRP117119,PRJNA400628,,400628,SRS9254210,SAMN07584135,simple,408170,human gut metagenome,UMB31_06,,,,,,,no,,,,,BROAD INSTITUTE,SRA1247531,,public,0E01520A245D608169B8FAF4C4C746E1,36FE7F54FDF574730F5A2452A342258C
SRR14881817,2021-06-22 18:24:31,2021-06-22 16:53:15,12419182,3750592964,12419182,302,1629,,https://sra-downloadb.be-md.ncbi.nlm.nih.gov/sos4/sra-pub-zq-1/SRR014/14881/SRR14881817/SRR14881817.lite.1,SRX11199059,UMB31_07,WGS,PCR,METAGENOMIC,PAIRED,0,0,ILLUMINA,HiSeq X Ten,SRP117119,PRJNA400628,,400628,SRS9254212,SAMN07584136,simple,408170,human gut metagenome,UMB31_07,,,,,,,no,,,,,BROAD INSTITUTE,SRA1247531,,public,DF9B882470063D32BD9BCDC99C731CC0,39B67B15904603E59E06937BCA9FFF3D
SRR14881825,2021-06-22 18:24:31,2021-06-22 16:50:30,3663214,739969228,3663214,202,406,,https://sra-downloadb.be-md.ncbi.nlm.nih.gov/sos4/sra-pub-zq-1/SRR014/14881/SRR14881825/SRR14881825.lite.1,SRX11199051,UMB23_01.1rop,WGS,PCR,METAGENOMIC,PAIRED,0,0,ILLUMINA,HiSeq X Ten,SRP117119,PRJNA400628,,400628,SRS9254291,SAMN07736341,simple,408170,human gut metagenome,UMB23_01.1rop,,,,,,,no,,,,,BROAD INSTITUTE,SRA1247531,,public,F70DD09DB0BBC5D5A8BA86B5C4E58535,9CE5CAFC34DDB2AB05A10BD3BC53A9C5
SRR14881826,2021-06-22 18:24:31,2021-06-22 16:51:59,7536132,2275911864,7536132,302,999,,https://sra-downloadb.be-md.ncbi.nlm.nih.gov/sos4/sra-pub-zq-1/SRR014/14881/SRR14881826/SRR14881826.lite.1,SRX11199050,UMB30_01.1,WGS,PCR,METAGENOMIC,PAIRED,0,0,ILLUMINA,HiSeq X Ten,SRP117119,PRJNA400628,,400628,SRS9254211,SAMN07584128,simple,408170,human gut metagenome,UMB30_01.1,,,,,,,no,,,,,BROAD INSTITUTE,SRA1247531,,public,9ECC8DA97B1CF4FBD785268098CF3749,B8E0A73D370E2A65AEDC0A6DF9284B27
SRR14881824,2021-06-22 18:24:31,2021-06-22 16:54:55,13603306,4108198412,13603306,302,1775,,https://sra-downloadb.be-md.ncbi.nlm.nih.gov/sos4/sra-pub-zq-1/SRR014/14881/SRR14881824/SRR14881824.lite.1,SRX11199052,UMB31_00,WGS,PCR,METAGENOMIC,PAIRED,0,0,ILLUMINA,HiSeq X Ten,SRP117119,PRJNA400628,,400628,SRS2500668,SAMN07584129,simple,408170,human gut metagenome,UMB31_00,,,,,,,no,,,,,BROAD INSTITUTE,SRA1247531,,public,120D88F2A74545E60ABED463FAEFD141,E7B5FB6B21154FEC859A91A4026738A0
SRR14881823,2021-06-22 18:24:31,2021-06-22 16:55:46,21865691,6603438682,21865691,302,2518,,https://sra-downloadb.be-md.ncbi.nlm.nih.gov/sos4/sra-pub-zq-1/SRR014/14881/SRR14881823/SRR14881823.lite.1,SRX11199053,UMB31_01,WGS,PCR,METAGENOMIC,PAIRED,0,0,ILLUMINA,HiSeq X Ten,SRP117119,PRJNA400628,,400628,SRS2500670,SAMN07584130,simple,408170,human gut metagenome,UMB31_01,,,,,,,no,,,,,BROAD INSTITUTE,SRA1247531,,public,71ED48C9CE731C1B7829455252860AE3,5104C123C48C6AE2439DB20C7AE59323
SRR14881822,2021-06-22 18:24:31,2021-06-22 16:53:33,10113997,3054427094,10113997,302,1160,,https://sra-downloadb.be-md.ncbi.nlm.nih.gov/sos4/sra-pub-zq-1/SRR014/14881/SRR14881822/SRR14881822.lite.1,SRX11199054,UMB31_02,WGS,PCR,METAGENOMIC,PAIRED,0,0,ILLUMINA,HiSeq X Ten,SRP117119,PRJNA400628,,400628,SRS2500666,SAMN07584131,simple,408170,human gut metagenome,UMB31_02,,,,,,,no,,,,,BROAD INSTITUTE,SRA1247531,,public,544E8CCBED4F9B35381E9927261D5A6B,E5D08F2592DDA2439C1A596A47B7B38B
SRR14881831,2021-06-22 18:24:31,2021-06-22 16:56:55,17405850,5256566700,17405850,302,2300,,https://sra-downloadb.be-md.ncbi.nlm.nih.gov/sos4/sra-pub-zq-1/SRR014/14881/SRR14881831/SRR14881831.lite.1,SRX11199045,UMB29_09,WGS,PCR,METAGENOMIC,PAIRED,0,0,ILLUMINA,HiSeq X Ten,SRP117119,PRJNA400628,,400628,SRS9254206,SAMN07584124,simple,408170,human gut metagenome,UMB29_09,,,,,,,no,,,,,BROAD INSTITUTE,SRA1247531,,public,840E2ED02BADEC743D20F339823DAAF6,8273EA1A4E680E1A69EDF5A46744C8EA
SRR14881830,2021-06-22 18:24:31,2021-06-22 16:55:35,13746546,4151456892,13746546,302,1793,,https://sra-downloadb.be-md.ncbi.nlm.nih.gov/sos4/sra-pub-zq-1/SRR014/14881/SRR14881830/SRR14881830.lite.1,SRX11199046,UMB29_10,WGS,PCR,METAGENOMIC,PAIRED,0,0,ILLUMINA,HiSeq X Ten,SRP117119,PRJNA400628,,400628,SRS9254207,SAMN07584125,simple,408170,human gut metagenome,UMB29_10,,,,,,,no,,,,,BROAD INSTITUTE,SRA1247531,,public,A9EF84D17BD0881849176EAE9579EE78,70C41EF806C3A63A92024009403AFD7F
SRR14881829,2021-06-22 18:24:31,2021-06-22 16:58:22,20064996,6059628792,20064996,302,2449,,https://sra-downloadb.be-md.ncbi.nlm.nih.gov/sos4/sra-pub-zq-1/SRR014/14881/SRR14881829/SRR14881829.lite.1,SRX11199047,UMB29_11,WGS,PCR,METAGENOMIC,PAIRED,0,0,ILLUMINA,HiSeq X Ten,SRP117119,PRJNA400628,,400628,SRS9254208,SAMN07584126,simple,408170,human gut metagenome,UMB29_11,,,,,,,no,,,,,BROAD INSTITUTE,SRA1247531,,public,942123687A6AEA318D9569BC76965905,C172B39A56AE488BB96A51816AC773ED
SRR14881828,2021-06-22 18:24:31,2021-06-22 16:53:18,8883691,2682874682,8883691,302,1178,,https://sra-downloadb.be-md.ncbi.nlm.nih.gov/sos4/sra-pub-zq-1/SRR014/14881/SRR14881828/SRR14881828.lite.1,SRX11199048,UMB29_12,WGS,PCR,METAGENOMIC,PAIRED,0,0,ILLUMINA,HiSeq X Ten,SRP117119,PRJNA400628,,400628,SRS9254209,SAMN07584141,simple,408170,human gut metagenome,UMB29_12,,,,,,,no,,,,,BROAD INSTITUTE,SRA1247531,,public,212FF037A082BA002DF345BD94B3E511,FDEC2F3FD26D697F64E3D959EDDA0A80
SRR14881827,2021-06-22 18:24:31,2021-06-22 16:54:59,12983494,3921015188,12983494,302,1700,,https://sra-downloadb.be-md.ncbi.nlm.nih.gov/sos4/sra-pub-zq-1/SRR014/14881/SRR14881827/SRR14881827.lite.1,SRX11199049,UMB30_01,WGS,PCR,METAGENOMIC,PAIRED,0,0,ILLUMINA,HiSeq X Ten,SRP117119,PRJNA400628,,400628,SRS2500662,SAMN07584127,simple,408170,human gut metagenome,UMB30_01,,,,,,,no,,,,,BROAD INSTITUTE,SRA1247531,,public,161261E6913ACF05F9041FFD170C91D1,5E424192D1D476C5297678EBFF0BA33B
SRR14881836,2021-06-22 18:24:31,2021-06-22 16:50:52,1850930,373887860,1850930,202,206,,https://sra-downloadb.be-md.ncbi.nlm.nih.gov/sos4/sra-pub-zq-1/SRR014/14881/SRR14881836/SRR14881836.lite.1,SRX11199040,UMB23_00rrp,WGS,PCR,METAGENOMIC,PAIRED,0,0,ILLUMINA,HiSeq X Ten,SRP117119,PRJNA400628,,400628,SRS9254288,SAMN07736312,simple,408170,human gut metagenome,UMB23_00rrp,,,,,,,no,,,,,BROAD INSTITUTE,SRA1247531,,public,4EC61C3BCF40CD914CD32D13E43C7AF5,7780F60937B5E274138776ECF7AE0193
SRR14881835,2021-06-22 18:24:31,2021-06-22 16:54:42,10894353,3290094606,10894353,302,1338,,https://sra-downloadb.be-md.ncbi.nlm.nih.gov/sos4/sra-pub-zq-1/SRR014/14881/SRR14881835/SRR14881835.lite.1,SRX11199041,UMB29_05,WGS,PCR,METAGENOMIC,PAIRED,0,0,ILLUMINA,HiSeq X Ten,SRP117119,PRJNA400628,,400628,SRS2500664,SAMN07584120,simple,408170,human gut metagenome,UMB29_05,,,,,,,no,,,,,BROAD INSTITUTE,SRA1247531,,public,348EC79F9E357D8C65D0424CD7B8C51C,B0FB47A8374A067176D08B9DD0241596
SRR14881834,2021-06-22 18:24:31,2021-06-22 16:52:16,5843237,1348355374,5843237,230,648,,https://sra-downloadb.be-md.ncbi.nlm.nih.gov/sos4/sra-pub-zq-1/SRR014/14881/SRR14881834/SRR14881834.lite.1,SRX11199042,UMB29_06,WGS,PCR,METAGENOMIC,PAIRED,0,0,ILLUMINA,HiSeq X Ten,SRP117119,PRJNA400628,,400628,SRS2500665,SAMN07584121,simple,408170,human gut metagenome,UMB29_06,,,,,,,no,,,,,BROAD INSTITUTE,SRA1247531,,public,CCC924D76FF132E7D76B37D5DBA2ACC7,65F25D2F7F8B000A1E7419B91A6A433A
SRR14881833,2021-06-22 18:24:31,2021-06-22 16:55:44,13139168,3968028736,13139168,302,1727,,https://sra-downloadb.be-md.ncbi.nlm.nih.gov/sos4/sra-pub-zq-1/SRR014/14881/SRR14881833/SRR14881833.lite.1,SRX11199043,UMB29_07,WGS,PCR,METAGENOMIC,PAIRED,0,0,ILLUMINA,HiSeq X Ten,SRP117119,PRJNA400628,,400628,SRS9254204,SAMN07584122,simple,408170,human gut metagenome,UMB29_07,,,,,,,no,,,,,BROAD INSTITUTE,SRA1247531,,public,C898F8B83A474498CABE56C8888CDD45,783BA8E4EEFD063D4000F1AAF5703B71
SRR14881832,2021-06-22 18:24:31,2021-06-22 16:51:45,6970573,2105113046,6970573,302,908,,https://sra-downloadb.be-md.ncbi.nlm.nih.gov/sos4/sra-pub-zq-1/SRR014/14881/SRR14881832/SRR14881832.lite.1,SRX11199044,UMB29_08,WGS,PCR,METAGENOMIC,PAIRED,0,0,ILLUMINA,HiSeq X Ten,SRP117119,PRJNA400628,,400628,SRS9254205,SAMN07584123,simple,408170,human gut metagenome,UMB29_08,,,,,,,no,,,,,BROAD INSTITUTE,SRA1247531,,public,16FB809A07EAC9F6DE0D31D1F5F6A865,291BED53269E89BE831530C25FFD09C9
SRR14881838,2021-06-22 18:24:31,2021-06-22 16:55:54,16782138,5068205676,16782138,302,2040,,https://sra-downloadb.be-md.ncbi.nlm.nih.gov/sos4/sra-pub-zq-1/SRR014/14881/SRR14881838/SRR14881838.lite.1,SRX11199038,UMB29_01,WGS,PCR,METAGENOMIC,PAIRED,0,0,ILLUMINA,HiSeq X Ten,SRP117119,PRJNA400628,,400628,SRS2500659,SAMN07584116,simple,408170,human gut metagenome,UMB29_01,,,,,,,no,,,,,BROAD INSTITUTE,SRA1247531,,public,13635B85B7E9D96D8D477FE6914C8AE7,AAE1534030BE051A89538C3442703871
SRR14881841,2021-06-22 18:24:31,2021-06-22 16:54:08,9863974,2978920148,9863974,302,1146,,https://sra-downloadb.be-md.ncbi.nlm.nih.gov/sos4/sra-pub-zq-1/SRR014/14881/SRR14881841/SRR14881841.lite.1,SRX11199035,UMB28_07,WGS,PCR,METAGENOMIC,PAIRED,0,0,ILLUMINA,HiSeq X Ten,SRP117119,PRJNA400628,,400628,SRS9254200,SAMN07584112,simple,408170,human gut metagenome,UMB28_07,,,,,,,no,,,,,BROAD INSTITUTE,SRA1247531,,public,06423B4CBE91590055665A6AE85AB413,3412B81A3F88E1C3125B99DC104698E0
SRR14881840,2021-06-22 18:24:31,2021-06-22 16:55:09,13383645,4041860790,13383645,302,1505,,https://sra-downloadb.be-md.ncbi.nlm.nih.gov/sos4/sra-pub-zq-1/SRR014/14881/SRR14881840/SRR14881840.lite.1,SRX11199036,UMB28_10,WGS,PCR,METAGENOMIC,PAIRED,0,0,ILLUMINA,HiSeq X Ten,SRP117119,PRJNA400628,,400628,SRS9254201,SAMN07584114,simple,408170,human gut metagenome,UMB28_10,,,,,,,no,,,,,BROAD INSTITUTE,SRA1247531,,public,9EA205D6B17AD9F68B2E3AF217B7A004,3F902C9AD1E4B54807306F44E946B439
SRR14881839,2021-06-22 18:24:31,2021-06-22 16:54:47,10807099,3263743898,10807099,302,1409,,https://sra-downloadb.be-md.ncbi.nlm.nih.gov/sos4/sra-pub-zq-1/SRR014/14881/SRR14881839/SRR14881839.lite.1,SRX11199037,UMB28_11,WGS,PCR,METAGENOMIC,PAIRED,0,0,ILLUMINA,HiSeq X Ten,SRP117119,PRJNA400628,,400628,SRS9254202,SAMN07584140,simple,408170,human gut metagenome,UMB28_11,,,,,,,no,,,,,BROAD INSTITUTE,SRA1247531,,public,2AFEE73851304A2F5E9DB6917B5DECE3,3168CEBD03C24547C39D8E3E55DB1131
SRR14881837,2021-06-22 18:24:31,2021-06-22 16:58:07,15591171,4708533642,15591171,302,1893,,https://sra-downloadb.be-md.ncbi.nlm.nih.gov/sos4/sra-pub-zq-1/SRR014/14881/SRR14881837/SRR14881837.lite.1,SRX11199039,UMB29_03,WGS,PCR,METAGENOMIC,PAIRED,0,0,ILLUMINA,HiSeq X Ten,SRP117119,PRJNA400628,,400628,SRS9254203,SAMN07584118,simple,408170,human gut metagenome,UMB29_03,,,,,,,no,,,,,BROAD INSTITUTE,SRA1247531,,public,F953A3CC26453A79E507F7010BF8F00A,E0BDF11C56E11A74BD809453D3EE0667
SRR14881844,2021-06-22 18:24:31,2021-06-22 16:55:09,8438555,2548443610,8438555,302,1092,,https://sra-downloadb.be-md.ncbi.nlm.nih.gov/sos4/sra-pub-zq-1/SRR014/14881/SRR14881844/SRR14881844.lite.1,SRX11199032,UMB28_04,WGS,PCR,METAGENOMIC,PAIRED,0,0,ILLUMINA,HiSeq X Ten,SRP117119,PRJNA400628,,400628,SRS2500647,SAMN07584109,simple,408170,human gut metagenome,UMB28_04,,,,,,,no,,,,,BROAD INSTITUTE,SRA1247531,,public,6968C21D973FB63379BD901157D76693,BB6CD63B17DE6B567810358C7377544B
SRR14881845,2021-06-22 18:24:31,2021-06-22 16:56:46,11839446,3575512692,11839446,302,1346,,https://sra-downloadb.be-md.ncbi.nlm.nih.gov/sos4/sra-pub-zq-1/SRR014/14881/SRR14881845/SRR14881845.lite.1,SRX11199031,UMB28_03,WGS,PCR,METAGENOMIC,PAIRED,0,0,ILLUMINA,HiSeq X Ten,SRP117119,PRJNA400628,,400628,SRS2500649,SAMN07584108,simple,408170,human gut metagenome,UMB28_03,,,,,,,no,,,,,BROAD INSTITUTE,SRA1247531,,public,2939D0A4DF3D50810D6D9B80C92C346C,BC771A7FEAC013A2D5EA162548EDA6B4
SRR14881843,2021-06-22 18:24:31,2021-06-22 16:58:38,15975807,4824693714,15975807,302,1981,,https://sra-downloadb.be-md.ncbi.nlm.nih.gov/sos4/sra-pub-zq-1/SRR014/14881/SRR14881843/SRR14881843.lite.1,SRX11199033,UMB28_05,WGS,PCR,METAGENOMIC,PAIRED,0,0,ILLUMINA,HiSeq X Ten,SRP117119,PRJNA400628,,400628,SRS2500650,SAMN07584110,simple,408170,human gut metagenome,UMB28_05,,,,,,,no,,,,,BROAD INSTITUTE,SRA1247531,,public,3F00FEF3575B6B99617CB0F9F7432D03,865AD27CAED953ECAFC30B9F4FE658E8
SRR14881846,2021-06-22 18:24:31,2021-06-22 16:54:42,8200334,2476500868,8200334,302,1078,,https://sra-downloadb.be-md.ncbi.nlm.nih.gov/sos4/sra-pub-zq-1/SRR014/14881/SRR14881846/SRR14881846.lite.1,SRX11199030,UMB28_02,WGS,PCR,METAGENOMIC,PAIRED,0,0,ILLUMINA,HiSeq X Ten,SRP117119,PRJNA400628,,400628,SRS2500657,SAMN07584107,simple,408170,human gut metagenome,UMB28_02,,,,,,,no,,,,,BROAD INSTITUTE,SRA1247531,,public,C42DF015068CFA9FB7EAAB085B420BD9,336C5ADA6CAD1CE2E633EDA04AA4AAF4
SRR14881842,2021-06-22 18:24:31,2021-06-22 16:54:57,9420105,2844871710,9420105,302,1049,,https://sra-downloadb.be-md.ncbi.nlm.nih.gov/sos4/sra-pub-zq-1/SRR014/14881/SRR14881842/SRR14881842.lite.1,SRX11199034,UMB28_06,WGS,PCR,METAGENOMIC,PAIRED,0,0,ILLUMINA,HiSeq X Ten,SRP117119,PRJNA400628,,400628,SRS2500658,SAMN07584111,simple,408170,human gut metagenome,UMB28_06,,,,,,,no,,,,,BROAD INSTITUTE,SRA1247531,,public,B422074AB1721713C6B76BC9ACB019A5,9F42C6F55594F1B503320ED38699701A
SRR14881848,2021-06-22 18:24:31,2021-06-22 16:52:44,313474,63321748,313474,202,39,,https://sra-downloadb.be-md.ncbi.nlm.nih.gov/sos4/sra-pub-zq-1/SRR014/14881/SRR14881848/SRR14881848.lite.1,SRX11199028,UMB10_00rrt,WGS,PCR,METAGENOMIC,PAIRED,0,0,ILLUMINA,HiSeq X Ten,SRP117119,PRJNA400628,,400628,SRS9254231,SAMN19697370,simple,408170,human gut metagenome,UMB10_00rrt,,,,,,,no,,,,,BROAD INSTITUTE,SRA1247531,,public,D5914CFE0DFBE3E005C586A18388D074,17AB2836C1CB08253A352B89A2BDB3CD
SRR14881847,2021-06-22 18:24:31,2021-06-22 16:53:43,5795779,1170747358,5795779,202,619,,https://sra-downloadb.be-md.ncbi.nlm.nih.gov/sos4/sra-pub-zq-1/SRR014/14881/SRR14881847/SRR14881847.lite.1,SRX11199029,UMB23_00rop,WGS,PCR,METAGENOMIC,PAIRED,0,0,ILLUMINA,HiSeq X Ten,SRP117119,PRJNA400628,,400628,SRS9254287,SAMN07736340,simple,408170,human gut metagenome,UMB23_00rop,,,,,,,no,,,,,BROAD INSTITUTE,SRA1247531,,public,47535A5CD7271BFC8210B5C5265AE91B,8E5AE9C49E3597866902C3B6233B9AED
SRR14881851,2021-06-22 18:24:31,2021-06-22 16:56:04,6913482,2087871564,6913482,302,902,,https://sra-downloadb.be-md.ncbi.nlm.nih.gov/sos4/sra-pub-zq-1/SRR014/14881/SRR14881851/SRR14881851.lite.1,SRX11199025,UMB27_12,WGS,PCR,METAGENOMIC,PAIRED,0,0,ILLUMINA,HiSeq X Ten,SRP117119,PRJNA400628,,400628,SRS9254199,SAMN07584144,simple,408170,human gut metagenome,UMB27_12,,,,,,,no,,,,,BROAD INSTITUTE,SRA1247531,,public,1866D20446C47D918945A5F134CD9C93,90359F71AC4939EA8DAFFB7823F90352
SRR14881850,2021-06-22 18:24:31,2021-06-22 16:56:11,10542044,3183697288,10542044,302,1389,,https://sra-downloadb.be-md.ncbi.nlm.nih.gov/sos4/sra-pub-zq-1/SRR014/14881/SRR14881850/SRR14881850.lite.1,SRX11199026,UMB28_00,WGS,PCR,METAGENOMIC,PAIRED,0,0,ILLUMINA,HiSeq X Ten,SRP117119,PRJNA400628,,400628,SRS2500655,SAMN07584105,simple,408170,human gut metagenome,UMB28_00,,,,,,,no,,,,,BROAD INSTITUTE,SRA1247531,,public,36472BFB08C458751F36DD88AEC9BBBE,0A8EAE29905CE4EA2D4C340289F2D1D8
SRR14881849,2021-06-22 18:24:31,2021-06-22 16:56:09,8281496,2501011792,8281496,302,990,,https://sra-downloadb.be-md.ncbi.nlm.nih.gov/sos4/sra-pub-zq-1/SRR014/14881/SRR14881849/SRR14881849.lite.1,SRX11199027,UMB28_01,WGS,PCR,METAGENOMIC,PAIRED,0,0,ILLUMINA,HiSeq X Ten,SRP117119,PRJNA400628,,400628,SRS2500653,SAMN07584106,simple,408170,human gut metagenome,UMB28_01,,,,,,,no,,,,,BROAD INSTITUTE,SRA1247531,,public,4C25DAB14E048B80AAF4C53FCC7613E7,7CC78A2F4459249DC610C597EA298CC0
SRR14881856,2021-06-22 18:24:31,2021-06-22 16:58:14,10538300,3182566600,10538300,302,1379,,https://sra-downloadb.be-md.ncbi.nlm.nih.gov/sos4/sra-pub-zq-1/SRR014/14881/SRR14881856/SRR14881856.lite.1,SRX11199020,UMB27_07,WGS,PCR,METAGENOMIC,PAIRED,0,0,ILLUMINA,HiSeq X Ten,SRP117119,PRJNA400628,,400628,SRS9254193,SAMN07584100,simple,408170,human gut metagenome,UMB27_07,,,,,,,no,,,,,BROAD INSTITUTE,SRA1247531,,public,F8596AFD524D244C4EF9A9F0276BC260,AAA34215F64624ACD38AA881D626B1FF
SRR14881855,2021-06-22 18:24:31,2021-06-22 16:58:43,11269054,3403254308,11269054,302,1354,,https://sra-downloadb.be-md.ncbi.nlm.nih.gov/sos4/sra-pub-zq-1/SRR014/14881/SRR14881855/SRR14881855.lite.1,SRX11199021,UMB27_08,WGS,PCR,METAGENOMIC,PAIRED,0,0,ILLUMINA,HiSeq X Ten,SRP117119,PRJNA400628,,400628,SRS9254195,SAMN07584101,simple,408170,human gut metagenome,UMB27_08,,,,,,,no,,,,,BROAD INSTITUTE,SRA1247531,,public,C14A9D8B2E9A799A8653FEA8D6FA2630,4BEAF6DB925CDDA561884C884C83FB7D
SRR14881854,2021-06-22 18:24:31,2021-06-22 16:56:28,9604854,2900665908,9604854,302,1247,,https://sra-downloadb.be-md.ncbi.nlm.nih.gov/sos4/sra-pub-zq-1/SRR014/14881/SRR14881854/SRR14881854.lite.1,SRX11199022,UMB27_09,WGS,PCR,METAGENOMIC,PAIRED,0,0,ILLUMINA,HiSeq X Ten,SRP117119,PRJNA400628,,400628,SRS9254196,SAMN07584102,simple,408170,human gut metagenome,UMB27_09,,,,,,,no,,,,,BROAD INSTITUTE,SRA1247531,,public,2D8ADFC2F17505285B2AC867E69B6FAA,520945583BAC53ACFCECE6CD6B202E60
SRR14881853,2021-06-22 18:24:31,2021-06-22 16:57:37,12498201,3774456702,12498201,302,1661,,https://sra-downloadb.be-md.ncbi.nlm.nih.gov/sos4/sra-pub-zq-1/SRR014/14881/SRR14881853/SRR14881853.lite.1,SRX11199023,UMB27_10,WGS,PCR,METAGENOMIC,PAIRED,0,0,ILLUMINA,HiSeq X Ten,SRP117119,PRJNA400628,,400628,SRS9254197,SAMN07584103,simple,408170,human gut metagenome,UMB27_10,,,,,,,no,,,,,BROAD INSTITUTE,SRA1247531,,public,E293CF6910C1645570B6ED42BFC22D4D,BD15400EB19DBCD358B45929997DB745
SRR14881852,2021-06-22 18:24:31,2021-06-22 16:57:09,10689468,3228219336,10689468,302,1283,,https://sra-downloadb.be-md.ncbi.nlm.nih.gov/sos4/sra-pub-zq-1/SRR014/14881/SRR14881852/SRR14881852.lite.1,SRX11199024,UMB27_11,WGS,PCR,METAGENOMIC,PAIRED,0,0,ILLUMINA,HiSeq X Ten,SRP117119,PRJNA400628,,400628,SRS9254198,SAMN07584104,simple,408170,human gut metagenome,UMB27_11,,,,,,,no,,,,,BROAD INSTITUTE,SRA1247531,,public,562468368BA34D92AF5FA5F542029068,8B9EB740825AE380DF2EC64EE4F05F02
SRR14881859,2021-06-22 18:24:31,2021-06-22 16:53:47,229998,46459596,229998,202,29,,https://sra-downloadb.be-md.ncbi.nlm.nih.gov/sos4/sra-pub-zq-1/SRR014/14881/SRR14881859/SRR14881859.lite.1,SRX11199017,UMB22_00rrt,WGS,PCR,METAGENOMIC,PAIRED,0,0,ILLUMINA,HiSeq X Ten,SRP117119,PRJNA400628,,400628,SRS9254285,SAMN19697405,simple,408170,human gut metagenome,UMB22_00rrt,,,,,,,no,,,,,BROAD INSTITUTE,SRA1247531,,public,1268EB32044E154CBBECB3224055A913,2A332E219FEC52B5E3104FBE3F37C1FA
SRR14881861,2021-06-22 18:24:30,2021-06-22 16:59:59,13049971,3941091242,13049971,302,1707,,https://sra-downloadb.be-md.ncbi.nlm.nih.gov/sos4/sra-pub-zq-1/SRR014/14881/SRR14881861/SRR14881861.lite.1,SRX11199015,UMB27_03,WGS,PCR,METAGENOMIC,PAIRED,0,0,ILLUMINA,HiSeq X Ten,SRP117119,PRJNA400628,,400628,SRS2500651,SAMN07584096,simple,408170,human gut metagenome,UMB27_03,,,,,,,no,,,,,BROAD INSTITUTE,SRA1247531,,public,2973299DB8AE55CDFDEBF34631588B84,4CDCF01737B5903FD821F89D83585BEA
SRR14881860,2021-06-22 18:24:30,2021-06-22 16:57:36,8017015,2421138530,8017015,302,1034,,https://sra-downloadb.be-md.ncbi.nlm.nih.gov/sos4/sra-pub-zq-1/SRR014/14881/SRR14881860/SRR14881860.lite.1,SRX11199016,UMB27_04,WGS,PCR,METAGENOMIC,PAIRED,0,0,ILLUMINA,HiSeq X Ten,SRP117119,PRJNA400628,,400628,SRS2500656,SAMN07584097,simple,408170,human gut metagenome,UMB27_04,,,,,,,no,,,,,BROAD INSTITUTE,SRA1247531,,public,B5858F62503492F205808F189C994528,757D62E87D312FF58A346807BE81950B
SRR14881858,2021-06-22 18:24:31,2021-06-22 16:58:31,11288579,3409150858,11288579,302,1456,,https://sra-downloadb.be-md.ncbi.nlm.nih.gov/sos4/sra-pub-zq-1/SRR014/14881/SRR14881858/SRR14881858.lite.1,SRX11199018,UMB27_05,WGS,PCR,METAGENOMIC,PAIRED,0,0,ILLUMINA,HiSeq X Ten,SRP117119,PRJNA400628,,400628,SRS2500654,SAMN07584098,simple,408170,human gut metagenome,UMB27_05,,,,,,,no,,,,,BROAD INSTITUTE,SRA1247531,,public,114B688750D0D45C0C32F549DAB82882,CD96D6A496575BF84E18D8F7C3989BCF
SRR14881857,2021-06-22 18:24:31,2021-06-22 16:58:56,14170544,4279504288,14170544,302,1717,,https://sra-downloadb.be-md.ncbi.nlm.nih.gov/sos4/sra-pub-zq-1/SRR014/14881/SRR14881857/SRR14881857.lite.1,SRX11199019,UMB27_06,WGS,PCR,METAGENOMIC,PAIRED,0,0,ILLUMINA,HiSeq X Ten,SRP117119,PRJNA400628,,400628,SRS2500648,SAMN07584099,simple,408170,human gut metagenome,UMB27_06,,,,,,,no,,,,,BROAD INSTITUTE,SRA1247531,,public,B12B284DEC85AB70A2EE853A0BDE2C89,574A58962121D180F54808B876ADC5CD
SRR14881863,2021-06-22 18:24:30,2021-06-22 16:56:18,6958185,2101371870,6958185,302,822,,https://sra-downloadb.be-md.ncbi.nlm.nih.gov/sos4/sra-pub-zq-1/SRR014/14881/SRR14881863/SRR14881863.lite.1,SRX11199013,UMB27_00,WGS,PCR,METAGENOMIC,PAIRED,0,0,ILLUMINA,HiSeq X Ten,SRP117119,PRJNA400628,,400628,SRS2500131,SAMN07584094,simple,408170,human gut metagenome,UMB27_00,,,,,,,no,,,,,BROAD INSTITUTE,SRA1247531,,public,BE999A765FB73F0796C2948FB6C0C968,E321A60311EA87A85D47BDFEDA3D8136
SRR14881862,2021-06-22 18:24:30,2021-06-22 16:58:27,13500392,4077118384,13500392,302,1836,,https://sra-downloadb.be-md.ncbi.nlm.nih.gov/sos4/sra-pub-zq-1/SRR014/14881/SRR14881862/SRR14881862.lite.1,SRX11199014,UMB27_01,WGS,PCR,METAGENOMIC,PAIRED,0,0,ILLUMINA,HiSeq X Ten,SRP117119,PRJNA400628,,400628,SRS2500652,SAMN07584095,simple,408170,human gut metagenome,UMB27_01,,,,,,,no,,,,,BROAD INSTITUTE,SRA1247531,,public,0EE0BD7B7C7EADD2D4CAD8D0A988251B,571F6660191D4BA14CB4581EFDFD5AAF
SRR14881866,2021-06-22 18:24:30,2021-06-22 16:57:20,8454334,2553208868,8454334,302,1121,,https://sra-downloadb.be-md.ncbi.nlm.nih.gov/sos4/sra-pub-zq-1/SRR014/14881/SRR14881866/SRR14881866.lite.1,SRX11199010,UMB26_10,WGS,PCR,METAGENOMIC,PAIRED,0,0,ILLUMINA,HiSeq X Ten,SRP117119,PRJNA400628,,400628,SRS9254191,SAMN07584092,simple,408170,human gut metagenome,UMB26_10,,,,,,,no,,,,,BROAD INSTITUTE,SRA1247531,,public,684D17A50C2C763B86E452A978D1F370,D93A2AFBB99C12C2B212DC4452A4FF62
SRR14881865,2021-06-22 18:24:30,2021-06-22 16:59:42,12240925,3696759350,12240925,302,1601,,https://sra-downloadb.be-md.ncbi.nlm.nih.gov/sos4/sra-pub-zq-1/SRR014/14881/SRR14881865/SRR14881865.lite.1,SRX11199011,UMB26_11,WGS,PCR,METAGENOMIC,PAIRED,0,0,ILLUMINA,HiSeq X Ten,SRP117119,PRJNA400628,,400628,SRS9254192,SAMN07584093,simple,408170,human gut metagenome,UMB26_11,,,,,,,no,,,,,BROAD INSTITUTE,SRA1247531,,public,AFE166FD710F81DD61D63AC31FAC73EF,7B603F66F735B6D70FA7EBEEFE5CBF10
SRR14881864,2021-06-22 18:24:30,2021-06-22 16:59:22,15601692,4711710984,15601692,302,2046,,https://sra-downloadb.be-md.ncbi.nlm.nih.gov/sos4/sra-pub-zq-1/SRR014/14881/SRR14881864/SRR14881864.lite.1,SRX11199012,UMB26_12,WGS,PCR,METAGENOMIC,PAIRED,0,0,ILLUMINA,HiSeq X Ten,SRP117119,PRJNA400628,,400628,SRS9254194,SAMN07584142,simple,408170,human gut metagenome,UMB26_12,,,,,,,no,,,,,BROAD INSTITUTE,SRA1247531,,public,863336007955FC6ADF94241D87C2CFAB,F02CC903BFE00CFC4F47BF96E2CE52C8
SRR14881870,2021-06-22 17:22:09,2021-06-22 17:11:42,42487317,8582438034,42487317,202,5477,,https://sra-downloadb.be-md.ncbi.nlm.nih.gov/sos4/sra-pub-zq-1/SRR014/14881/SRR14881870/SRR14881870.lite.1,SRX11199006,UMB21_00rrt,WGS,PCR,METAGENOMIC,PAIRED,0,0,ILLUMINA,HiSeq X Ten,SRP117119,PRJNA400628,,400628,SRS9254284,SAMN19697403,simple,408170,human gut metagenome,UMB21_00rrt,,,,,,,no,,,,,BROAD INSTITUTE,SRA1247531,,public,98D3982DDF52E1E7FBAF4AC9E9C7949E,66A888CA84406D7786D36606FC7F5D7A
SRR14881871,2021-06-22 18:24:29,2021-06-22 17:00:26,12622854,3812101908,12622854,302,1545,,https://sra-downloadb.be-md.ncbi.nlm.nih.gov/sos4/sra-pub-zq-1/SRR014/14881/SRR14881871/SRR14881871.lite.1,SRX11199005,UMB26_05,WGS,PCR,METAGENOMIC,PAIRED,0,0,ILLUMINA,HiSeq X Ten,SRP117119,PRJNA400628,,400628,SRS2500127,SAMN07584087,simple,408170,human gut metagenome,UMB26_05,,,,,,,no,,,,,BROAD INSTITUTE,SRA1247531,,public,4A68D748B4FA04B429082E6CEC9C6694,D7ED63AD5C82CE1ABAD62FC155406265
SRR14881869,2021-06-22 18:24:30,2021-06-22 17:02:26,17334936,5235150672,17334936,302,2277,,https://sra-downloadb.be-md.ncbi.nlm.nih.gov/sos4/sra-pub-zq-1/SRR014/14881/SRR14881869/SRR14881869.lite.1,SRX11199007,UMB26_07,WGS,PCR,METAGENOMIC,PAIRED,0,0,ILLUMINA,HiSeq X Ten,SRP117119,PRJNA400628,,400628,SRS9254188,SAMN07584089,simple,408170,human gut metagenome,UMB26_07,,,,,,,no,,,,,BROAD INSTITUTE,SRA1247531,,public,1EA51F5F9C8F38E4E5ACA94EDA0CC8AE,862491CB6E541C6683CDAB7506E41BD2
SRR14881868,2021-06-22 18:24:30,2021-06-22 17:00:53,11494166,3471238132,11494166,302,1514,,https://sra-downloadb.be-md.ncbi.nlm.nih.gov/sos4/sra-pub-zq-1/SRR014/14881/SRR14881868/SRR14881868.lite.1,SRX11199008,UMB26_08,WGS,PCR,METAGENOMIC,PAIRED,0,0,ILLUMINA,HiSeq X Ten,SRP117119,PRJNA400628,,400628,SRS9254189,SAMN07584090,simple,408170,human gut metagenome,UMB26_08,,,,,,,no,,,,,BROAD INSTITUTE,SRA1247531,,public,B076F979892197CFBC3F21556F36DC25,1516520298BCC4A5FDEB6E058FB223E9
SRR14881867,2021-06-22 18:24:30,2021-06-22 16:58:17,11162229,3370993158,11162229,302,1464,,https://sra-downloadb.be-md.ncbi.nlm.nih.gov/sos4/sra-pub-zq-1/SRR014/14881/SRR14881867/SRR14881867.lite.1,SRX11199009,UMB26_09,WGS,PCR,METAGENOMIC,PAIRED,0,0,ILLUMINA,HiSeq X Ten,SRP117119,PRJNA400628,,400628,SRS9254190,SAMN07584091,simple,408170,human gut metagenome,UMB26_09,,,,,,,no,,,,,BROAD INSTITUTE,SRA1247531,,public,CA3CE1DB1A98D4A9EF6483F17B2224AB,22B11CCE016C7C8120DD84373416D76B
SRR14881876,2021-06-22 17:22:09,2021-06-22 17:00:12,15697561,4740663422,15697561,302,1881,,https://sra-downloadb.be-md.ncbi.nlm.nih.gov/sos4/sra-pub-zq-1/SRR014/14881/SRR14881876/SRR14881876.lite.1,SRX11199000,UMB25_09,WGS,PCR,METAGENOMIC,PAIRED,0,0,ILLUMINA,HiSeq X Ten,SRP117119,PRJNA400628,,400628,SRS9254184,SAMN07584080,simple,408170,human gut metagenome,UMB25_09,,,,,,,no,,,,,BROAD INSTITUTE,SRA1247531,,public,819B299ED152319A0CCE3A3258784CC0,DF3684DF6D3C5C5059282AF5207E16FB
SRR14881875,2021-06-22 18:24:29,2021-06-22 17:02:55,17563963,5304316826,17563963,302,2027,,https://sra-downloadb.be-md.ncbi.nlm.nih.gov/sos4/sra-pub-zq-1/SRR014/14881/SRR14881875/SRR14881875.lite.1,SRX11199001,UMB25_10,WGS,PCR,METAGENOMIC,PAIRED,0,0,ILLUMINA,HiSeq X Ten,SRP117119,PRJNA400628,,400628,SRS9254185,SAMN07584081,simple,408170,human gut metagenome,UMB25_10,,,,,,,no,,,,,BROAD INSTITUTE,SRA1247531,,public,0C002B96AAC8DCAFD9DCCCAC69373903,69C9FE2DBA3711BBCC71CC7D0B1184DD
SRR14881874,2021-06-22 18:24:29,2021-06-22 16:59:39,9441414,2851307028,9441414,302,1243,,https://sra-downloadb.be-md.ncbi.nlm.nih.gov/sos4/sra-pub-zq-1/SRR014/14881/SRR14881874/SRR14881874.lite.1,SRX11199002,UMB25_11,WGS,PCR,METAGENOMIC,PAIRED,0,0,ILLUMINA,HiSeq X Ten,SRP117119,PRJNA400628,,400628,SRS9254186,SAMN07584082,simple,408170,human gut metagenome,UMB25_11,,,,,,,no,,,,,BROAD INSTITUTE,SRA1247531,,public,3FB7747F397B1138EAE75707C609F85A,37AF1DABB2533D706AEE971933783AE2
SRR14881873,2021-06-22 18:24:29,2021-06-22 17:00:10,10471793,3162481486,10471793,302,1370,,https://sra-downloadb.be-md.ncbi.nlm.nih.gov/sos4/sra-pub-zq-1/SRR014/14881/SRR14881873/SRR14881873.lite.1,SRX11199003,UMB25_12,WGS,PCR,METAGENOMIC,PAIRED,0,0,ILLUMINA,HiSeq X Ten,SRP117119,PRJNA400628,,400628,SRS9254187,SAMN07584143,simple,408170,human gut metagenome,UMB25_12,,,,,,,no,,,,,BROAD INSTITUTE,SRA1247531,,public,A29E7B69796D550588DD98262AD034D5,AE7D92C50D927D4BA3F12C16E39B88A2
SRR14881872,2021-06-22 18:24:29,2021-06-22 16:59:12,11062594,3340903388,11062594,302,1343,,https://sra-downloadb.be-md.ncbi.nlm.nih.gov/sos4/sra-pub-zq-1/SRR014/14881/SRR14881872/SRR14881872.lite.1,SRX11199004,UMB26_02,WGS,PCR,METAGENOMIC,PAIRED,0,0,ILLUMINA,HiSeq X Ten,SRP117119,PRJNA400628,,400628,SRS2500168,SAMN07584084,simple,408170,human gut metagenome,UMB26_02,,,,,,,no,,,,,BROAD INSTITUTE,SRA1247531,,public,CB1A33B75748B4F075D294C63655B8DD,237F541B805AD621D3A82342F1FE4EDE
SRR14881879,2021-06-22 18:24:29,2021-06-22 17:02:47,18001110,5436335220,18001110,302,2037,,https://sra-downloadb.be-md.ncbi.nlm.nih.gov/sos4/sra-pub-zq-1/SRR014/14881/SRR14881879/SRR14881879.lite.1,SRX11198997,UMB25_06,WGS,PCR,METAGENOMIC,PAIRED,0,0,ILLUMINA,HiSeq X Ten,SRP117119,PRJNA400628,,400628,SRS2500156,SAMN07584077,simple,408170,human gut metagenome,UMB25_06,,,,,,,no,,,,,BROAD INSTITUTE,SRA1247531,,public,5F31D581CAC152F7C4BCFED424E6C27F,8DD01B4B0AC65AD78A8E1046368DFA07
SRR14881880,2021-06-22 18:24:29,2021-06-22 16:59:42,10813067,3265546234,10813067,302,1314,,https://sra-downloadb.be-md.ncbi.nlm.nih.gov/sos4/sra-pub-zq-1/SRR014/14881/SRR14881880/SRR14881880.lite.1,SRX11198996,UMB25_05,WGS,PCR,METAGENOMIC,PAIRED,0,0,ILLUMINA,HiSeq X Ten,SRP117119,PRJNA400628,,400628,SRS2500160,SAMN07584076,simple,408170,human gut metagenome,UMB25_05,,,,,,,no,,,,,BROAD INSTITUTE,SRA1247531,,public,67843D844DA3B2AD57AE434D102C22C4,C8C355F2E008A35964389B0E37102365
SRR14881878,2021-06-22 18:24:29,2021-06-22 16:58:23,8575559,2589818818,8575559,302,1032,,https://sra-downloadb.be-md.ncbi.nlm.nih.gov/sos4/sra-pub-zq-1/SRR014/14881/SRR14881878/SRR14881878.lite.1,SRX11198998,UMB25_07,WGS,PCR,METAGENOMIC,PAIRED,0,0,ILLUMINA,HiSeq X Ten,SRP117119,PRJNA400628,,400628,SRS9254182,SAMN07584078,simple,408170,human gut metagenome,UMB25_07,,,,,,,no,,,,,BROAD INSTITUTE,SRA1247531,,public,CF7587FE4BF4AA8F361A593F39BC4EA5,7F6AE88899B95F97AA9620F6E47DF81A
SRR14881877,2021-06-22 18:24:29,2021-06-22 17:02:05,15831779,4781197258,15831779,302,1894,,https://sra-downloadb.be-md.ncbi.nlm.nih.gov/sos4/sra-pub-zq-1/SRR014/14881/SRR14881877/SRR14881877.lite.1,SRX11198999,UMB25_08,WGS,PCR,METAGENOMIC,PAIRED,0,0,ILLUMINA,HiSeq X Ten,SRP117119,PRJNA400628,,400628,SRS9254183,SAMN07584079,simple,408170,human gut metagenome,UMB25_08,,,,,,,no,,,,,BROAD INSTITUTE,SRA1247531,,public,35D32D2BAA48336B84DCA8D448F28845,3DCEAE7139ED5DA2E6F5C5C198DF072F
SRR14881881,2021-06-22 18:24:29,2021-06-22 16:57:55,1278032,258162464,1278032,202,136,,https://sra-downloadb.be-md.ncbi.nlm.nih.gov/sos4/sra-pub-zq-1/SRR014/14881/SRR14881881/SRR14881881.lite.1,SRX11198995,UMB20_09.1rrp,WGS,PCR,METAGENOMIC,PAIRED,0,0,ILLUMINA,HiSeq X Ten,SRP117119,PRJNA400628,,400628,SRS9254281,SAMN07736311,simple,408170,human gut metagenome,UMB20_09.1rrp,,,,,,,no,,,,,BROAD INSTITUTE,SRA1247531,,public,B1F516AA7CEAC0E239A8C1120229E923,68A371632CD454B4F6FC3262DFABA8EF
SRR14881885,2021-06-22 18:24:29,2021-06-22 16:57:13,3200481,966545262,3200481,302,422,,https://sra-downloadb.be-md.ncbi.nlm.nih.gov/sos4/sra-pub-zq-1/SRR014/14881/SRR14881885/SRR14881885.lite.1,SRX11198991,UMB25_01,WGS,PCR,METAGENOMIC,PAIRED,0,0,ILLUMINA,HiSeq X Ten,SRP117119,PRJNA400628,,400628,SRS2500115,SAMN07584072,simple,408170,human gut metagenome,UMB25_01,,,,,,,no,,,,,BROAD INSTITUTE,SRA1247531,,public,540335591B35D642673B5D648DDB4E61,FF65644598E31369C71E5598C8D37CC9
SRR14881882,2021-06-22 18:24:29,2021-06-22 17:02:32,16125986,4870047772,16125986,302,1808,,https://sra-downloadb.be-md.ncbi.nlm.nih.gov/sos4/sra-pub-zq-1/SRR014/14881/SRR14881882/SRR14881882.lite.1,SRX11198994,UMB25_04,WGS,PCR,METAGENOMIC,PAIRED,0,0,ILLUMINA,HiSeq X Ten,SRP117119,PRJNA400628,,400628,SRS2500140,SAMN07584075,simple,408170,human gut metagenome,UMB25_04,,,,,,,no,,,,,BROAD INSTITUTE,SRA1247531,,public,917418720EC9B5503E222A91F9D90722,AE88AA3C4447BF8B0591B8A29972775E
SRR14881884,2021-06-22 18:24:29,2021-06-22 17:01:11,12218533,3689996966,12218533,302,1469,,https://sra-downloadb.be-md.ncbi.nlm.nih.gov/sos4/sra-pub-zq-1/SRR014/14881/SRR14881884/SRR14881884.lite.1,SRX11198992,UMB25_02,WGS,PCR,METAGENOMIC,PAIRED,0,0,ILLUMINA,HiSeq X Ten,SRP117119,PRJNA400628,,400628,SRS2500154,SAMN07584073,simple,408170,human gut metagenome,UMB25_02,,,,,,,no,,,,,BROAD INSTITUTE,SRA1247531,,public,8E39C3EF5AE59E6372A4B4B4E78CEAF0,33FDB0EADA6835E47FDDB21AB2712DE8
SRR14881883,2021-06-22 17:22:09,2021-06-22 17:07:32,16083730,4857286460,16083730,302,2114,,https://sra-downloadb.be-md.ncbi.nlm.nih.gov/sos4/sra-pub-zq-1/SRR014/14881/SRR14881883/SRR14881883.lite.1,SRX11198993,UMB25_03,WGS,PCR,METAGENOMIC,PAIRED,0,0,ILLUMINA,HiSeq X Ten,SRP117119,PRJNA400628,,400628,SRS2500166,SAMN07584074,simple,408170,human gut metagenome,UMB25_03,,,,,,,no,,,,,BROAD INSTITUTE,SRA1247531,,public,061D1184FE4B2362BDD808D58FFEA079,620650E92ACE7B532088A7CA29CC372A
SRR14881886,2021-06-22 18:24:29,2021-06-22 17:01:37,12302791,3715442882,12302791,302,1454,,https://sra-downloadb.be-md.ncbi.nlm.nih.gov/sos4/sra-pub-zq-1/SRR014/14881/SRR14881886/SRR14881886.lite.1,SRX11198990,UMB24_12,WGS,PCR,METAGENOMIC,PAIRED,0,0,ILLUMINA,HiSeq X Ten,SRP117119,PRJNA400628,,400628,SRS9254181,SAMN07584071,simple,408170,human gut metagenome,UMB24_12,,,,,,,no,,,,,BROAD INSTITUTE,SRA1247531,,public,0EA7C7D8C939D8B07D03013F9D73385E,5786B0804855A70675D7FCDBE058FD59
SRR14881891,2021-06-22 18:24:29,2021-06-22 17:02:41,14588136,4405617072,14588136,302,1646,,https://sra-downloadb.be-md.ncbi.nlm.nih.gov/sos4/sra-pub-zq-1/SRR014/14881/SRR14881891/SRR14881891.lite.1,SRX11198985,UMB24_09,WGS,PCR,METAGENOMIC,PAIRED,0,0,ILLUMINA,HiSeq X Ten,SRP117119,PRJNA400628,,400628,SRS9254176,SAMN07584065,simple,408170,human gut metagenome,UMB24_09,,,,,,,no,,,,,BROAD INSTITUTE,SRA1247531,,public,F0740CC3D48D3A9B013BD2230E2C3A4D,918AADEE65D2A951F74831448E37A5E6
SRR14881890,2021-06-22 18:24:29,2021-06-22 17:04:26,18532806,5596907412,18532806,302,2181,,https://sra-downloadb.be-md.ncbi.nlm.nih.gov/sos4/sra-pub-zq-1/SRR014/14881/SRR14881890/SRR14881890.lite.1,SRX11198986,UMB24_09.1,WGS,PCR,METAGENOMIC,PAIRED,0,0,ILLUMINA,HiSeq X Ten,SRP117119,PRJNA400628,,400628,SRS9254177,SAMN07584066,simple,408170,human gut metagenome,UMB24_09.1,,,,,,,no,,,,,BROAD INSTITUTE,SRA1247531,,public,D0CC824B0C1D39AAFE08759F354F963C,BB171368F6A9E054D9E30B614CDC324B
SRR14881889,2021-06-22 18:24:29,2021-06-22 17:01:13,14718662,4445035924,14718662,302,1752,,https://sra-downloadb.be-md.ncbi.nlm.nih.gov/sos4/sra-pub-zq-1/SRR014/14881/SRR14881889/SRR14881889.lite.1,SRX11198987,UMB24_09.2,WGS,PCR,METAGENOMIC,PAIRED,0,0,ILLUMINA,HiSeq X Ten,SRP117119,PRJNA400628,,400628,SRS9254178,SAMN07584067,simple,408170,human gut metagenome,UMB24_09.2,,,,,,,no,,,,,BROAD INSTITUTE,SRA1247531,,public,A17F461B61D9A42229A9A58D791A9EEC,72597832DD9C793946943BB593477ABF
SRR14881888,2021-06-22 18:24:29,2021-06-22 17:02:09,16961584,5122398368,16961584,302,1961,,https://sra-downloadb.be-md.ncbi.nlm.nih.gov/sos4/sra-pub-zq-1/SRR014/14881/SRR14881888/SRR14881888.lite.1,SRX11198988,UMB24_10.1,WGS,PCR,METAGENOMIC,PAIRED,0,0,ILLUMINA,HiSeq X Ten,SRP117119,PRJNA400628,,400628,SRS9254179,SAMN07584069,simple,408170,human gut metagenome,UMB24_10.1,,,,,,,no,,,,,BROAD INSTITUTE,SRA1247531,,public,76C195FFD72E56629687CF2DB66C4703,9385F4C4F30C7EAEC87104107070C6F1
SRR14881887,2021-06-22 18:24:29,2021-06-22 17:01:53,12981847,3920517794,12981847,302,1509,,https://sra-downloadb.be-md.ncbi.nlm.nih.gov/sos4/sra-pub-zq-1/SRR014/14881/SRR14881887/SRR14881887.lite.1,SRX11198989,UMB24_11,WGS,PCR,METAGENOMIC,PAIRED,0,0,ILLUMINA,HiSeq X Ten,SRP117119,PRJNA400628,,400628,SRS9254180,SAMN07584070,simple,408170,human gut metagenome,UMB24_11,,,,,,,no,,,,,BROAD INSTITUTE,SRA1247531,,public,88AA862582778F088B7EED9BE7F3D804,FA1B82382D49C89BC61993E5A82EF7E1
SRR14881894,2021-06-22 18:24:29,2021-06-22 16:59:21,8185929,2472150558,8185929,302,996,,https://sra-downloadb.be-md.ncbi.nlm.nih.gov/sos4/sra-pub-zq-1/SRR014/14881/SRR14881894/SRR14881894.lite.1,SRX11198982,UMB24_07,WGS,PCR,METAGENOMIC,PAIRED,0,0,ILLUMINA,HiSeq X Ten,SRP117119,PRJNA400628,,400628,SRS2500126,SAMN07584063,simple,408170,human gut metagenome,UMB24_07,,,,,,,no,,,,,BROAD INSTITUTE,SRA1247531,,public,8CFC8863684F5DA806E7B0D8F6B0D514,AAC37197E8FE6AF4782A55BAB4E80295
SRR14881896,2021-06-22 18:24:29,2021-06-22 17:01:03,10174490,3072695980,10174490,302,1242,,https://sra-downloadb.be-md.ncbi.nlm.nih.gov/sos4/sra-pub-zq-1/SRR014/14881/SRR14881896/SRR14881896.lite.1,SRX11198980,UMB24_05,WGS,PCR,METAGENOMIC,PAIRED,0,0,ILLUMINA,HiSeq X Ten,SRP117119,PRJNA400628,,400628,SRS2500143,SAMN07584061,simple,408170,human gut metagenome,UMB24_05,,,,,,,no,,,,,BROAD INSTITUTE,SRA1247531,,public,2FC37FB28491A081D19ACACA7B257C04,4797226B4AEEB9826A52AAEFE9F0D91F
SRR14881895,2021-06-22 18:24:29,2021-06-22 17:02:57,14650260,4424378520,14650260,302,1698,,https://sra-downloadb.be-md.ncbi.nlm.nih.gov/sos4/sra-pub-zq-1/SRR014/14881/SRR14881895/SRR14881895.lite.1,SRX11198981,UMB24_06,WGS,PCR,METAGENOMIC,PAIRED,0,0,ILLUMINA,HiSeq X Ten,SRP117119,PRJNA400628,,400628,SRS2500145,SAMN07584062,simple,408170,human gut metagenome,UMB24_06,,,,,,,no,,,,,BROAD INSTITUTE,SRA1247531,,public,69EA4D99884E1FF8B7D03E2754363121,2E3C7366AFEF34EEB2BD98A09CA5A3DC
SRR14881893,2021-06-22 18:24:29,2021-06-22 17:07:19,19667773,5939667446,19667773,302,2229,,https://sra-downloadb.be-md.ncbi.nlm.nih.gov/sos4/sra-pub-zq-1/SRR014/14881/SRR14881893/SRR14881893.lite.1,SRX11198983,UMB24_08,WGS,PCR,METAGENOMIC,PAIRED,0,0,ILLUMINA,HiSeq X Ten,SRP117119,PRJNA400628,,400628,SRS9254175,SAMN07584064,simple,408170,human gut metagenome,UMB24_08,,,,,,,no,,,,,BROAD INSTITUTE,SRA1247531,,public,F11FF06EE5D7EB358C894AE2D5C92630,D8B74A2378CF9BCC62F1CF97095E1A3B
SRR14881892,2021-06-22 18:24:29,2021-06-22 16:57:55,4760622,961645644,4760622,202,514,,https://sra-downloadb.be-md.ncbi.nlm.nih.gov/sos4/sra-pub-zq-1/SRR014/14881/SRR14881892/SRR14881892.lite.1,SRX11198984,UMB20_09.1rop,WGS,PCR,METAGENOMIC,PAIRED,0,0,ILLUMINA,HiSeq X Ten,SRP117119,PRJNA400628,,400628,SRS9254280,SAMN07736339,simple,408170,human gut metagenome,UMB20_09.1rop,,,,,,,no,,,,,BROAD INSTITUTE,SRA1247531,,public,4F4E406F8978D18AE6E57565CC21F00B,EDCAC65912B4B9C1E7A21305C1933C28
SRR14881897,2021-06-22 18:24:29,2021-06-22 17:02:58,17308769,5227248238,17308769,302,2057,,https://sra-downloadb.be-md.ncbi.nlm.nih.gov/sos4/sra-pub-zq-1/SRR014/14881/SRR14881897/SRR14881897.lite.1,SRX11198979,UMB24_04,WGS,PCR,METAGENOMIC,PAIRED,0,0,ILLUMINA,HiSeq X Ten,SRP117119,PRJNA400628,,400628,SRS2500105,SAMN07584060,simple,408170,human gut metagenome,UMB24_04,,,,,,,no,,,,,BROAD INSTITUTE,SRA1247531,,public,A79E1BC9149CBD0796057D74E4639968,D49F9F0E4281A8838F43A08D3208DADC
SRR14881898,2021-06-22 18:24:29,2021-06-22 16:59:56,6806040,2055424080,6806040,302,805,,https://sra-downloadb.be-md.ncbi.nlm.nih.gov/sos4/sra-pub-zq-1/SRR014/14881/SRR14881898/SRR14881898.lite.1,SRX11198978,UMB24_03,WGS,PCR,METAGENOMIC,PAIRED,0,0,ILLUMINA,HiSeq X Ten,SRP117119,PRJNA400628,,400628,SRS2500108,SAMN07584059,simple,408170,human gut metagenome,UMB24_03,,,,,,,no,,,,,BROAD INSTITUTE,SRA1247531,,public,5B55C324A990C51BC234831FE9A91E2A,C5B76235B8AFC3940C1EC534E69316DD
SRR14881899,2021-06-22 18:24:29,2021-06-22 17:03:32,14879302,4493549204,14879302,302,1703,,https://sra-downloadb.be-md.ncbi.nlm.nih.gov/sos4/sra-pub-zq-1/SRR014/14881/SRR14881899/SRR14881899.lite.1,SRX11198977,UMB24_02,WGS,PCR,METAGENOMIC,PAIRED,0,0,ILLUMINA,HiSeq X Ten,SRP117119,PRJNA400628,,400628,SRS2500118,SAMN07584058,simple,408170,human gut metagenome,UMB24_02,,,,,,,no,,,,,BROAD INSTITUTE,SRA1247531,,public,86F1C91F760516CE2F25CA8CC1F34211,D1184C1BB0EAE00D41B36683F3B86E7B
SRR14881901,2021-06-22 18:24:29,2021-06-22 17:01:04,11420636,3449032072,11420636,302,1301,,https://sra-downloadb.be-md.ncbi.nlm.nih.gov/sos4/sra-pub-zq-1/SRR014/14881/SRR14881901/SRR14881901.lite.1,SRX11198975,UMB23_10.1,WGS,PCR,METAGENOMIC,PAIRED,0,0,ILLUMINA,HiSeq X Ten,SRP117119,PRJNA400628,,400628,SRS9254173,SAMN07584055,simple,408170,human gut metagenome,UMB23_10.1,,,,,,,no,,,,,BROAD INSTITUTE,SRA1247531,,public,CD7C3CD2482CB9D4A2AADC4CD0F4D573,FFAB45A9909E5A491791C2CFA56749C6
SRR14881900,2021-06-22 18:24:29,2021-06-22 17:04:50,17697429,5344623558,17697429,302,2041,,https://sra-downloadb.be-md.ncbi.nlm.nih.gov/sos4/sra-pub-zq-1/SRR014/14881/SRR14881900/SRR14881900.lite.1,SRX11198976,UMB23_11,WGS,PCR,METAGENOMIC,PAIRED,0,0,ILLUMINA,HiSeq X Ten,SRP117119,PRJNA400628,,400628,SRS9254174,SAMN07584056,simple,408170,human gut metagenome,UMB23_11,,,,,,,no,,,,,BROAD INSTITUTE,SRA1247531,,public,C731155A57F4EADA67045E42930531FC,17BDA2CA6CEF0446749B31B40EAA9346
SRR14881906,2021-06-22 18:24:29,2021-06-22 17:02:40,9659416,2917143632,9659416,302,1106,,https://sra-downloadb.be-md.ncbi.nlm.nih.gov/sos4/sra-pub-zq-1/SRR014/14881/SRR14881906/SRR14881906.lite.1,SRX11198970,UMB23_06.1,WGS,PCR,METAGENOMIC,PAIRED,0,0,ILLUMINA,HiSeq X Ten,SRP117119,PRJNA400628,,400628,SRS2500111,SAMN07584049,simple,408170,human gut metagenome,UMB23_06.1,,,,,,,no,,,,,BROAD INSTITUTE,SRA1247531,,public,103D58D71B316BF77EC451D82DB88657,769625047BF28797AF7CD5B4ABABF947
SRR14881905,2021-06-22 18:24:29,2021-06-22 17:01:40,11321498,3419092396,11321498,302,1487,,https://sra-downloadb.be-md.ncbi.nlm.nih.gov/sos4/sra-pub-zq-1/SRR014/14881/SRR14881905/SRR14881905.lite.1,SRX11198971,UMB23_08,WGS,PCR,METAGENOMIC,PAIRED,0,0,ILLUMINA,HiSeq X Ten,SRP117119,PRJNA400628,,400628,SRS9254170,SAMN07584052,simple,408170,human gut metagenome,UMB23_08,,,,,,,no,,,,,BROAD INSTITUTE,SRA1247531,,public,6A150D0EC6EF3EABB2CE410AC65ED3D5,9C1FCD946E7A1F11CC67351CD9494B0F
SRR14881904,2021-06-22 18:24:29,2021-06-22 17:01:40,9590992,2896479584,9590992,302,1123,,https://sra-downloadb.be-md.ncbi.nlm.nih.gov/sos4/sra-pub-zq-1/SRR014/14881/SRR14881904/SRR14881904.lite.1,SRX11198972,UMB23_08.1,WGS,PCR,METAGENOMIC,PAIRED,0,0,ILLUMINA,HiSeq X Ten,SRP117119,PRJNA400628,,400628,SRS9254171,SAMN07584053,simple,408170,human gut metagenome,UMB23_08.1,,,,,,,no,,,,,BROAD INSTITUTE,SRA1247531,,public,239C699C26C119A884A0ED6E0ECFE77F,C03FCCFA06C6F7FF425DCEC664D50334
SRR14881902,2021-06-22 18:24:29,2021-06-22 17:01:32,8791317,2654977734,8791317,302,987,,https://sra-downloadb.be-md.ncbi.nlm.nih.gov/sos4/sra-pub-zq-1/SRR014/14881/SRR14881902/SRR14881902.lite.1,SRX11198974,UMB23_10,WGS,PCR,METAGENOMIC,PAIRED,0,0,ILLUMINA,HiSeq X Ten,SRP117119,PRJNA400628,,400628,SRS9254172,SAMN07584054,simple,408170,human gut metagenome,UMB23_10,,,,,,,no,,,,,BROAD INSTITUTE,SRA1247531,,public,96DE61FAB898A71CD9D470126D0ED141,D8A502346EBC9EC89E93416EE416348B
SRR14881903,2021-06-22 18:24:29,2021-06-22 16:58:41,2726506,550754212,2726506,202,295,,https://sra-downloadb.be-md.ncbi.nlm.nih.gov/sos4/sra-pub-zq-1/SRR014/14881/SRR14881903/SRR14881903.lite.1,SRX11198973,UMB20_04.1rrp,WGS,PCR,METAGENOMIC,PAIRED,0,0,ILLUMINA,HiSeq X Ten,SRP117119,PRJNA400628,,400628,SRS9254277,SAMN07736310,simple,408170,human gut metagenome,UMB20_04.1rrp,,,,,,,no,,,,,BROAD INSTITUTE,SRA1247531,,public,CAC582DE443909C03EDF2DD29FB65C63,B17391CEEEA9D9A490BCAEB3892A2F81
SRR14881909,2021-06-22 18:24:29,2021-06-22 17:07:36,19207831,5800764962,19207831,302,2166,,https://sra-downloadb.be-md.ncbi.nlm.nih.gov/sos4/sra-pub-zq-1/SRR014/14881/SRR14881909/SRR14881909.lite.1,SRX11198967,UMB23_02,WGS,PCR,METAGENOMIC,PAIRED,0,0,ILLUMINA,HiSeq X Ten,SRP117119,PRJNA400628,,400628,SRS2500119,SAMN07584042,simple,408170,human gut metagenome,UMB23_02,,,,,,,no,,,,,BROAD INSTITUTE,SRA1247531,,public,99FDBBF2FEB611B66565CBE90335137F,E3671B2D1FC226D96A987B0289745C9F
SRR14881907,2021-06-22 18:24:29,2021-06-22 17:01:50,9869641,2980631582,9869641,302,1163,,https://sra-downloadb.be-md.ncbi.nlm.nih.gov/sos4/sra-pub-zq-1/SRR014/14881/SRR14881907/SRR14881907.lite.1,SRX11198969,UMB23_04,WGS,PCR,METAGENOMIC,PAIRED,0,0,ILLUMINA,HiSeq X Ten,SRP117119,PRJNA400628,,400628,SRS2500120,SAMN07584045,simple,408170,human gut metagenome,UMB23_04,,,,,,,no,,,,,BROAD INSTITUTE,SRA1247531,,public,FA555B996B538A4C762E90CE6D5AE3F9,25E07DFFEA54528AECEE8D2F0FEFD44E
SRR14881908,2021-06-22 18:24:29,2021-06-22 17:02:36,12799287,3865384674,12799287,302,1467,,https://sra-downloadb.be-md.ncbi.nlm.nih.gov/sos4/sra-pub-zq-1/SRR014/14881/SRR14881908/SRR14881908.lite.1,SRX11198968,UMB23_02.1,WGS,PCR,METAGENOMIC,PAIRED,0,0,ILLUMINA,HiSeq X Ten,SRP117119,PRJNA400628,,400628,SRS2500123,SAMN07584043,simple,408170,human gut metagenome,UMB23_02.1,,,,,,,no,,,,,BROAD INSTITUTE,SRA1247531,,public,962D2EA52E45EC6DE94DD853DDDD5EC2,A9E7698840C16446DDC37C363008244D
SRR14881911,2021-06-22 18:24:29,2021-06-22 17:02:38,11223121,3389382542,11223121,302,1457,,https://sra-downloadb.be-md.ncbi.nlm.nih.gov/sos4/sra-pub-zq-1/SRR014/14881/SRR14881911/SRR14881911.lite.1,SRX11198965,UMB22_11,WGS,PCR,METAGENOMIC,PAIRED,0,0,ILLUMINA,HiSeq X Ten,SRP117119,PRJNA400628,,400628,SRS9254168,SAMN07584038,simple,408170,human gut metagenome,UMB22_11,,,,,,,no,,,,,BROAD INSTITUTE,SRA1247531,,public,684CCBEE517505F4629B632D5CF99BA1,64F3F762B687FF1964C585925665DEE4
SRR14881910,2021-06-22 18:24:29,2021-06-22 17:04:27,13077736,3949476272,13077736,302,1702,,https://sra-downloadb.be-md.ncbi.nlm.nih.gov/sos4/sra-pub-zq-1/SRR014/14881/SRR14881910/SRR14881910.lite.1,SRX11198966,UMB22_12,WGS,PCR,METAGENOMIC,PAIRED,0,0,ILLUMINA,HiSeq X Ten,SRP117119,PRJNA400628,,400628,SRS9254169,SAMN07584039,simple,408170,human gut metagenome,UMB22_12,,,,,,,no,,,,,BROAD INSTITUTE,SRA1247531,,public,096881A308E21E2D2D15E60F558FECCD,31C816C5EFDA8735D714E062902883B9
SRR14881916,2021-06-22 18:24:29,2021-06-22 17:02:36,8606539,2599174778,8606539,302,1116,,https://sra-downloadb.be-md.ncbi.nlm.nih.gov/sos4/sra-pub-zq-1/SRR014/14881/SRR14881916/SRR14881916.lite.1,SRX11198960,UMB22_07,WGS,PCR,METAGENOMIC,PAIRED,0,0,ILLUMINA,HiSeq X Ten,SRP117119,PRJNA400628,,400628,SRS2500113,SAMN07584034,simple,408170,human gut metagenome,UMB22_07,,,,,,,no,,,,,BROAD INSTITUTE,SRA1247531,,public,2ACB7825269AA218F4E7B314A41740A5,0EC62E629A68EDE56A67589BDAF40FB4
SRR14881915,2021-06-22 18:24:29,2021-06-22 17:02:40,12708112,3837849824,12708112,302,1657,,https://sra-downloadb.be-md.ncbi.nlm.nih.gov/sos4/sra-pub-zq-1/SRR014/14881/SRR14881915/SRR14881915.lite.1,SRX11198961,UMB22_08,WGS,PCR,METAGENOMIC,PAIRED,0,0,ILLUMINA,HiSeq X Ten,SRP117119,PRJNA400628,,400628,SRS2500165,SAMN07584035,simple,408170,human gut metagenome,UMB22_08,,,,,,,no,,,,,BROAD INSTITUTE,SRA1247531,,public,7DD20DBD0FA8C0148513CF15BF5959ED,09BBE0DF3CD2D0BAEDD172B14ADA8259
SRR14881913,2021-06-22 18:24:29,2021-06-22 17:01:31,8216173,2481284246,8216173,302,1077,,https://sra-downloadb.be-md.ncbi.nlm.nih.gov/sos4/sra-pub-zq-1/SRR014/14881/SRR14881913/SRR14881913.lite.1,SRX11198963,UMB22_09,WGS,PCR,METAGENOMIC,PAIRED,0,0,ILLUMINA,HiSeq X Ten,SRP117119,PRJNA400628,,400628,SRS9254165,SAMN07584036,simple,408170,human gut metagenome,UMB22_09,,,,,,,no,,,,,BROAD INSTITUTE,SRA1247531,,public,9AEDB2D8E4D5BF73305EEAD5B22BE927,A616F855CD085AC385A1211A811F5530
SRR14881912,2021-06-22 18:24:29,2021-06-22 17:02:46,9413347,2842830794,9413347,302,1131,,https://sra-downloadb.be-md.ncbi.nlm.nih.gov/sos4/sra-pub-zq-1/SRR014/14881/SRR14881912/SRR14881912.lite.1,SRX11198964,UMB22_10,WGS,PCR,METAGENOMIC,PAIRED,0,0,ILLUMINA,HiSeq X Ten,SRP117119,PRJNA400628,,400628,SRS9254167,SAMN07584037,simple,408170,human gut metagenome,UMB22_10,,,,,,,no,,,,,BROAD INSTITUTE,SRA1247531,,public,43FFA0BD4DCF6293BD79356E0B9D9D5C,2AE1C614FA6CCDB81979635E8A4703A3
SRR14881914,2021-06-22 18:24:29,2021-06-22 17:00:22,5061410,1022404820,5061410,202,546,,https://sra-downloadb.be-md.ncbi.nlm.nih.gov/sos4/sra-pub-zq-1/SRR014/14881/SRR14881914/SRR14881914.lite.1,SRX11198962,UMB20_04.1rop,WGS,PCR,METAGENOMIC,PAIRED,0,0,ILLUMINA,HiSeq X Ten,SRP117119,PRJNA400628,,400628,SRS9254276,SAMN07736338,simple,408170,human gut metagenome,UMB20_04.1rop,,,,,,,no,,,,,BROAD INSTITUTE,SRA1247531,,public,EF277D8F178896A05F655DEE2BE034E2,76A860419C35BA55F7E9447A2786BE2E
SRR14881921,2021-06-22 18:24:29,2021-06-22 17:16:08,10238432,3092006464,10238432,302,1212,,https://sra-downloadb.be-md.ncbi.nlm.nih.gov/sos4/sra-pub-zq-1/SRR014/14881/SRR14881921/SRR14881921.lite.1,SRX11198955,UMB22_02,WGS,PCR,METAGENOMIC,PAIRED,0,0,ILLUMINA,HiSeq X Ten,SRP117119,PRJNA400628,,400628,SRS2500139,SAMN07584029,simple,408170,human gut metagenome,UMB22_02,,,,,,,no,,,,,BROAD INSTITUTE,SRA1247531,,public,BCA1DF36105AC7BC37F7A68A021582EB,37C92120722E96B956BDB5C87FF63350
SRR14881920,2021-06-22 18:24:29,2021-06-22 17:02:55,8823358,2664654116,8823358,302,1161,,https://sra-downloadb.be-md.ncbi.nlm.nih.gov/sos4/sra-pub-zq-1/SRR014/14881/SRR14881920/SRR14881920.lite.1,SRX11198956,UMB22_03,WGS,PCR,METAGENOMIC,PAIRED,0,0,ILLUMINA,HiSeq X Ten,SRP117119,PRJNA400628,,400628,SRS2500163,SAMN07584030,simple,408170,human gut metagenome,UMB22_03,,,,,,,no,,,,,BROAD INSTITUTE,SRA1247531,,public,C58B2F709B2BC0F7D49C93C84A22BFB7,C001D580354FB49485FAFD686CF3542D
SRR14881919,2021-06-22 18:24:29,2021-06-22 17:03:19,10859961,3279708222,10859961,302,1303,,https://sra-downloadb.be-md.ncbi.nlm.nih.gov/sos4/sra-pub-zq-1/SRR014/14881/SRR14881919/SRR14881919.lite.1,SRX11198957,UMB22_04,WGS,PCR,METAGENOMIC,PAIRED,0,0,ILLUMINA,HiSeq X Ten,SRP117119,PRJNA400628,,400628,SRS2500116,SAMN07584031,simple,408170,human gut metagenome,UMB22_04,,,,,,,no,,,,,BROAD INSTITUTE,SRA1247531,,public,ABD6476177F62EF3A2A57E6E080EFCA0,0BA8EC07D60E89489345252FAC2E88D1
SRR14881918,2021-06-22 18:24:29,2021-06-22 17:02:40,8192490,2474131980,8192490,302,1079,,https://sra-downloadb.be-md.ncbi.nlm.nih.gov/sos4/sra-pub-zq-1/SRR014/14881/SRR14881918/SRR14881918.lite.1,SRX11198958,UMB22_05,WGS,PCR,METAGENOMIC,PAIRED,0,0,ILLUMINA,HiSeq X Ten,SRP117119,PRJNA400628,,400628,SRS2500162,SAMN07584032,simple,408170,human gut metagenome,UMB22_05,,,,,,,no,,,,,BROAD INSTITUTE,SRA1247531,,public,00703FD34801E188B464155B017589C7,FE40E4EC21CA8721B2C45CD8FE3A0039
SRR14881917,2021-06-22 18:24:29,2021-06-22 17:04:23,12352956,3730592712,12352956,302,1494,,https://sra-downloadb.be-md.ncbi.nlm.nih.gov/sos4/sra-pub-zq-1/SRR014/14881/SRR14881917/SRR14881917.lite.1,SRX11198959,UMB22_06,WGS,PCR,METAGENOMIC,PAIRED,0,0,ILLUMINA,HiSeq X Ten,SRP117119,PRJNA400628,,400628,SRS2500133,SAMN07584033,simple,408170,human gut metagenome,UMB22_06,,,,,,,no,,,,,BROAD INSTITUTE,SRA1247531,,public,A7ECAF86F76AB7DE4200FC34B2E69A0B,05D426FE508B29A6E56136D9E31AAB1F
SRR14881922,2021-06-22 18:24:29,2021-06-22 17:05:42,12853666,3881807132,12853666,302,1665,,https://sra-downloadb.be-md.ncbi.nlm.nih.gov/sos4/sra-pub-zq-1/SRR014/14881/SRR14881922/SRR14881922.lite.1,SRX11198954,UMB22_01,WGS,PCR,METAGENOMIC,PAIRED,0,0,ILLUMINA,HiSeq X Ten,SRP117119,PRJNA400628,,400628,SRS2500137,SAMN07584028,simple,408170,human gut metagenome,UMB22_01,,,,,,,no,,,,,BROAD INSTITUTE,SRA1247531,,public,E9113256DEDCFD77F940076C2A8B6BB4,1AF045883E84F2F1B07711E2E8436DF8
SRR14881926,2021-06-22 18:24:29,2021-06-22 17:05:26,16896341,5102694982,16896341,302,2024,,https://sra-downloadb.be-md.ncbi.nlm.nih.gov/sos4/sra-pub-zq-1/SRR014/14881/SRR14881926/SRR14881926.lite.1,SRX11198950,UMB21_09,WGS,PCR,METAGENOMIC,PAIRED,0,0,ILLUMINA,HiSeq X Ten,SRP117119,PRJNA400628,,400628,SRS9254163,SAMN07584024,simple,408170,human gut metagenome,UMB21_09,,,,,,,no,,,,,BROAD INSTITUTE,SRA1247531,,public,207617268924675EDA0309C4167EBD69,43C71DB7FF5C34123486E8C6B6DF5712
SRR14881924,2021-06-22 18:24:29,2021-06-22 17:05:18,12415153,3749376206,12415153,302,1645,,https://sra-downloadb.be-md.ncbi.nlm.nih.gov/sos4/sra-pub-zq-1/SRR014/14881/SRR14881924/SRR14881924.lite.1,SRX11198952,UMB21_11,WGS,PCR,METAGENOMIC,PAIRED,0,0,ILLUMINA,HiSeq X Ten,SRP117119,PRJNA400628,,400628,SRS9254164,SAMN07584026,simple,408170,human gut metagenome,UMB21_11,,,,,,,no,,,,,BROAD INSTITUTE,SRA1247531,,public,86E5DE40CAC96DF05C38063F2BF057B3,B030700F330D1D6C8F301E3345E09E2B
SRR14881923,2021-06-22 18:24:29,2021-06-22 17:06:04,14058287,4245602674,14058287,302,1875,,https://sra-downloadb.be-md.ncbi.nlm.nih.gov/sos4/sra-pub-zq-1/SRR014/14881/SRR14881923/SRR14881923.lite.1,SRX11198953,UMB21_12,WGS,PCR,METAGENOMIC,PAIRED,0,0,ILLUMINA,HiSeq X Ten,SRP117119,PRJNA400628,,400628,SRS9254166,SAMN07584027,simple,408170,human gut metagenome,UMB21_12,,,,,,,no,,,,,BROAD INSTITUTE,SRA1247531,,public,3F0C56DD8217FBE91070F62E39739D29,C2BC39817C9FB9DB4C864AEFB8E930B8
SRR14881925,2021-06-22 18:24:29,2021-06-22 17:00:04,1185333,239437266,1185333,202,129,,https://sra-downloadb.be-md.ncbi.nlm.nih.gov/sos4/sra-pub-zq-1/SRR014/14881/SRR14881925/SRR14881925.lite.1,SRX11198951,UMB20_02.1rrp,WGS,PCR,METAGENOMIC,PAIRED,0,0,ILLUMINA,HiSeq X Ten,SRP117119,PRJNA400628,,400628,SRS9254274,SAMN07736309,simple,408170,human gut metagenome,UMB20_02.1rrp,,,,,,,no,,,,,BROAD INSTITUTE,SRA1247531,,public,A407FE30DC7061C38A810A8E57CEC65E,59892B465F42EC23D41C76EF4AF830FB
SRR14881927,2021-06-22 17:22:09,2021-06-22 17:10:47,16427655,4961151810,16427655,302,1991,,https://sra-downloadb.be-md.ncbi.nlm.nih.gov/sos4/sra-pub-zq-1/SRR014/14881/SRR14881927/SRR14881927.lite.1,SRX11198949,UMB21_08,WGS,PCR,METAGENOMIC,PAIRED,0,0,ILLUMINA,HiSeq X Ten,SRP117119,PRJNA400628,,400628,SRS2500107,SAMN07584023,simple,408170,human gut metagenome,UMB21_08,,,,,,,no,,,,,BROAD INSTITUTE,SRA1247531,,public,97DFFB3C665FF11FD7E5BB82D67979A9,09EE9CB0A6CCD0D9DAAEC1223B212AD9
SRR14881929,2021-06-22 18:24:29,2021-06-22 17:07:53,18503470,5588047940,18503470,302,2251,,https://sra-downloadb.be-md.ncbi.nlm.nih.gov/sos4/sra-pub-zq-1/SRR014/14881/SRR14881929/SRR14881929.lite.1,SRX11198947,UMB21_04,WGS,PCR,METAGENOMIC,PAIRED,0,0,ILLUMINA,HiSeq X Ten,SRP117119,PRJNA400628,,400628,SRS2500130,SAMN07584019,simple,408170,human gut metagenome,UMB21_04,,,,,,,no,,,,,BROAD INSTITUTE,SRA1247531,,public,0B62624ED6010D6F6ACC2BC928C61BBE,8032EE304F52C7A9058B7E093D4C6975
SRR14881928,2021-06-22 18:24:29,2021-06-22 17:07:05,16825505,5081302510,16825505,302,2085,,https://sra-downloadb.be-md.ncbi.nlm.nih.gov/sos4/sra-pub-zq-1/SRR014/14881/SRR14881928/SRR14881928.lite.1,SRX11198948,UMB21_06,WGS,PCR,METAGENOMIC,PAIRED,0,0,ILLUMINA,HiSeq X Ten,SRP117119,PRJNA400628,,400628,SRS2500146,SAMN07584021,simple,408170,human gut metagenome,UMB21_06,,,,,,,no,,,,,BROAD INSTITUTE,SRA1247531,,public,621527E45BD9394B1682FFD86A88C9E7,18BDDF687F102F05C99C7EF74DF0A347
SRR14881931,2021-06-22 18:24:29,2021-06-22 17:05:07,14102650,4259000300,14102650,302,1644,,https://sra-downloadb.be-md.ncbi.nlm.nih.gov/sos4/sra-pub-zq-1/SRR014/14881/SRR14881931/SRR14881931.lite.1,SRX11198945,UMB20_11,WGS,PCR,METAGENOMIC,PAIRED,0,0,ILLUMINA,HiSeq X Ten,SRP117119,PRJNA400628,,400628,SRS9254161,SAMN07584014,simple,408170,human gut metagenome,UMB20_11,,,,,,,no,,,,,BROAD INSTITUTE,SRA1247531,,public,A5F664DABEB67D99D2D613F3294833C7,7E305BD06FCE5A0AE95EC27051C0DB8D
SRR14881930,2021-06-22 18:24:29,2021-06-22 17:07:26,14663737,4428448574,14663737,302,1766,,https://sra-downloadb.be-md.ncbi.nlm.nih.gov/sos4/sra-pub-zq-1/SRR014/14881/SRR14881930/SRR14881930.lite.1,SRX11198946,UMB20_12,WGS,PCR,METAGENOMIC,PAIRED,0,0,ILLUMINA,HiSeq X Ten,SRP117119,PRJNA400628,,400628,SRS9254162,SAMN07584015,simple,408170,human gut metagenome,UMB20_12,,,,,,,no,,,,,BROAD INSTITUTE,SRA1247531,,public,0A78286E2423C89A1973B64FF001A6C3,291AF134F571BE70E9E9CB613FB7773B
SRR14881936,2021-06-22 18:24:28,2021-06-22 17:02:36,5214523,1053333646,5214523,202,588,,https://sra-downloadb.be-md.ncbi.nlm.nih.gov/sos4/sra-pub-zq-1/SRR014/14881/SRR14881936/SRR14881936.lite.1,SRX11198940,UMB20_02.1rop,WGS,PCR,METAGENOMIC,PAIRED,0,0,ILLUMINA,HiSeq X Ten,SRP117119,PRJNA400628,,400628,SRS9254273,SAMN07736337,simple,408170,human gut metagenome,UMB20_02.1rop,,,,,,,no,,,,,BROAD INSTITUTE,SRA1247531,,public,12FA870B0E113B62C10F467CF9C818F9,B0A96CFADF6EE6BB642CD18F427B591B
SRR14881935,2021-06-22 17:22:09,2021-06-22 17:07:51,15891710,4799296420,15891710,302,1868,,https://sra-downloadb.be-md.ncbi.nlm.nih.gov/sos4/sra-pub-zq-1/SRR014/14881/SRR14881935/SRR14881935.lite.1,SRX11198941,UMB20_08,WGS,PCR,METAGENOMIC,PAIRED,0,0,ILLUMINA,HiSeq X Ten,SRP117119,PRJNA400628,,400628,SRS2500161,SAMN07584010,simple,408170,human gut metagenome,UMB20_08,,,,,,,no,,,,,BROAD INSTITUTE,SRA1247531,,public,F832EF04C8DE8CC5D88E778788754373,DC9FBA0D2F09BA3B3124D3B7EFFEA821
SRR14881934,2021-06-22 18:24:28,2021-06-22 17:08:35,17562671,5303926642,17562671,302,1988,,https://sra-downloadb.be-md.ncbi.nlm.nih.gov/sos4/sra-pub-zq-1/SRR014/14881/SRR14881934/SRR14881934.lite.1,SRX11198942,UMB20_09,WGS,PCR,METAGENOMIC,PAIRED,0,0,ILLUMINA,HiSeq X Ten,SRP117119,PRJNA400628,,400628,SRS9254158,SAMN07584011,simple,408170,human gut metagenome,UMB20_09,,,,,,,no,,,,,BROAD INSTITUTE,SRA1247531,,public,7FEE228FE5D38BF8D90A256577B2424D,4A82155ACBB6A0026FCADA44C630A952
SRR14881933,2021-06-22 18:24:28,2021-06-22 17:05:11,14190312,4285474224,14190312,302,1659,,https://sra-downloadb.be-md.ncbi.nlm.nih.gov/sos4/sra-pub-zq-1/SRR014/14881/SRR14881933/SRR14881933.lite.1,SRX11198943,UMB20_10,WGS,PCR,METAGENOMIC,PAIRED,0,0,ILLUMINA,HiSeq X Ten,SRP117119,PRJNA400628,,400628,SRS9254159,SAMN07584012,simple,408170,human gut metagenome,UMB20_10,,,,,,,no,,,,,BROAD INSTITUTE,SRA1247531,,public,1137C62D50B21CAB9D29B8773E5B7677,5DE24140A2A4B71A783D5647EB9E730B
SRR14881932,2021-06-22 18:24:28,2021-06-22 17:07:41,16383817,4947912734,16383817,302,1903,,https://sra-downloadb.be-md.ncbi.nlm.nih.gov/sos4/sra-pub-zq-1/SRR014/14881/SRR14881932/SRR14881932.lite.1,SRX11198944,UMB20_10.1,WGS,PCR,METAGENOMIC,PAIRED,0,0,ILLUMINA,HiSeq X Ten,SRP117119,PRJNA400628,,400628,SRS9254160,SAMN07584013,simple,408170,human gut metagenome,UMB20_10.1,,,,,,,no,,,,,BROAD INSTITUTE,SRA1247531,,public,6BAD04BA3EB82D040E40E72371AAE0F6,B4D031F148612DDEE27B34EF0862CBD0
SRR14881937,2021-06-22 17:22:09,2021-06-22 17:08:59,18283869,5521728438,18283869,302,2145,,https://sra-downloadb.be-md.ncbi.nlm.nih.gov/sos4/sra-pub-zq-1/SRR014/14881/SRR14881937/SRR14881937.lite.1,SRX11198939,UMB20_07,WGS,PCR,METAGENOMIC,PAIRED,0,0,ILLUMINA,HiSeq X Ten,SRP117119,PRJNA400628,,400628,SRS2500104,SAMN07584009,simple,408170,human gut metagenome,UMB20_07,,,,,,,no,,,,,BROAD INSTITUTE,SRA1247531,,public,E0BF5884F54347F19374C8D8797B12E7,BF30F1D20F8E4507470AEA20C7C60AD1
SRR14881940,2021-06-22 18:24:28,2021-06-22 17:08:39,22099492,6674046584,22099492,302,2561,,https://sra-downloadb.be-md.ncbi.nlm.nih.gov/sos4/sra-pub-zq-1/SRR014/14881/SRR14881940/SRR14881940.lite.1,SRX11198936,UMB20_03,WGS,PCR,METAGENOMIC,PAIRED,0,0,ILLUMINA,HiSeq X Ten,SRP117119,PRJNA400628,,400628,SRS2500109,SAMN07584002,simple,408170,human gut metagenome,UMB20_03,,,,,,,no,,,,,BROAD INSTITUTE,SRA1247531,,public,516E88E9F332613462A38BF24F63FFDA,53FB96458C1622AEBC4E47A4EBFAF2BB
SRR14881938,2021-06-22 17:22:09,2021-06-22 17:11:34,16890051,5100795402,16890051,302,1951,,https://sra-downloadb.be-md.ncbi.nlm.nih.gov/sos4/sra-pub-zq-1/SRR014/14881/SRR14881938/SRR14881938.lite.1,SRX11198938,UMB20_05.1,WGS,PCR,METAGENOMIC,PAIRED,0,0,ILLUMINA,HiSeq X Ten,SRP117119,PRJNA400628,,400628,SRS2500125,SAMN07584007,simple,408170,human gut metagenome,UMB20_05.1,,,,,,,no,,,,,BROAD INSTITUTE,SRA1247531,,public,6D286014A61E876C7EECE5B42F134CA4,2A7CF065E70AE03FE56168D8BFC00D04
SRR14881939,2021-06-22 17:22:09,2021-06-22 17:10:37,20199116,6100133032,20199116,302,2346,,https://sra-downloadb.be-md.ncbi.nlm.nih.gov/sos4/sra-pub-zq-1/SRR014/14881/SRR14881939/SRR14881939.lite.1,SRX11198937,UMB20_03.1,WGS,PCR,METAGENOMIC,PAIRED,0,0,ILLUMINA,HiSeq X Ten,SRP117119,PRJNA400628,,400628,SRS2500149,SAMN07584003,simple,408170,human gut metagenome,UMB20_03.1,,,,,,,no,,,,,BROAD INSTITUTE,SRA1247531,,public,78AFBA9777616441F0D400E0C527CEB4,4295A3315131301C0A1427C9BBD172BC
SRR14881941,2021-06-22 17:11:19,2021-06-22 17:07:29,12787701,3861885702,12787701,302,1504,,https://sra-downloadb.be-md.ncbi.nlm.nih.gov/sos4/sra-pub-zq-1/SRR014/14881/SRR14881941/SRR14881941.lite.1,SRX11198935,UMB20_01.2,WGS,PCR,METAGENOMIC,PAIRED,0,0,ILLUMINA,HiSeq X Ten,SRP117119,PRJNA400628,,400628,SRS2500167,SAMN07583998,simple,408170,human gut metagenome,UMB20_01.2,,,,,,,no,,,,,BROAD INSTITUTE,SRA1247531,,public,80AF7538FD2D25573B0A4EC5D298E9EB,AA573917EB44338359993913C758A3DD
SRR14881943,2021-06-22 17:22:09,2021-06-22 17:07:32,15141112,4572615824,15141112,302,1746,,https://sra-downloadb.be-md.ncbi.nlm.nih.gov/sos4/sra-pub-zq-1/SRR014/14881/SRR14881943/SRR14881943.lite.1,SRX11198933,UMB20_01,WGS,PCR,METAGENOMIC,PAIRED,0,0,ILLUMINA,HiSeq X Ten,SRP117119,PRJNA400628,,400628,SRS2500121,SAMN07583996,simple,408170,human gut metagenome,UMB20_01,,,,,,,no,,,,,BROAD INSTITUTE,SRA1247531,,public,2C1558B256D1A6D1B6CF03E8A3DD95EC,3F57407613E989EFD1C18570A6D85B21
SRR14881942,2021-06-22 18:24:28,2021-06-22 17:09:50,17791993,5373181886,17791993,302,2037,,https://sra-downloadb.be-md.ncbi.nlm.nih.gov/sos4/sra-pub-zq-1/SRR014/14881/SRR14881942/SRR14881942.lite.1,SRX11198934,UMB20_01.1,WGS,PCR,METAGENOMIC,PAIRED,0,0,ILLUMINA,HiSeq X Ten,SRP117119,PRJNA400628,,400628,SRS2500129,SAMN07583997,simple,408170,human gut metagenome,UMB20_01.1,,,,,,,no,,,,,BROAD INSTITUTE,SRA1247531,,public,B4928082D8B6135ECD72BC28A57520A9,CA593544CF26495B3A425593B58A5546
SRR14881945,2021-06-22 18:24:28,2021-06-22 17:06:35,15112233,4563894366,15112233,302,1855,,https://sra-downloadb.be-md.ncbi.nlm.nih.gov/sos4/sra-pub-zq-1/SRR014/14881/SRR14881945/SRR14881945.lite.1,SRX11198931,UMB19_11,WGS,PCR,METAGENOMIC,PAIRED,0,0,ILLUMINA,HiSeq X Ten,SRP117119,PRJNA400628,,400628,SRS9254156,SAMN07583993,simple,408170,human gut metagenome,UMB19_11,,,,,,,no,,,,,BROAD INSTITUTE,SRA1247531,,public,A7537B693EACEB6D4ABAC691246BBA73,45D6BC94B5BE28ECDF735623BEA19ED8
SRR14881944,2021-06-22 18:24:28,2021-06-22 17:06:46,10026232,3027922064,10026232,302,1339,,https://sra-downloadb.be-md.ncbi.nlm.nih.gov/sos4/sra-pub-zq-1/SRR014/14881/SRR14881944/SRR14881944.lite.1,SRX11198932,UMB19_12,WGS,PCR,METAGENOMIC,PAIRED,0,0,ILLUMINA,HiSeq X Ten,SRP117119,PRJNA400628,,400628,SRS9254157,SAMN07583994,simple,408170,human gut metagenome,UMB19_12,,,,,,,no,,,,,BROAD INSTITUTE,SRA1247531,,public,C36828F4B98994C191864877D7DAC473,8919B27C14ACA32638095ABE0A62BED8
SRR14881946,2021-06-22 18:24:28,2021-06-22 17:05:32,9824455,2966985410,9824455,302,1290,,https://sra-downloadb.be-md.ncbi.nlm.nih.gov/sos4/sra-pub-zq-1/SRR014/14881/SRR14881946/SRR14881946.lite.1,SRX11198930,UMB19_10,WGS,PCR,METAGENOMIC,PAIRED,0,0,ILLUMINA,HiSeq X Ten,SRP117119,PRJNA400628,,400628,SRS9254341,SAMN07583992,simple,408170,human gut metagenome,UMB19_10,,,,,,,no,,,,,BROAD INSTITUTE,SRA1247531,,public,E09FFF28F35C34478522360A8DFAF542,A909EBF69D70A7906126F446D38F0B62
SRR14881951,2021-06-22 18:24:28,2021-06-22 17:07:27,15351678,4636206756,15351678,302,2015,,https://sra-downloadb.be-md.ncbi.nlm.nih.gov/sos4/sra-pub-zq-1/SRR014/14881/SRR14881951/SRR14881951.lite.1,SRX11198925,UMB19_06,WGS,PCR,METAGENOMIC,PAIRED,0,0,ILLUMINA,HiSeq X Ten,SRP117119,PRJNA400628,,400628,SRS2500106,SAMN07583988,simple,408170,human gut metagenome,UMB19_06,,,,,,,no,,,,,BROAD INSTITUTE,SRA1247531,,public,F92F46C83F73DE622EB5A1F11764F41A,C550881D3C69D8C4F0E68E46DD15E4A0
SRR14881950,2021-06-22 17:22:09,2021-06-22 17:11:25,22428930,6773536860,22428930,302,2703,,https://sra-downloadb.be-md.ncbi.nlm.nih.gov/sos4/sra-pub-zq-1/SRR014/14881/SRR14881950/SRR14881950.lite.1,SRX11198926,UMB19_07,WGS,PCR,METAGENOMIC,PAIRED,0,0,ILLUMINA,HiSeq X Ten,SRP117119,PRJNA400628,,400628,SRS2500070,SAMN07583989,simple,408170,human gut metagenome,UMB19_07,,,,,,,no,,,,,BROAD INSTITUTE,SRA1247531,,public,B53DBACAEF65657BA7808C7DF3038224,9F0716969EA89BC16BF8C287FF2CC19B
SRR14881949,2021-06-22 17:22:09,2021-06-22 17:06:53,14419725,4354756950,14419725,302,1906,,https://sra-downloadb.be-md.ncbi.nlm.nih.gov/sos4/sra-pub-zq-1/SRR014/14881/SRR14881949/SRR14881949.lite.1,SRX11198927,UMB19_08,WGS,PCR,METAGENOMIC,PAIRED,0,0,ILLUMINA,HiSeq X Ten,SRP117119,PRJNA400628,,400628,SRS2500152,SAMN07583990,simple,408170,human gut metagenome,UMB19_08,,,,,,,no,,,,,BROAD INSTITUTE,SRA1247531,,public,2B464E992030E739AF1D676E106F0AFD,70F265C67905877936F68B7D994B7965
SRR14881948,2021-06-22 17:22:09,2021-06-22 17:09:47,15984443,4827301786,15984443,302,1907,,https://sra-downloadb.be-md.ncbi.nlm.nih.gov/sos4/sra-pub-zq-1/SRR014/14881/SRR14881948/SRR14881948.lite.1,SRX11198928,UMB19_09,WGS,PCR,METAGENOMIC,PAIRED,0,0,ILLUMINA,HiSeq X Ten,SRP117119,PRJNA400628,,400628,SRS9254340,SAMN07583991,simple,408170,human gut metagenome,UMB19_09,,,,,,,no,,,,,BROAD INSTITUTE,SRA1247531,,public,3EFEB631F8C745CA03D00FAAE18DEB63,F8D4A98E8696A6271AA537E8093BA5E1
SRR14881947,2021-06-22 18:24:28,2021-06-22 17:15:49,31465932,6356118264,31465932,202,3971,,https://sra-downloadb.be-md.ncbi.nlm.nih.gov/sos4/sra-pub-zq-1/SRR014/14881/SRR14881947/SRR14881947.lite.1,SRX11198929,UMB20_00rot,WGS,PCR,METAGENOMIC,PAIRED,0,0,ILLUMINA,HiSeq X Ten,SRP117119,PRJNA400628,,400628,SRS9254271,SAMN19697401,simple,408170,human gut metagenome,UMB20_00rot,,,,,,,no,,,,,BROAD INSTITUTE,SRA1247531,,public,F1F4695A627C25593A01A3825D41352C,C2E4C760C5EC9AD63BD17D4419B4DA5E
SRR14881956,2021-06-22 18:24:28,2021-06-22 17:09:51,15793910,4769760820,15793910,302,1862,,https://sra-downloadb.be-md.ncbi.nlm.nih.gov/sos4/sra-pub-zq-1/SRR014/14881/SRR14881956/SRR14881956.lite.1,SRX11198920,UMB19_01,WGS,PCR,METAGENOMIC,PAIRED,0,0,ILLUMINA,HiSeq X Ten,SRP117119,PRJNA400628,,400628,SRS2500068,SAMN07583983,simple,408170,human gut metagenome,UMB19_01,,,,,,,no,,,,,BROAD INSTITUTE,SRA1247531,,public,628F143C5F08E6B95E4D30D784638B41,79F9345E820B67C67F94A7C0B365A8CD
SRR14881955,2021-06-22 17:22:09,2021-06-22 17:07:42,11013322,3326023244,11013322,302,1278,,https://sra-downloadb.be-md.ncbi.nlm.nih.gov/sos4/sra-pub-zq-1/SRR014/14881/SRR14881955/SRR14881955.lite.1,SRX11198921,UMB19_02,WGS,PCR,METAGENOMIC,PAIRED,0,0,ILLUMINA,HiSeq X Ten,SRP117119,PRJNA400628,,400628,SRS2500136,SAMN07583984,simple,408170,human gut metagenome,UMB19_02,,,,,,,no,,,,,BROAD INSTITUTE,SRA1247531,,public,E21465BB11B36FAD7E47CCB2BF1A7993,529367028B92A1654F3123E97BC3CF33
SRR14881954,2021-06-22 18:24:28,2021-06-22 17:04:48,6346873,1916755646,6346873,302,874,,https://sra-downloadb.be-md.ncbi.nlm.nih.gov/sos4/sra-pub-zq-1/SRR014/14881/SRR14881954/SRR14881954.lite.1,SRX11198922,UMB19_03,WGS,PCR,METAGENOMIC,PAIRED,0,0,ILLUMINA,HiSeq X Ten,SRP117119,PRJNA400628,,400628,SRS2500049,SAMN07583985,simple,408170,human gut metagenome,UMB19_03,,,,,,,no,,,,,BROAD INSTITUTE,SRA1247531,,public,306DCAFAC01BD1E0F6988E0D683C179F,FC815F0683C60904E73C81F66F4969BA
SRR14881953,2021-06-22 17:22:09,2021-06-22 17:06:57,10366791,3130770882,10366791,302,1348,,https://sra-downloadb.be-md.ncbi.nlm.nih.gov/sos4/sra-pub-zq-1/SRR014/14881/SRR14881953/SRR14881953.lite.1,SRX11198923,UMB19_04,WGS,PCR,METAGENOMIC,PAIRED,0,0,ILLUMINA,HiSeq X Ten,SRP117119,PRJNA400628,,400628,SRS2500128,SAMN07583986,simple,408170,human gut metagenome,UMB19_04,,,,,,,no,,,,,BROAD INSTITUTE,SRA1247531,,public,F05CFE8840151E35F057894792D2A900,C39AC1416C06A40CA0CFBBFB8EC4FBC5
SRR14881952,2021-06-22 18:24:28,2021-06-22 17:09:33,16290754,4919807708,16290754,302,1917,,https://sra-downloadb.be-md.ncbi.nlm.nih.gov/sos4/sra-pub-zq-1/SRR014/14881/SRR14881952/SRR14881952.lite.1,SRX11198924,UMB19_05,WGS,PCR,METAGENOMIC,PAIRED,0,0,ILLUMINA,HiSeq X Ten,SRP117119,PRJNA400628,,400628,SRS2500150,SAMN07583987,simple,408170,human gut metagenome,UMB19_05,,,,,,,no,,,,,BROAD INSTITUTE,SRA1247531,,public,CF20E56E091F3981430F91B89B5D4536,4DA35218D0D9DD72CA1579EB728723A8
SRR14881959,2021-06-22 19:38:02,2021-06-22 18:45:50,1385848,329507896,1385848,237,176,,https://sra-downloadb.be-md.ncbi.nlm.nih.gov/sos4/sra-pub-zq-1/SRR014/14881/SRR14881959/SRR14881959.lite.1,SRX11198917,UMB08_02.1rrt,WGS,PCR,METAGENOMIC,PAIRED,0,0,ILLUMINA,HiSeq X Ten,SRP117119,PRJNA400628,,400628,SRS9254228,SAMN19697367,simple,408170,human gut metagenome,UMB08_02.1rrt,,,,,,,no,,,,,BROAD INSTITUTE,SRA1247531,,public,B7E836DE170236F33701F64A7E357576,2E65815B6813EE93FB254CC816C97962
SRR14881961,2021-06-22 18:24:28,2021-06-22 17:08:49,13851560,4183171120,13851560,302,1569,,https://sra-downloadb.be-md.ncbi.nlm.nih.gov/sos4/sra-pub-zq-1/SRR014/14881/SRR14881961/SRR14881961.lite.1,SRX11198915,UMB18_10.1,WGS,PCR,METAGENOMIC,PAIRED,0,0,ILLUMINA,HiSeq X Ten,SRP117119,PRJNA400628,,400628,SRS9254336,SAMN07583980,simple,408170,human gut metagenome,UMB18_10.1,,,,,,,no,,,,,BROAD INSTITUTE,SRA1247531,,public,9E032BED8BF53380781966F99CC4CD30,07739062E60411DBB63F4CDCAC2A964F
SRR14881960,2021-06-22 18:24:28,2021-06-22 17:08:24,14945355,4513497210,14945355,302,1742,,https://sra-downloadb.be-md.ncbi.nlm.nih.gov/sos4/sra-pub-zq-1/SRR014/14881/SRR14881960/SRR14881960.lite.1,SRX11198916,UMB18_10.2,WGS,PCR,METAGENOMIC,PAIRED,0,0,ILLUMINA,HiSeq X Ten,SRP117119,PRJNA400628,,400628,SRS9254339,SAMN07583981,simple,408170,human gut metagenome,UMB18_10.2,,,,,,,no,,,,,BROAD INSTITUTE,SRA1247531,,public,6F15E11A563A1D16BF399DD988A31B64,FE4D85C22F03A6AFA141303C20593E3D
SRR14881957,2021-06-22 18:24:28,2021-06-22 17:09:51,18043435,5449117370,18043435,302,2058,,https://sra-downloadb.be-md.ncbi.nlm.nih.gov/sos4/sra-pub-zq-1/SRR014/14881/SRR14881957/SRR14881957.lite.1,SRX11198919,UMB18_12,WGS,PCR,METAGENOMIC,PAIRED,0,0,ILLUMINA,HiSeq X Ten,SRP117119,PRJNA400628,,400628,SRS9254338,SAMN07583982,simple,408170,human gut metagenome,UMB18_12,,,,,,,no,,,,,BROAD INSTITUTE,SRA1247531,,public,FD02D853BE5529F1F8F4E2F8675C9CEF,20805058F88823F775043C06D67B5858
SRR14881958,2021-06-22 17:22:08,2021-06-22 17:11:44,25071332,5064409064,25071332,202,3177,,https://sra-downloadb.be-md.ncbi.nlm.nih.gov/sos4/sra-pub-zq-1/SRR014/14881/SRR14881958/SRR14881958.lite.1,SRX11198918,UMB20_00.1rot,WGS,PCR,METAGENOMIC,PAIRED,0,0,ILLUMINA,HiSeq X Ten,SRP117119,PRJNA400628,,400628,SRS9254267,SAMN19697400,simple,408170,human gut metagenome,UMB20_00.1rot,,,,,,,no,,,,,BROAD INSTITUTE,SRA1247531,,public,BD2BDCF4674ABA862A9E86DBD5307E80,8F20E001416C167C4F1944C975B2D2CB
SRR14881966,2021-06-22 17:22:08,2021-06-22 17:10:31,17876270,5398633540,17876270,302,2055,,https://sra-downloadb.be-md.ncbi.nlm.nih.gov/sos4/sra-pub-zq-1/SRR014/14881/SRR14881966/SRR14881966.lite.1,SRX11198910,UMB18_06,WGS,PCR,METAGENOMIC,PAIRED,0,0,ILLUMINA,HiSeq X Ten,SRP117119,PRJNA400628,,400628,SRS2500054,SAMN07583974,simple,408170,human gut metagenome,UMB18_06,,,,,,,no,,,,,BROAD INSTITUTE,SRA1247531,,public,E26E25ACF7213D99790ED677C5A1440A,9749FFD6AD5B1BC46D10440CFF5F0595
SRR14881965,2021-06-22 17:22:08,2021-06-22 17:10:29,23937459,7229112618,23937459,302,2767,,https://sra-downloadb.be-md.ncbi.nlm.nih.gov/sos4/sra-pub-zq-1/SRR014/14881/SRR14881965/SRR14881965.lite.1,SRX11198911,UMB18_08,WGS,PCR,METAGENOMIC,PAIRED,0,0,ILLUMINA,HiSeq X Ten,SRP117119,PRJNA400628,,400628,SRS2500089,SAMN07583976,simple,408170,human gut metagenome,UMB18_08,,,,,,,no,,,,,BROAD INSTITUTE,SRA1247531,,public,52997D8653D1CD340E077516ED1A6689,69C962EED00F4AD490C59025B6A8E643
SRR14881964,2021-06-22 17:11:19,2021-06-22 17:09:29,18559274,5604900748,18559274,302,2209,,https://sra-downloadb.be-md.ncbi.nlm.nih.gov/sos4/sra-pub-zq-1/SRR014/14881/SRR14881964/SRR14881964.lite.1,SRX11198912,UMB18_09,WGS,PCR,METAGENOMIC,PAIRED,0,0,ILLUMINA,HiSeq X Ten,SRP117119,PRJNA400628,,400628,SRS9254334,SAMN07583977,simple,408170,human gut metagenome,UMB18_09,,,,,,,no,,,,,BROAD INSTITUTE,SRA1247531,,public,B08C2D35AD83A68C56610AEAF07433A9,5832623EB8B4C07F1B581A3C0721A3FE
SRR14881963,2021-06-22 18:24:28,2021-06-22 17:08:31,15637730,4722594460,15637730,302,1870,,https://sra-downloadb.be-md.ncbi.nlm.nih.gov/sos4/sra-pub-zq-1/SRR014/14881/SRR14881963/SRR14881963.lite.1,SRX11198913,UMB18_09.1,WGS,PCR,METAGENOMIC,PAIRED,0,0,ILLUMINA,HiSeq X Ten,SRP117119,PRJNA400628,,400628,SRS9254335,SAMN07583978,simple,408170,human gut metagenome,UMB18_09.1,,,,,,,no,,,,,BROAD INSTITUTE,SRA1247531,,public,AA71F5288EF94ED0A5A0245938AAA879,B1765F1502719DA01DED2EFF0AA5ED4C
SRR14881962,2021-06-22 18:24:28,2021-06-22 17:13:36,23704921,7158886142,23704921,302,2748,,https://sra-downloadb.be-md.ncbi.nlm.nih.gov/sos4/sra-pub-zq-1/SRR014/14881/SRR14881962/SRR14881962.lite.1,SRX11198914,UMB18_10,WGS,PCR,METAGENOMIC,PAIRED,0,0,ILLUMINA,HiSeq X Ten,SRP117119,PRJNA400628,,400628,SRS9254337,SAMN07583979,simple,408170,human gut metagenome,UMB18_10,,,,,,,no,,,,,BROAD INSTITUTE,SRA1247531,,public,2802BC5EB17CBEE4B31B49198591B0FB,28BA4235F6049BDE29FA8CB2BB35474B
SRR14881968,2021-06-22 17:22:08,2021-06-22 17:09:04,14315527,4323289154,14315527,302,1632,,https://sra-downloadb.be-md.ncbi.nlm.nih.gov/sos4/sra-pub-zq-1/SRR014/14881/SRR14881968/SRR14881968.lite.1,SRX11198908,UMB18_00.1,WGS,PCR,METAGENOMIC,PAIRED,0,0,ILLUMINA,HiSeq X Ten,SRP117119,PRJNA400628,,400628,SRS2500030,SAMN07583966,simple,408170,human gut metagenome,UMB18_00.1,,,,,,,no,,,,,BROAD INSTITUTE,SRA1247531,,public,139503ADA3826598C3BC138E068E623E,7908E401C934FF7C3B5DC3918844EC22
SRR14881967,2021-06-22 18:24:28,2021-06-22 17:08:09,11138442,3363809484,11138442,302,1300,,https://sra-downloadb.be-md.ncbi.nlm.nih.gov/sos4/sra-pub-zq-1/SRR014/14881/SRR14881967/SRR14881967.lite.1,SRX11198909,UMB18_04,WGS,PCR,METAGENOMIC,PAIRED,0,0,ILLUMINA,HiSeq X Ten,SRP117119,PRJNA400628,,400628,SRS2500071,SAMN07583972,simple,408170,human gut metagenome,UMB18_04,,,,,,,no,,,,,BROAD INSTITUTE,SRA1247531,,public,6C40FFF7DCD63BED66ED38B99AD38375,28EE597169DB648019CEAFE4FC8413FF
SRR14881971,2021-06-22 18:24:28,2021-06-22 17:08:22,14028502,4236607604,14028502,302,1685,,https://sra-downloadb.be-md.ncbi.nlm.nih.gov/sos4/sra-pub-zq-1/SRR014/14881/SRR14881971/SRR14881971.lite.1,SRX11198905,UMB17_11,WGS,PCR,METAGENOMIC,PAIRED,0,0,ILLUMINA,HiSeq X Ten,SRP117119,PRJNA400628,,400628,SRS2500094,SAMN07583963,simple,408170,human gut metagenome,UMB17_11,,,,,,,no,,,,,BROAD INSTITUTE,SRA1247531,,public,030A6D9539801862F03F1572F05BE018,EE975CC969E843AA0ADB1FBC468AC5DE
SRR14881970,2021-06-22 18:24:28,2021-06-22 17:05:17,5626214,1136495228,5626214,202,618,,https://sra-downloadb.be-md.ncbi.nlm.nih.gov/sos4/sra-pub-zq-1/SRR014/14881/SRR14881970/SRR14881970.lite.1,SRX11198906,UMB20_00.1rop,WGS,PCR,METAGENOMIC,PAIRED,0,0,ILLUMINA,HiSeq X Ten,SRP117119,PRJNA400628,,400628,SRS9254268,SAMN07736335,simple,408170,human gut metagenome,UMB20_00.1rop,,,,,,,no,,,,,BROAD INSTITUTE,SRA1247531,,public,7867347491D8C607504F0FAED60209A7,C2E4A9EB246BDB3DFCAD814A1852E811
SRR14881969,2021-06-22 18:24:28,2021-06-22 17:07:48,10781507,3256015114,10781507,302,1398,,https://sra-downloadb.be-md.ncbi.nlm.nih.gov/sos4/sra-pub-zq-1/SRR014/14881/SRR14881969/SRR14881969.lite.1,SRX11198907,UMB17_12,WGS,PCR,METAGENOMIC,PAIRED,0,0,ILLUMINA,HiSeq X Ten,SRP117119,PRJNA400628,,400628,SRS9254333,SAMN07583964,simple,408170,human gut metagenome,UMB17_12,,,,,,,no,,,,,BROAD INSTITUTE,SRA1247531,,public,B2410C46DD35271E2FB34497A6B193D9,A5527467A122D7B9CAC2E3302D607640
SRR14881974,2021-06-22 18:24:28,2021-06-22 17:08:16,11605095,3504738690,11605095,302,1373,,https://sra-downloadb.be-md.ncbi.nlm.nih.gov/sos4/sra-pub-zq-1/SRR014/14881/SRR14881974/SRR14881974.lite.1,SRX11198902,UMB17_08,WGS,PCR,METAGENOMIC,PAIRED,0,0,ILLUMINA,HiSeq X Ten,SRP117119,PRJNA400628,,400628,SRS2500038,SAMN07583960,simple,408170,human gut metagenome,UMB17_08,,,,,,,no,,,,,BROAD INSTITUTE,SRA1247531,,public,4D87136B06CC8DBA0C54FEEECDD3FB95,C8AB087164E241A51E77093A9169C0FD
SRR14881973,2021-06-22 17:22:08,2021-06-22 17:07:25,10068982,3040832564,10068982,302,1206,,https://sra-downloadb.be-md.ncbi.nlm.nih.gov/sos4/sra-pub-zq-1/SRR014/14881/SRR14881973/SRR14881973.lite.1,SRX11198903,UMB17_09,WGS,PCR,METAGENOMIC,PAIRED,0,0,ILLUMINA,HiSeq X Ten,SRP117119,PRJNA400628,,400628,SRS2500074,SAMN07583961,simple,408170,human gut metagenome,UMB17_09,,,,,,,no,,,,,BROAD INSTITUTE,SRA1247531,,public,D0FD9F9C1B0DAD684B1E13535F5CDFB3,50D17F5B7AD994EA94A4C668FE07604C
SRR14881976,2021-06-22 17:22:08,2021-06-22 17:10:44,21909999,6616819698,21909999,302,2521,,https://sra-downloadb.be-md.ncbi.nlm.nih.gov/sos4/sra-pub-zq-1/SRR014/14881/SRR14881976/SRR14881976.lite.1,SRX11198900,UMB17_06,WGS,PCR,METAGENOMIC,PAIRED,0,0,ILLUMINA,HiSeq X Ten,SRP117119,PRJNA400628,,400628,SRS2500090,SAMN07583958,simple,408170,human gut metagenome,UMB17_06,,,,,,,no,,,,,BROAD INSTITUTE,SRA1247531,,public,6C7D188B80CBC51DB91B1832245CD630,F07809FF36605C40208F16211EF8661C
SRR14881975,2021-06-22 18:24:28,2021-06-22 17:07:20,12447794,3759233788,12447794,302,1521,,https://sra-downloadb.be-md.ncbi.nlm.nih.gov/sos4/sra-pub-zq-1/SRR014/14881/SRR14881975/SRR14881975.lite.1,SRX11198901,UMB17_07,WGS,PCR,METAGENOMIC,PAIRED,0,0,ILLUMINA,HiSeq X Ten,SRP117119,PRJNA400628,,400628,SRS2500098,SAMN07583959,simple,408170,human gut metagenome,UMB17_07,,,,,,,no,,,,,BROAD INSTITUTE,SRA1247531,,public,86B605577102BD702A17DF02579C13A9,B9CFB5A27A51DC0123632662AC7214D9
SRR14881972,2021-06-22 17:11:44,2021-06-22 17:09:59,15269618,4611424636,15269618,302,2000,,https://sra-downloadb.be-md.ncbi.nlm.nih.gov/sos4/sra-pub-zq-1/SRR014/14881/SRR14881972/SRR14881972.lite.1,SRX11198904,UMB17_10,WGS,PCR,METAGENOMIC,PAIRED,0,0,ILLUMINA,HiSeq X Ten,SRP117119,PRJNA400628,,400628,SRS2500102,SAMN07583962,simple,408170,human gut metagenome,UMB17_10,,,,,,,no,,,,,BROAD INSTITUTE,SRA1247531,,public,329FAC9B938769B6C7395B844BCF035B,796C9194E29EE54C5396EF19E3FEF04B
SRR14881980,2021-06-22 18:24:28,2021-06-22 17:08:51,12428875,3753520250,12428875,302,1446,,https://sra-downloadb.be-md.ncbi.nlm.nih.gov/sos4/sra-pub-zq-1/SRR014/14881/SRR14881980/SRR14881980.lite.1,SRX11198896,UMB17_02,WGS,PCR,METAGENOMIC,PAIRED,0,0,ILLUMINA,HiSeq X Ten,SRP117119,PRJNA400628,,400628,SRS2500063,SAMN07583954,simple,408170,human gut metagenome,UMB17_02,,,,,,,no,,,,,BROAD INSTITUTE,SRA1247531,,public,43BD4349E16456D3580F2DED1871E5EB,AD5628D01164D86B18516D0D65A44C03
SRR14881979,2021-06-22 17:22:08,2021-06-22 17:11:23,19685205,5944931910,19685205,302,2357,,https://sra-downloadb.be-md.ncbi.nlm.nih.gov/sos4/sra-pub-zq-1/SRR014/14881/SRR14881979/SRR14881979.lite.1,SRX11198897,UMB17_03,WGS,PCR,METAGENOMIC,PAIRED,0,0,ILLUMINA,HiSeq X Ten,SRP117119,PRJNA400628,,400628,SRS2500072,SAMN07583955,simple,408170,human gut metagenome,UMB17_03,,,,,,,no,,,,,BROAD INSTITUTE,SRA1247531,,public,79A44040B643D976E7DCC84840212BC6,C22327E637697B63CCC950AF68177B7B
SRR14881978,2021-06-22 17:22:08,2021-06-22 17:07:35,9992748,3017809896,9992748,302,1166,,https://sra-downloadb.be-md.ncbi.nlm.nih.gov/sos4/sra-pub-zq-1/SRR014/14881/SRR14881978/SRR14881978.lite.1,SRX11198898,UMB17_04,WGS,PCR,METAGENOMIC,PAIRED,0,0,ILLUMINA,HiSeq X Ten,SRP117119,PRJNA400628,,400628,SRS2500097,SAMN07583956,simple,408170,human gut metagenome,UMB17_04,,,,,,,no,,,,,BROAD INSTITUTE,SRA1247531,,public,27056138AF53989FE8889866ED86B089,A278137E201E10625C00E4182335E467
SRR14881977,2021-06-22 18:24:28,2021-06-22 17:07:57,10654037,3217519174,10654037,302,1305,,https://sra-downloadb.be-md.ncbi.nlm.nih.gov/sos4/sra-pub-zq-1/SRR014/14881/SRR14881977/SRR14881977.lite.1,SRX11198899,UMB17_05,WGS,PCR,METAGENOMIC,PAIRED,0,0,ILLUMINA,HiSeq X Ten,SRP117119,PRJNA400628,,400628,SRS2500031,SAMN07583957,simple,408170,human gut metagenome,UMB17_05,,,,,,,no,,,,,BROAD INSTITUTE,SRA1247531,,public,6A8084F54A5DF28519ACA70EFEE8209C,0DB4BB1B0E1C5990515B055B638D09EA
SRR14881981,2021-06-22 19:38:02,2021-06-22 19:25:38,7040125,1435614650,7040125,203,899,,https://sra-downloadb.be-md.ncbi.nlm.nih.gov/sos4/sra-pub-zq-1/SRR014/14881/SRR14881981/SRR14881981.lite.1,SRX11198895,UMB19_00rrt,WGS,PCR,METAGENOMIC,PAIRED,0,0,ILLUMINA,HiSeq X Ten,SRP117119,PRJNA400628,,400628,SRS9254265,SAMN19697398,simple,408170,human gut metagenome,UMB19_00rrt,,,,,,,no,,,,,BROAD INSTITUTE,SRA1247531,,public,F68C86D6E79A265512D01902C67BFEE1,52127A0906A0E0A6F2440FBD74AC4027
SRR14881984,2021-06-22 17:22:08,2021-06-22 17:09:14,12663231,3824295762,12663231,302,1660,,https://sra-downloadb.be-md.ncbi.nlm.nih.gov/sos4/sra-pub-zq-1/SRR014/14881/SRR14881984/SRR14881984.lite.1,SRX11198892,UMB16_03,WGS,PCR,METAGENOMIC,PAIRED,0,0,ILLUMINA,HiSeq X Ten,SRP117119,PRJNA400628,,400628,SRS2500042,SAMN07583951,simple,408170,human gut metagenome,UMB16_03,,,,,,,no,,,,,BROAD INSTITUTE,SRA1247531,,public,F77C9E697594E07C2B230D0B337EFFB1,4AAA27A0537568FC7D76098A4DE2082F
SRR14881985,2021-06-22 17:11:19,2021-06-22 17:10:15,11645495,3516939490,11645495,302,1529,,https://sra-downloadb.be-md.ncbi.nlm.nih.gov/sos4/sra-pub-zq-1/SRR014/14881/SRR14881985/SRR14881985.lite.1,SRX11198891,UMB16_01,WGS,PCR,METAGENOMIC,PAIRED,0,0,ILLUMINA,HiSeq X Ten,SRP117119,PRJNA400628,,400628,SRS2500048,SAMN07583950,simple,408170,human gut metagenome,UMB16_01,,,,,,,no,,,,,BROAD INSTITUTE,SRA1247531,,public,2F3B67769935661ACE81EA721F8AD234,C1F391CD936F550D6021A67E688E21E6
SRR14881983,2021-06-22 17:22:08,2021-06-22 17:10:29,12884002,3890968604,12884002,302,1744,,https://sra-downloadb.be-md.ncbi.nlm.nih.gov/sos4/sra-pub-zq-1/SRR014/14881/SRR14881983/SRR14881983.lite.1,SRX11198893,UMB16_06,WGS,PCR,METAGENOMIC,PAIRED,0,0,ILLUMINA,HiSeq X Ten,SRP117119,PRJNA400628,,400628,SRS2500067,SAMN07583952,simple,408170,human gut metagenome,UMB16_06,,,,,,,no,,,,,BROAD INSTITUTE,SRA1247531,,public,8D44F3AEC6AA13C3BFE74297D682ABAE,897F4FEA03FB305F22A732E476881E79
SRR14881982,2021-06-22 18:24:28,2021-06-22 17:12:49,16945469,5117531638,16945469,302,2040,,https://sra-downloadb.be-md.ncbi.nlm.nih.gov/sos4/sra-pub-zq-1/SRR014/14881/SRR14881982/SRR14881982.lite.1,SRX11198894,UMB17_01,WGS,PCR,METAGENOMIC,PAIRED,0,0,ILLUMINA,HiSeq X Ten,SRP117119,PRJNA400628,,400628,SRS2500069,SAMN07583953,simple,408170,human gut metagenome,UMB17_01,,,,,,,no,,,,,BROAD INSTITUTE,SRA1247531,,public,E8CCA54AE77CA02AA40B9ECC60418017,369C191B0052BB8EAEF7D31F4192EDD5
SRR14881986,2021-06-22 17:22:08,2021-06-22 17:11:52,20361061,6149040422,20361061,302,2456,,https://sra-downloadb.be-md.ncbi.nlm.nih.gov/sos4/sra-pub-zq-1/SRR014/14881/SRR14881986/SRR14881986.lite.1,SRX11198890,UMB15_12,WGS,PCR,METAGENOMIC,PAIRED,0,0,ILLUMINA,HiSeq X Ten,SRP117119,PRJNA400628,,400628,SRS9254155,SAMN07583949,simple,408170,human gut metagenome,UMB15_12,,,,,,,no,,,,,BROAD INSTITUTE,SRA1247531,,public,6AB5A1765920FE6460DAA558C805BB45,355709E37166AEB4CCDDEC9068F08DEB
SRR14881991,2021-06-22 17:22:08,2021-06-22 17:11:43,13424085,4054073670,13424085,302,1749,,https://sra-downloadb.be-md.ncbi.nlm.nih.gov/sos4/sra-pub-zq-1/SRR014/14881/SRR14881991/SRR14881991.lite.1,SRX11198885,UMB14_01,WGS,PCR,METAGENOMIC,PAIRED,0,0,ILLUMINA,HiSeq X Ten,SRP117119,PRJNA400628,,400628,SRS2500044,SAMN07583935,simple,408170,human gut metagenome,UMB14_01,,,,,,,no,,,,,BROAD INSTITUTE,SRA1247531,,public,BAC58D6528F47B95064102DF29DE2C96,A775EE77BF0D2B588706B8655CB2CA7C
SRR14881990,2021-06-22 17:22:08,2021-06-22 17:11:51,12088589,3650753878,12088589,302,1601,,https://sra-downloadb.be-md.ncbi.nlm.nih.gov/sos4/sra-pub-zq-1/SRR014/14881/SRR14881990/SRR14881990.lite.1,SRX11198886,UMB15_04,WGS,PCR,METAGENOMIC,PAIRED,0,0,ILLUMINA,HiSeq X Ten,SRP117119,PRJNA400628,,400628,SRS2500084,SAMN07583941,simple,408170,human gut metagenome,UMB15_04,,,,,,,no,,,,,BROAD INSTITUTE,SRA1247531,,public,C15F9AF941861C6E10CC539C5748DEF9,85BED14338152F29A180063B988B7E15
SRR14881989,2021-06-22 17:22:08,2021-06-22 17:09:05,11182682,3377169964,11182682,302,1336,,https://sra-downloadb.be-md.ncbi.nlm.nih.gov/sos4/sra-pub-zq-1/SRR014/14881/SRR14881989/SRR14881989.lite.1,SRX11198887,UMB15_05,WGS,PCR,METAGENOMIC,PAIRED,0,0,ILLUMINA,HiSeq X Ten,SRP117119,PRJNA400628,,400628,SRS2500082,SAMN07583942,simple,408170,human gut metagenome,UMB15_05,,,,,,,no,,,,,BROAD INSTITUTE,SRA1247531,,public,2438E3B78875F0FF4AFC072CE49CBE11,C57DC53637F783CD7542C32B763D7B6F
SRR14881988,2021-06-22 18:24:28,2021-06-22 17:10:29,14670897,4430610894,14670897,302,1753,,https://sra-downloadb.be-md.ncbi.nlm.nih.gov/sos4/sra-pub-zq-1/SRR014/14881/SRR14881988/SRR14881988.lite.1,SRX11198888,UMB15_09,WGS,PCR,METAGENOMIC,PAIRED,0,0,ILLUMINA,HiSeq X Ten,SRP117119,PRJNA400628,,400628,SRS2500077,SAMN07583946,simple,408170,human gut metagenome,UMB15_09,,,,,,,no,,,,,BROAD INSTITUTE,SRA1247531,,public,65DFB6B997E3A3A1F9FAD29A5FDC5523,45064565D6AE036CDA25CDC851F4087A
SRR14881987,2021-06-22 17:22:08,2021-06-22 17:11:27,13620036,4113250872,13620036,302,1634,,https://sra-downloadb.be-md.ncbi.nlm.nih.gov/sos4/sra-pub-zq-1/SRR014/14881/SRR14881987/SRR14881987.lite.1,SRX11198889,UMB15_10,WGS,PCR,METAGENOMIC,PAIRED,0,0,ILLUMINA,HiSeq X Ten,SRP117119,PRJNA400628,,400628,SRS2500100,SAMN07583947,simple,408170,human gut metagenome,UMB15_10,,,,,,,no,,,,,BROAD INSTITUTE,SRA1247531,,public,52300ED959195795CE3DBA5DBECDF090,797D70C808073482E0ED8B65DACAE930
SRR14881996,2021-06-22 17:22:08,2021-06-22 17:10:34,9745736,2943212272,9745736,302,1169,,https://sra-downloadb.be-md.ncbi.nlm.nih.gov/sos4/sra-pub-zq-1/SRR014/14881/SRR14881996/SRR14881996.lite.1,SRX11198880,UMB13_10,WGS,PCR,METAGENOMIC,PAIRED,0,0,ILLUMINA,HiSeq X Ten,SRP117119,PRJNA400628,,400628,SRS2500035,SAMN07583931,simple,408170,human gut metagenome,UMB13_10,,,,,,,no,,,,,BROAD INSTITUTE,SRA1247531,,public,EA34EC7AB79C970A721E617F69310CEB,73666BA5ED61ED8CD2751CCDED795DC8
SRR14881995,2021-06-22 18:24:28,2021-06-22 17:10:15,9598052,2898611704,9598052,302,1164,,https://sra-downloadb.be-md.ncbi.nlm.nih.gov/sos4/sra-pub-zq-1/SRR014/14881/SRR14881995/SRR14881995.lite.1,SRX11198881,UMB13_11,WGS,PCR,METAGENOMIC,PAIRED,0,0,ILLUMINA,HiSeq X Ten,SRP117119,PRJNA400628,,400628,SRS2500047,SAMN07583932,simple,408170,human gut metagenome,UMB13_11,,,,,,,no,,,,,BROAD INSTITUTE,SRA1247531,,public,19C31DF2193DEA47335F4A82FA72A965,4D101632ACF1897E96774C0AF6E7C60A
SRR14881993,2021-06-22 17:22:08,2021-06-22 17:10:27,13479456,4070795712,13479456,302,1750,,https://sra-downloadb.be-md.ncbi.nlm.nih.gov/sos4/sra-pub-zq-1/SRR014/14881/SRR14881993/SRR14881993.lite.1,SRX11198883,UMB14_00,WGS,PCR,METAGENOMIC,PAIRED,0,0,ILLUMINA,HiSeq X Ten,SRP117119,PRJNA400628,,400628,SRS2500092,SAMN07583934,simple,408170,human gut metagenome,UMB14_00,,,,,,,no,,,,,BROAD INSTITUTE,SRA1247531,,public,DFE6969C4715F81FD6FF2B199D7DE4A0,10B685931FE3B1F535C70A55CDF0059B
SRR14881994,2021-06-22 17:22:08,2021-06-22 17:08:53,5062265,1528804030,5062265,302,671,,https://sra-downloadb.be-md.ncbi.nlm.nih.gov/sos4/sra-pub-zq-1/SRR014/14881/SRR14881994/SRR14881994.lite.1,SRX11198882,UMB13_12,WGS,PCR,METAGENOMIC,PAIRED,0,0,ILLUMINA,HiSeq X Ten,SRP117119,PRJNA400628,,400628,SRS9254154,SAMN07583933,simple,408170,human gut metagenome,UMB13_12,,,,,,,no,,,,,BROAD INSTITUTE,SRA1247531,,public,4FC9AEBDD18D2472810986873847F3EF,AE9D8B142BF4386CC5EAFF3826D91CAF
SRR14881992,2021-06-22 17:22:08,2021-06-22 17:09:17,10956176,2213147552,10956176,202,1379,,https://sra-downloadb.be-md.ncbi.nlm.nih.gov/sos4/sra-pub-zq-1/SRR014/14881/SRR14881992/SRR14881992.lite.1,SRX11198884,UMB19_00rot,WGS,PCR,METAGENOMIC,PAIRED,0,0,ILLUMINA,HiSeq X Ten,SRP117119,PRJNA400628,,400628,SRS9254264,SAMN19697397,simple,408170,human gut metagenome,UMB19_00rot,,,,,,,no,,,,,BROAD INSTITUTE,SRA1247531,,public,F04F2DB52A0654459CE95E71B265DF20,883C3513F3561A15FEDDAE060AEC6F03
SRR14882001,2021-06-22 18:24:28,2021-06-22 17:10:12,6724037,2030659174,6724037,302,814,,https://sra-downloadb.be-md.ncbi.nlm.nih.gov/sos4/sra-pub-zq-1/SRR014/14882/SRR14882001/SRR14882001.lite.1,SRX11198875,UMB13_02,WGS,PCR,METAGENOMIC,PAIRED,0,0,ILLUMINA,HiSeq X Ten,SRP117119,PRJNA400628,,400628,SRS2500079,SAMN07583923,simple,408170,human gut metagenome,UMB13_02,,,,,,,no,,,,,BROAD INSTITUTE,SRA1247531,,public,EB4D1504BE5A9C5744E4FC9479A92C90,581F2A47D4E2100810A8D1635D3A7AE4
SRR14882000,2021-06-22 18:24:28,2021-06-22 17:10:14,6720149,2029484998,6720149,302,806,,https://sra-downloadb.be-md.ncbi.nlm.nih.gov/sos4/sra-pub-zq-1/SRR014/14882/SRR14882000/SRR14882000.lite.1,SRX11198876,UMB13_04,WGS,PCR,METAGENOMIC,PAIRED,0,0,ILLUMINA,HiSeq X Ten,SRP117119,PRJNA400628,,400628,SRS2500033,SAMN07583925,simple,408170,human gut metagenome,UMB13_04,,,,,,,no,,,,,BROAD INSTITUTE,SRA1247531,,public,A90E04C220E9AC7A198FA4E04DE60D59,477CE29C31DF3DC598E218F5CEBA7569
SRR14881999,2021-06-22 17:22:08,2021-06-22 17:11:49,10103271,3051187842,10103271,302,1255,,https://sra-downloadb.be-md.ncbi.nlm.nih.gov/sos4/sra-pub-zq-1/SRR014/14881/SRR14881999/SRR14881999.lite.1,SRX11198877,UMB13_05,WGS,PCR,METAGENOMIC,PAIRED,0,0,ILLUMINA,HiSeq X Ten,SRP117119,PRJNA400628,,400628,SRS2500059,SAMN07583926,simple,408170,human gut metagenome,UMB13_05,,,,,,,no,,,,,BROAD INSTITUTE,SRA1247531,,public,6FE02638863CAD49FBBF58D1AF80EB5F,5B191DA8A15C3BE6ECFFBF3FDCE30983
SRR14881998,2021-06-22 18:24:28,2021-06-22 17:13:46,16441735,4965403970,16441735,302,1985,,https://sra-downloadb.be-md.ncbi.nlm.nih.gov/sos4/sra-pub-zq-1/SRR014/14881/SRR14881998/SRR14881998.lite.1,SRX11198878,UMB13_06,WGS,PCR,METAGENOMIC,PAIRED,0,0,ILLUMINA,HiSeq X Ten,SRP117119,PRJNA400628,,400628,SRS2500043,SAMN07583927,simple,408170,human gut metagenome,UMB13_06,,,,,,,no,,,,,BROAD INSTITUTE,SRA1247531,,public,30A384691AC7899A467AABFDB3B2AED5,C69B6287102B95B3D6C5EC1CC28C617F
SRR14881997,2021-06-22 18:24:28,2021-06-22 17:15:13,16655592,5029988784,16655592,302,2003,,https://sra-downloadb.be-md.ncbi.nlm.nih.gov/sos4/sra-pub-zq-1/SRR014/14881/SRR14881997/SRR14881997.lite.1,SRX11198879,UMB13_08,WGS,PCR,METAGENOMIC,PAIRED,0,0,ILLUMINA,HiSeq X Ten,SRP117119,PRJNA400628,,400628,SRS2500101,SAMN07583929,simple,408170,human gut metagenome,UMB13_08,,,,,,,no,,,,,BROAD INSTITUTE,SRA1247531,,public,41952E7656FBF6E7A85370446204AAC7,5128C093D698B4A1F83658A48637D73E
SRR14882006,2021-06-22 17:22:08,2021-06-22 17:11:22,7342508,2217437416,7342508,302,943,,https://sra-downloadb.be-md.ncbi.nlm.nih.gov/sos4/sra-pub-zq-1/SRR014/14882/SRR14882006/SRR14882006.lite.1,SRX11198870,UMB12_09,WGS,PCR,METAGENOMIC,PAIRED,0,0,ILLUMINA,HiSeq X Ten,SRP117119,PRJNA400628,,400628,SRS9254151,SAMN07583917,simple,408170,human gut metagenome,UMB12_09,,,,,,,no,,,,,BROAD INSTITUTE,SRA1247531,,public,E412198F584CC375B6952A20E901A081,39B195FFDD969DA9051993EDB6FD46F6
SRR14882005,2021-06-22 18:24:28,2021-06-22 17:14:18,14102858,4259063116,14102858,302,1855,,https://sra-downloadb.be-md.ncbi.nlm.nih.gov/sos4/sra-pub-zq-1/SRR014/14882/SRR14882005/SRR14882005.lite.1,SRX11198871,UMB12_10,WGS,PCR,METAGENOMIC,PAIRED,0,0,ILLUMINA,HiSeq X Ten,SRP117119,PRJNA400628,,400628,SRS9254152,SAMN07583918,simple,408170,human gut metagenome,UMB12_10,,,,,,,no,,,,,BROAD INSTITUTE,SRA1247531,,public,A8CBAA06A385F015D9F368F10C83E35E,BFB7369A18E180F650A13994F86F2D30
SRR14882004,2021-06-22 17:22:08,2021-06-22 17:12:21,10401978,3141397356,10401978,302,1365,,https://sra-downloadb.be-md.ncbi.nlm.nih.gov/sos4/sra-pub-zq-1/SRR014/14882/SRR14882004/SRR14882004.lite.1,SRX11198872,UMB12_12,WGS,PCR,METAGENOMIC,PAIRED,0,0,ILLUMINA,HiSeq X Ten,SRP117119,PRJNA400628,,400628,SRS9254153,SAMN07583920,simple,408170,human gut metagenome,UMB12_12,,,,,,,no,,,,,BROAD INSTITUTE,SRA1247531,,public,AA4CC62421F02C1AA6AF3E9F5BEE174B,BA88B123A0820C05F570581034EFA687
SRR14882002,2021-06-22 18:24:28,2021-06-22 17:12:41,10232032,3090073664,10232032,302,1248,,https://sra-downloadb.be-md.ncbi.nlm.nih.gov/sos4/sra-pub-zq-1/SRR014/14882/SRR14882002/SRR14882002.lite.1,SRX11198874,UMB13_00,WGS,PCR,METAGENOMIC,PAIRED,0,0,ILLUMINA,HiSeq X Ten,SRP117119,PRJNA400628,,400628,SRS2500060,SAMN07583921,simple,408170,human gut metagenome,UMB13_00,,,,,,,no,,,,,BROAD INSTITUTE,SRA1247531,,public,D92B2A3ED0041BA7811249E61DF39000,D9EB8C41D59AC3839640B1E058E93EBE
SRR14882003,2021-06-22 18:24:28,2021-06-22 17:10:00,5678375,1147031750,5678375,202,612,,https://sra-downloadb.be-md.ncbi.nlm.nih.gov/sos4/sra-pub-zq-1/SRR014/14882/SRR14882003/SRR14882003.lite.1,SRX11198873,UMB18_09.1rop,WGS,PCR,METAGENOMIC,PAIRED,0,0,ILLUMINA,HiSeq X Ten,SRP117119,PRJNA400628,,400628,SRS9254261,SAMN07736334,simple,408170,human gut metagenome,UMB18_09.1rop,,,,,,,no,,,,,BROAD INSTITUTE,SRA1247531,,public,F8C652E2C84E7EDDC9D474B9EB3F59F1,CDD94937ED39367D24F49179059B598A
SRR14882010,2021-06-22 18:24:28,2021-06-22 17:13:46,12551046,3790415892,12551046,302,1569,,https://sra-downloadb.be-md.ncbi.nlm.nih.gov/sos4/sra-pub-zq-1/SRR014/14882/SRR14882010/SRR14882010.lite.1,SRX11198866,UMB07_10,WGS,PCR,METAGENOMIC,PAIRED,0,0,ILLUMINA,HiSeq X Ten,SRP117119,PRJNA400628,,400628,SRS2499996,SAMN07583855,simple,408170,human gut metagenome,UMB07_10,,,,,,,no,,,,,BROAD INSTITUTE,SRA1247531,,public,ABD31348488B0D60AB39538993CA8610,12CEADA33BBB64D3BA7FA732785D24F8
SRR14882011,2021-06-22 17:22:08,2021-06-22 17:12:26,8969181,2708692662,8969181,302,1180,,https://sra-downloadb.be-md.ncbi.nlm.nih.gov/sos4/sra-pub-zq-1/SRR014/14882/SRR14882011/SRR14882011.lite.1,SRX11198865,UMB07_09,WGS,PCR,METAGENOMIC,PAIRED,0,0,ILLUMINA,HiSeq X Ten,SRP117119,PRJNA400628,,400628,SRS2500000,SAMN07583854,simple,408170,human gut metagenome,UMB07_09,,,,,,,no,,,,,BROAD INSTITUTE,SRA1247531,,public,E3FD3D6F14B085762679F05D50421AB4,CE57349CB61A7104BE1D0DCB4751A5EE
SRR14882009,2021-06-22 18:24:28,2021-06-22 17:12:44,9883189,2984723078,9883189,302,1194,,https://sra-downloadb.be-md.ncbi.nlm.nih.gov/sos4/sra-pub-zq-1/SRR014/14882/SRR14882009/SRR14882009.lite.1,SRX11198867,UMB07_11,WGS,PCR,METAGENOMIC,PAIRED,0,0,ILLUMINA,HiSeq X Ten,SRP117119,PRJNA400628,,400628,SRS2500002,SAMN07583856,simple,408170,human gut metagenome,UMB07_11,,,,,,,no,,,,,BROAD INSTITUTE,SRA1247531,,public,5E7F8121D0AB735403FB8659C8E130B0,668D03B1D74E7B320E6C6757766EEF96
SRR14882007,2021-06-22 18:24:28,2021-06-22 17:16:29,19514561,5893397422,19514561,302,2343,,https://sra-downloadb.be-md.ncbi.nlm.nih.gov/sos4/sra-pub-zq-1/SRR014/14882/SRR14882007/SRR14882007.lite.1,SRX11198869,UMB12_06,WGS,PCR,METAGENOMIC,PAIRED,0,0,ILLUMINA,HiSeq X Ten,SRP117119,PRJNA400628,,400628,SRS2500022,SAMN07583914,simple,408170,human gut metagenome,UMB12_06,,,,,,,no,,,,,BROAD INSTITUTE,SRA1247531,,public,1074A5D77FF5C4BB5D0C47CCF051653E,3B980745F0948F3C492471C1F3F0F9ED
SRR14882008,2021-06-22 21:36:52,2021-06-22 21:26:20,23724805,7164891110,23724805,302,2795,,https://sra-downloadb.be-md.ncbi.nlm.nih.gov/sos4/sra-pub-zq-1/SRR014/14882/SRR14882008/SRR14882008.lite.1,SRX11198868,UMB08_01.1,WGS,PCR,METAGENOMIC,PAIRED,0,0,ILLUMINA,HiSeq X Ten,SRP117119,PRJNA400628,,400628,SRS9254330,SAMN07583859,simple,408170,human gut metagenome,UMB08_01.1,,,,,,,no,,,,,BROAD INSTITUTE,SRA1247531,,public,056438CB6DEA0A3A83D85EA75FCAE756,ED6CDDB79F5A9B91B766CC24717F5B98
SRR14882016,2021-06-22 17:22:08,2021-06-22 17:12:20,11027873,3330417646,11027873,302,1398,,https://sra-downloadb.be-md.ncbi.nlm.nih.gov/sos4/sra-pub-zq-1/SRR014/14882/SRR14882016/SRR14882016.lite.1,SRX11198860,UMB07_02,WGS,PCR,METAGENOMIC,PAIRED,0,0,ILLUMINA,HiSeq X Ten,SRP117119,PRJNA400628,,400628,SRS2499991,SAMN07583847,simple,408170,human gut metagenome,UMB07_02,,,,,,,no,,,,,BROAD INSTITUTE,SRA1247531,,public,4F305826B2B4444E1D29A2F815017D27,25DB5A80BC59894C21A8E900D2688D47
SRR14882014,2021-06-22 18:24:27,2021-06-22 17:16:08,14896595,4498771690,14896595,302,1948,,https://sra-downloadb.be-md.ncbi.nlm.nih.gov/sos4/sra-pub-zq-1/SRR014/14882/SRR14882014/SRR14882014.lite.1,SRX11198862,UMB07_04,WGS,PCR,METAGENOMIC,PAIRED,0,0,ILLUMINA,HiSeq X Ten,SRP117119,PRJNA400628,,400628,SRS2499993,SAMN07583849,simple,408170,human gut metagenome,UMB07_04,,,,,,,no,,,,,BROAD INSTITUTE,SRA1247531,,public,0405023861017462A7A04BF4763D96F5,8C544D6CB9FC9D3BDE136100681080D9
SRR14882013,2021-06-22 18:24:28,2021-06-22 17:12:41,9005744,2719734688,9005744,302,1178,,https://sra-downloadb.be-md.ncbi.nlm.nih.gov/sos4/sra-pub-zq-1/SRR014/14882/SRR14882013/SRR14882013.lite.1,SRX11198863,UMB07_06,WGS,PCR,METAGENOMIC,PAIRED,0,0,ILLUMINA,HiSeq X Ten,SRP117119,PRJNA400628,,400628,SRS2500003,SAMN07583851,simple,408170,human gut metagenome,UMB07_06,,,,,,,no,,,,,BROAD INSTITUTE,SRA1247531,,public,F3A8A94B37A985612FC17FD3ED6C587F,2AA894DE056CD0680F7BA0E558493C57
SRR14882012,2021-06-22 18:24:28,2021-06-22 17:15:42,15711644,4744916488,15711644,302,1914,,https://sra-downloadb.be-md.ncbi.nlm.nih.gov/sos4/sra-pub-zq-1/SRR014/14882/SRR14882012/SRR14882012.lite.1,SRX11198864,UMB07_08,WGS,PCR,METAGENOMIC,PAIRED,0,0,ILLUMINA,HiSeq X Ten,SRP117119,PRJNA400628,,400628,SRS2499994,SAMN07583853,simple,408170,human gut metagenome,UMB07_08,,,,,,,no,,,,,BROAD INSTITUTE,SRA1247531,,public,BA601AB9DD69705471DC14DA2B1DBA89,71EAD4D5C6DADDFF8313FAD1DD407585
SRR14882015,2021-06-22 18:24:27,2021-06-22 17:12:21,11475641,2318079482,11475641,202,1441,,https://sra-downloadb.be-md.ncbi.nlm.nih.gov/sos4/sra-pub-zq-1/SRR014/14882/SRR14882015/SRR14882015.lite.1,SRX11198861,UMB18_00rot,WGS,PCR,METAGENOMIC,PAIRED,0,0,ILLUMINA,HiSeq X Ten,SRP117119,PRJNA400628,,400628,SRS9254254,SAMN19697393,simple,408170,human gut metagenome,UMB18_00rot,,,,,,,no,,,,,BROAD INSTITUTE,SRA1247531,,public,BB813BB4894A372CBE00919F05C2D920,FD58F9B19CE061F18291341F170F629F
SRR14882020,2021-06-22 18:24:27,2021-06-22 17:12:46,9645686,2912997172,9645686,302,1183,,https://sra-downloadb.be-md.ncbi.nlm.nih.gov/sos4/sra-pub-zq-1/SRR014/14882/SRR14882020/SRR14882020.lite.1,SRX11198856,UMB06_09,WGS,PCR,METAGENOMIC,PAIRED,0,0,ILLUMINA,HiSeq X Ten,SRP117119,PRJNA400628,,400628,SRS2499971,SAMN07583841,simple,408170,human gut metagenome,UMB06_09,,,,,,,no,,,,,BROAD INSTITUTE,SRA1247531,,public,E9DCFDB64B351A0EDBDD27CC8AC85E38,5E1AD40E4588E0CA000A269DF2050434
SRR14882019,2021-06-22 17:22:08,2021-06-22 17:11:44,6942056,2096500912,6942056,302,841,,https://sra-downloadb.be-md.ncbi.nlm.nih.gov/sos4/sra-pub-zq-1/SRR014/14882/SRR14882019/SRR14882019.lite.1,SRX11198857,UMB06_11,WGS,PCR,METAGENOMIC,PAIRED,0,0,ILLUMINA,HiSeq X Ten,SRP117119,PRJNA400628,,400628,SRS2499974,SAMN07583843,simple,408170,human gut metagenome,UMB06_11,,,,,,,no,,,,,BROAD INSTITUTE,SRA1247531,,public,DDA9D67D53BB25B09A8F5FABC642B532,4FF0A6D8E262E243FDFC17A87A6D1E4F
SRR14882021,2021-06-22 17:22:08,2021-06-22 17:12:22,9729334,2938258868,9729334,302,1187,,https://sra-downloadb.be-md.ncbi.nlm.nih.gov/sos4/sra-pub-zq-1/SRR014/14882/SRR14882021/SRR14882021.lite.1,SRX11198855,UMB06_08,WGS,PCR,METAGENOMIC,PAIRED,0,0,ILLUMINA,HiSeq X Ten,SRP117119,PRJNA400628,,400628,SRS2499975,SAMN07583840,simple,408170,human gut metagenome,UMB06_08,,,,,,,no,,,,,BROAD INSTITUTE,SRA1247531,,public,779677C194F8885CEDA3DAEA771BFC3A,AB50C6A7425CFD0807C2EC96B3A7F02A
SRR14882018,2021-06-22 18:24:27,2021-06-22 17:16:00,15019505,4535890510,15019505,302,1967,,https://sra-downloadb.be-md.ncbi.nlm.nih.gov/sos4/sra-pub-zq-1/SRR014/14882/SRR14882018/SRR14882018.lite.1,SRX11198858,UMB07_00,WGS,PCR,METAGENOMIC,PAIRED,0,0,ILLUMINA,HiSeq X Ten,SRP117119,PRJNA400628,,400628,SRS2499979,SAMN07583845,simple,408170,human gut metagenome,UMB07_00,,,,,,,no,,,,,BROAD INSTITUTE,SRA1247531,,public,2B3FD43FB2EF647FADB25A9FFE15533A,D9977CCEDDF96192FD53766B87E6E9D3
SRR14882017,2021-06-22 18:24:27,2021-06-22 17:17:36,19079489,5762005678,19079489,302,2300,,https://sra-downloadb.be-md.ncbi.nlm.nih.gov/sos4/sra-pub-zq-1/SRR014/14882/SRR14882017/SRR14882017.lite.1,SRX11198859,UMB07_01,WGS,PCR,METAGENOMIC,PAIRED,0,0,ILLUMINA,HiSeq X Ten,SRP117119,PRJNA400628,,400628,SRS2499992,SAMN07583846,simple,408170,human gut metagenome,UMB07_01,,,,,,,no,,,,,BROAD INSTITUTE,SRA1247531,,public,16F7AFCB5C8DC7BA4FAE743D428F2F9D,E03E99019FA648FE4F9DA4D167E39FAD
SRR14882025,2021-06-22 18:24:27,2021-06-22 17:13:11,12876316,3888647432,12876316,302,1540,,https://sra-downloadb.be-md.ncbi.nlm.nih.gov/sos4/sra-pub-zq-1/SRR014/14882/SRR14882025/SRR14882025.lite.1,SRX11198851,UMB06_00,WGS,PCR,METAGENOMIC,PAIRED,0,0,ILLUMINA,HiSeq X Ten,SRP117119,PRJNA400628,,400628,SRS2499955,SAMN07583834,simple,408170,human gut metagenome,UMB06_00,,,,,,,no,,,,,BROAD INSTITUTE,SRA1247531,,public,E98B44C7C377B012B5503EDAC6710691,AECBB378AC9CD1B840DD93A73F8BFA08
SRR14882023,2021-06-22 17:22:08,2021-06-22 17:11:55,6744212,2036752024,6744212,302,881,,https://sra-downloadb.be-md.ncbi.nlm.nih.gov/sos4/sra-pub-zq-1/SRR014/14882/SRR14882023/SRR14882023.lite.1,SRX11198853,UMB06_05,WGS,PCR,METAGENOMIC,PAIRED,0,0,ILLUMINA,HiSeq X Ten,SRP117119,PRJNA400628,,400628,SRS2499969,SAMN07583838,simple,408170,human gut metagenome,UMB06_05,,,,,,,no,,,,,BROAD INSTITUTE,SRA1247531,,public,C244F3242DB279F94F71497A03AC42F5,E7375AA3B2FFA882791A7A614BDEA7B3
SRR14882024,2021-06-22 18:24:27,2021-06-22 17:14:17,14308364,4321125928,14308364,302,1765,,https://sra-downloadb.be-md.ncbi.nlm.nih.gov/sos4/sra-pub-zq-1/SRR014/14882/SRR14882024/SRR14882024.lite.1,SRX11198852,UMB06_02,WGS,PCR,METAGENOMIC,PAIRED,0,0,ILLUMINA,HiSeq X Ten,SRP117119,PRJNA400628,,400628,SRS2499970,SAMN07583836,simple,408170,human gut metagenome,UMB06_02,,,,,,,no,,,,,BROAD INSTITUTE,SRA1247531,,public,4EF3D28923BD108D8E8C73E406968AA2,716F48A734F7AAFCA048C923AFF9C930
SRR14882022,2021-06-22 17:22:08,2021-06-22 17:10:42,5169845,1561293190,5169845,302,678,,https://sra-downloadb.be-md.ncbi.nlm.nih.gov/sos4/sra-pub-zq-1/SRR014/14882/SRR14882022/SRR14882022.lite.1,SRX11198854,UMB06_07,WGS,PCR,METAGENOMIC,PAIRED,0,0,ILLUMINA,HiSeq X Ten,SRP117119,PRJNA400628,,400628,SRS2499977,SAMN07583839,simple,408170,human gut metagenome,UMB06_07,,,,,,,no,,,,,BROAD INSTITUTE,SRA1247531,,public,DCDBA1C29C09200EFF93D7010B55ED01,C635AA744C4F7EF18DB65EB1D0963602
SRR14882026,2021-06-22 18:24:27,2021-06-22 17:10:00,2222383,448921366,2222383,202,287,,https://sra-downloadb.be-md.ncbi.nlm.nih.gov/sos4/sra-pub-zq-1/SRR014/14882/SRR14882026/SRR14882026.lite.1,SRX11198850,UMB16_00rrt,WGS,PCR,METAGENOMIC,PAIRED,0,0,ILLUMINA,HiSeq X Ten,SRP117119,PRJNA400628,,400628,SRS9254251,SAMN19697390,simple,408170,human gut metagenome,UMB16_00rrt,,,,,,,no,,,,,BROAD INSTITUTE,SRA1247531,,public,11D6D2AAD1A8731409DC84C247D793AA,97D9591803ADD494F233FF8214F83497
SRR14882028,2021-06-22 18:24:27,2021-06-22 17:16:27,16015225,4836597950,16015225,302,1898,,https://sra-downloadb.be-md.ncbi.nlm.nih.gov/sos4/sra-pub-zq-1/SRR014/14882/SRR14882028/SRR14882028.lite.1,SRX11198848,UMB05_10.1,WGS,PCR,METAGENOMIC,PAIRED,0,0,ILLUMINA,HiSeq X Ten,SRP117119,PRJNA400628,,400628,SRS2499946,SAMN07583831,simple,408170,human gut metagenome,UMB05_10.1,,,,,,,no,,,,,BROAD INSTITUTE,SRA1247531,,public,4E7647EE59412AC1C8434E00B3BFFF36,2A622021D4090E94D56F92DE78A5979D
SRR14882027,2021-06-22 18:24:27,2021-06-22 17:17:33,18650064,5632319328,18650064,302,2477,,https://sra-downloadb.be-md.ncbi.nlm.nih.gov/sos4/sra-pub-zq-1/SRR014/14882/SRR14882027/SRR14882027.lite.1,SRX11198849,UMB05_12,WGS,PCR,METAGENOMIC,PAIRED,0,0,ILLUMINA,HiSeq X Ten,SRP117119,PRJNA400628,,400628,SRS2499948,SAMN07583833,simple,408170,human gut metagenome,UMB05_12,,,,,,,no,,,,,BROAD INSTITUTE,SRA1247531,,public,1329BE57454F58EE9D9817795398A0FB,9CA736D4441ED53C6F99BD7B1C6B5132
SRR14882031,2021-06-22 18:24:27,2021-06-22 17:18:39,19176060,5791170120,19176060,302,2225,,https://sra-downloadb.be-md.ncbi.nlm.nih.gov/sos4/sra-pub-zq-1/SRR014/14882/SRR14882031/SRR14882031.lite.1,SRX11198845,UMB05_06.1,WGS,PCR,METAGENOMIC,PAIRED,0,0,ILLUMINA,HiSeq X Ten,SRP117119,PRJNA400628,,400628,SRS2499963,SAMN07583824,simple,408170,human gut metagenome,UMB05_06.1,,,,,,,no,,,,,BROAD INSTITUTE,SRA1247531,,public,57A9D67ACDC1CF96787113034309F408,C862A61D8B98B4AB15A08BEBD9E40379
SRR14882030,2021-06-22 18:24:27,2021-06-22 17:16:48,20623142,6228188884,20623142,302,2394,,https://sra-downloadb.be-md.ncbi.nlm.nih.gov/sos4/sra-pub-zq-1/SRR014/14882/SRR14882030/SRR14882030.lite.1,SRX11198846,UMB05_07,WGS,PCR,METAGENOMIC,PAIRED,0,0,ILLUMINA,HiSeq X Ten,SRP117119,PRJNA400628,,400628,SRS2499965,SAMN07583825,simple,408170,human gut metagenome,UMB05_07,,,,,,,no,,,,,BROAD INSTITUTE,SRA1247531,,public,4D388E91B689BE81B632D7FDB16FD305,0958E65B8BBA460DD9DD92FE744EFA60
SRR14882029,2021-06-22 18:24:27,2021-06-22 17:16:48,15545091,4694617482,15545091,302,1840,,https://sra-downloadb.be-md.ncbi.nlm.nih.gov/sos4/sra-pub-zq-1/SRR014/14882/SRR14882029/SRR14882029.lite.1,SRX11198847,UMB05_10,WGS,PCR,METAGENOMIC,PAIRED,0,0,ILLUMINA,HiSeq X Ten,SRP117119,PRJNA400628,,400628,SRS2499966,SAMN07583830,simple,408170,human gut metagenome,UMB05_10,,,,,,,no,,,,,BROAD INSTITUTE,SRA1247531,,public,CE85D549835F6640592BD37F63140E14,84B256F9304DC8D63DE9E220A87BCF75
SRR14882036,2021-06-22 18:24:27,2021-06-22 17:14:47,13742158,4150131716,13742158,302,1816,,https://sra-downloadb.be-md.ncbi.nlm.nih.gov/sos4/sra-pub-zq-1/SRR014/14882/SRR14882036/SRR14882036.lite.1,SRX11198840,UMB05_00,WGS,PCR,METAGENOMIC,PAIRED,0,0,ILLUMINA,HiSeq X Ten,SRP117119,PRJNA400628,,400628,SRS2499950,SAMN07583816,simple,408170,human gut metagenome,UMB05_00,,,,,,,no,,,,,BROAD INSTITUTE,SRA1247531,,public,C71986D169D313A90704C9FD240BE363,3DB5D77F33F60A625B6912FB65D896DB
SRR14882035,2021-06-22 18:24:27,2021-06-22 17:17:36,19033120,5748002240,19033120,302,2303,,https://sra-downloadb.be-md.ncbi.nlm.nih.gov/sos4/sra-pub-zq-1/SRR014/14882/SRR14882035/SRR14882035.lite.1,SRX11198841,UMB05_01,WGS,PCR,METAGENOMIC,PAIRED,0,0,ILLUMINA,HiSeq X Ten,SRP117119,PRJNA400628,,400628,SRS2499957,SAMN07583817,simple,408170,human gut metagenome,UMB05_01,,,,,,,no,,,,,BROAD INSTITUTE,SRA1247531,,public,D8939E37CA162938D706BB37B3CE4086,E3FDDC9DCB5F18F2A96DF1F8D3E14CDA
SRR14882034,2021-06-22 18:24:27,2021-06-22 17:13:51,11947285,3608080070,11947285,302,1442,,https://sra-downloadb.be-md.ncbi.nlm.nih.gov/sos4/sra-pub-zq-1/SRR014/14882/SRR14882034/SRR14882034.lite.1,SRX11198842,UMB05_02,WGS,PCR,METAGENOMIC,PAIRED,0,0,ILLUMINA,HiSeq X Ten,SRP117119,PRJNA400628,,400628,SRS2499951,SAMN07583818,simple,408170,human gut metagenome,UMB05_02,,,,,,,no,,,,,BROAD INSTITUTE,SRA1247531,,public,D9CB01B69771E8A1C2E777983326084E,19087E91D6D50F9047DDDF8F1F7479CB
SRR14882033,2021-06-22 18:24:27,2021-06-22 17:18:27,13445077,4060413254,13445077,302,1646,,https://sra-downloadb.be-md.ncbi.nlm.nih.gov/sos4/sra-pub-zq-1/SRR014/14882/SRR14882033/SRR14882033.lite.1,SRX11198843,UMB05_03,WGS,PCR,METAGENOMIC,PAIRED,0,0,ILLUMINA,HiSeq X Ten,SRP117119,PRJNA400628,,400628,SRS2499944,SAMN07583819,simple,408170,human gut metagenome,UMB05_03,,,,,,,no,,,,,BROAD INSTITUTE,SRA1247531,,public,C918E29B5CB1E1343436188B97825DF7,B39B06E4BB6C7B5F21A9B635F0E1F04E
SRR14882032,2021-06-22 18:24:27,2021-06-22 17:17:11,15625669,4718952038,15625669,302,1853,,https://sra-downloadb.be-md.ncbi.nlm.nih.gov/sos4/sra-pub-zq-1/SRR014/14882/SRR14882032/SRR14882032.lite.1,SRX11198844,UMB05_04,WGS,PCR,METAGENOMIC,PAIRED,0,0,ILLUMINA,HiSeq X Ten,SRP117119,PRJNA400628,,400628,SRS2499962,SAMN07583820,simple,408170,human gut metagenome,UMB05_04,,,,,,,no,,,,,BROAD INSTITUTE,SRA1247531,,public,0F562BC0512EEB8386FD1E9AB064B2F0,10A0444DF4ACF8506327F1E74B1FF6F6
SRR14907768,2021-06-24 23:46:05,2021-06-24 23:15:40,2,700,2,350,0,,https://sra-downloadb.be-md.ncbi.nlm.nih.gov/sos4/sra-pub-zq-1/SRR014/14907/SRR14907768/SRR14907768.lite.1,SRX11222324,UMB27_07,AMPLICON,PCR,METAGENOMIC,PAIRED,0,0,ILLUMINA,HiSeq X Ten,SRP117119,PRJNA400628,,400628,SRS9254193,SAMN07584100,simple,408170,human gut metagenome,UMB27_07,,,,,,,no,,,,,BROAD INSTITUTE,SRA1247543,,public,7003AFBFFB0474F74B7A4098CAB36DAF,C98ED938CE311EAC532B7645195B3A9D
SRR14907767,2021-06-24 23:46:05,2021-06-24 23:16:12,464912,162719200,464912,350,107,,https://sra-downloadb.be-md.ncbi.nlm.nih.gov/sos4/sra-pub-zq-1/SRR014/14907/SRR14907767/SRR14907767.lite.1,SRX11222325,UMB26_12,AMPLICON,PCR,METAGENOMIC,PAIRED,0,0,ILLUMINA,HiSeq X Ten,SRP117119,PRJNA400628,,400628,SRS9254194,SAMN07584142,simple,408170,human gut metagenome,UMB26_12,,,,,,,no,,,,,BROAD INSTITUTE,SRA1247543,,public,5018CFCF7B214D20F228DDBE3657AEFD,19F11472BA54EDBD0F54C565B0742EDD
SRR14882039,2021-06-22 19:38:02,2021-06-22 18:50:31,1800129,418691858,1800129,232,230,,https://sra-downloadb.be-md.ncbi.nlm.nih.gov/sos4/sra-pub-zq-1/SRR014/14882/SRR14882039/SRR14882039.lite.1,SRX11198837,UMB08_00.1rrt,WGS,PCR,METAGENOMIC,PAIRED,0,0,ILLUMINA,HiSeq X Ten,SRP117119,PRJNA400628,,400628,SRS9254224,SAMN19697363,simple,408170,human gut metagenome,UMB08_00.1rrt,,,,,,,no,,,,,BROAD INSTITUTE,SRA1247531,,public,F9A282D02D31D02FB7FB69546EE0B398,38467F446F7042F618BECF3DD4A4F524
SRR14882038,2021-06-22 18:24:27,2021-06-22 17:13:11,7666527,1548638454,7666527,202,947,,https://sra-downloadb.be-md.ncbi.nlm.nih.gov/sos4/sra-pub-zq-1/SRR014/14882/SRR14882038/SRR14882038.lite.1,SRX11198838,UMB08_02.1rot,WGS,PCR,METAGENOMIC,PAIRED,0,0,ILLUMINA,HiSeq X Ten,SRP117119,PRJNA400628,,400628,SRS9254227,SAMN19697366,simple,408170,human gut metagenome,UMB08_02.1rot,,,,,,,no,,,,,BROAD INSTITUTE,SRA1247531,,public,90AD87F4BFA6642FFE3B2CB8E9796E30,C10296BC5533E07DF28B9266E1D055C5
SRR14882037,2021-06-22 18:24:27,2021-06-22 17:21:20,25683053,5187976706,25683053,202,3271,,https://sra-downloadb.be-md.ncbi.nlm.nih.gov/sos4/sra-pub-zq-1/SRR014/14882/SRR14882037/SRR14882037.lite.1,SRX11198839,UMB15_01.1rot,WGS,PCR,METAGENOMIC,PAIRED,0,0,ILLUMINA,HiSeq X Ten,SRP117119,PRJNA400628,,400628,SRS9254249,SAMN19697387,simple,408170,human gut metagenome,UMB15_01.1rot,,,,,,,no,,,,,BROAD INSTITUTE,SRA1247531,,public,BCA572A343DB93A3BE69E1DA3DB8E311,CB4F56FDA341C77D1F21D082ED1E7660
SRR14907769,2021-06-24 23:46:05,2021-06-24 23:16:13,349373,122280550,349373,350,77,,https://sra-downloadb.be-md.ncbi.nlm.nih.gov/sos4/sra-pub-zq-1/SRR014/14907/SRR14907769/SRR14907769.lite.1,SRX11222323,UMB11_11,AMPLICON,PCR,METAGENOMIC,PAIRED,0,0,ILLUMINA,HiSeq X Ten,SRP117119,PRJNA400628,,400628,SRS2508919,SAMN07583905,simple,408170,human gut metagenome,UMB11_11,,,,,,,no,,,,,BROAD INSTITUTE,SRA1247543,,public,AF0297029E2D46DBAF528AA32AA29D69,054EBCD2CEAE711987A3C8D65E9A3BA5
SRR14907771,2021-06-24 23:46:05,2021-06-24 23:15:40,18,6300,18,350,0,,https://sra-downloadb.be-md.ncbi.nlm.nih.gov/sos4/sra-pub-zq-1/SRR014/14907/SRR14907771/SRR14907771.lite.1,SRX11222321,UMB23_08,AMPLICON,PCR,METAGENOMIC,PAIRED,0,0,ILLUMINA,HiSeq X Ten,SRP117119,PRJNA400628,,400628,SRS9254170,SAMN07584052,simple,408170,human gut metagenome,UMB23_08,,,,,,,no,,,,,BROAD INSTITUTE,SRA1247543,,public,4D992199B6400056336BA9B3E7F3BA95,7AFD4970D26A171E2171CA18A43D909E
SRR14907773,2021-06-25 00:30:40,2021-06-24 23:16:07,157817,55235950,157817,350,34,,https://sra-downloadb.be-md.ncbi.nlm.nih.gov/sos4/sra-pub-zq-1/SRR014/14907/SRR14907773/SRR14907773.lite.1,SRX11222319,UMB26_07,AMPLICON,PCR,METAGENOMIC,PAIRED,0,0,ILLUMINA,HiSeq X Ten,SRP117119,PRJNA400628,,400628,SRS9254188,SAMN07584089,simple,408170,human gut metagenome,UMB26_07,,,,,,,no,,,,,BROAD INSTITUTE,SRA1247543,,public,C663913C126F28563492B6942BD8B357,1C876B0B2BE4BE520568CFF364E2E0E7
SRR14907770,2021-06-24 23:46:05,2021-06-24 23:15:45,1725,603750,1725,350,0,,https://sra-downloadb.be-md.ncbi.nlm.nih.gov/sos4/sra-pub-zq-1/SRR014/14907/SRR14907770/SRR14907770.lite.1,SRX11222322,UMB29_11,AMPLICON,PCR,METAGENOMIC,PAIRED,0,0,ILLUMINA,HiSeq X Ten,SRP117119,PRJNA400628,,400628,SRS9254208,SAMN07584126,simple,408170,human gut metagenome,UMB29_11,,,,,,,no,,,,,BROAD INSTITUTE,SRA1247543,,public,0BD058C0B7D863CE79A7AC1E6FB2C882,783174F1BC066D08B7063A74EDA3F3BE
SRR14907772,2021-06-24 23:46:05,2021-06-24 23:15:40,9,3150,9,350,0,,https://sra-downloadb.be-md.ncbi.nlm.nih.gov/sos4/sra-pub-zq-1/SRR014/14907/SRR14907772/SRR14907772.lite.1,SRX11222320,UMB10_12,AMPLICON,PCR,METAGENOMIC,PAIRED,0,0,ILLUMINA,HiSeq X Ten,SRP117119,PRJNA400628,,400628,SRS9254331,SAMN07583892,simple,408170,human gut metagenome,UMB10_12,,,,,,,no,,,,,BROAD INSTITUTE,SRA1247543,,public,F69A5800678A2B8040B475AAF54199F1,EAF8AC2DA054E048D572DD607EC1DB0C
SRR14907778,2021-06-24 23:46:05,2021-06-24 23:16:02,165411,57893850,165411,350,38,,https://sra-downloadb.be-md.ncbi.nlm.nih.gov/sos4/sra-pub-zq-1/SRR014/14907/SRR14907778/SRR14907778.lite.1,SRX11222314,UMB11_08,AMPLICON,PCR,METAGENOMIC,PAIRED,0,0,ILLUMINA,HiSeq X Ten,SRP117119,PRJNA400628,,400628,SRS2508918,SAMN07583902,simple,408170,human gut metagenome,UMB11_08,,,,,,,no,,,,,BROAD INSTITUTE,SRA1247543,,public,B4EB88E5C4887228E23417B6B487A8D2,57687F9A4E14EEEC27C39C58B3C02265
SRR14907775,2021-06-24 23:46:05,2021-06-24 23:15:40,212,74200,212,350,0,,https://sra-downloadb.be-md.ncbi.nlm.nih.gov/sos4/sra-pub-zq-1/SRR014/14907/SRR14907775/SRR14907775.lite.1,SRX11222317,UMB24_09.2,AMPLICON,PCR,METAGENOMIC,PAIRED,0,0,ILLUMINA,HiSeq X Ten,SRP117119,PRJNA400628,,400628,SRS9254178,SAMN07584067,simple,408170,human gut metagenome,UMB24_09.2,,,,,,,no,,,,,BROAD INSTITUTE,SRA1247543,,public,2D3CFFBD9F194409239FCE24A6BB30FC,4186C0C27717AB10CAEC2930E5176EA1
SRR14907776,2021-06-24 23:46:05,2021-06-24 23:15:40,5,1750,5,350,0,,https://sra-downloadb.be-md.ncbi.nlm.nih.gov/sos4/sra-pub-zq-1/SRR014/14907/SRR14907776/SRR14907776.lite.1,SRX11222316,UMB25_08,AMPLICON,PCR,METAGENOMIC,PAIRED,0,0,ILLUMINA,HiSeq X Ten,SRP117119,PRJNA400628,,400628,SRS9254183,SAMN07584079,simple,408170,human gut metagenome,UMB25_08,,,,,,,no,,,,,BROAD INSTITUTE,SRA1247543,,public,888F852F1F17ED93CCF8B11319BD4ECE,33DB6C50F1549F4AC90DD91593FD1977
SRR14907777,2021-06-24 23:46:05,2021-06-24 23:16:10,76260,26691000,76260,350,17,,https://sra-downloadb.be-md.ncbi.nlm.nih.gov/sos4/sra-pub-zq-1/SRR014/14907/SRR14907777/SRR14907777.lite.1,SRX11222315,UMB25_09,AMPLICON,PCR,METAGENOMIC,PAIRED,0,0,ILLUMINA,HiSeq X Ten,SRP117119,PRJNA400628,,400628,SRS9254184,SAMN07584080,simple,408170,human gut metagenome,UMB25_09,,,,,,,no,,,,,BROAD INSTITUTE,SRA1247543,,public,CBFE91595C16CDE14C2BA8218AF58EED,BA414C544EF995FDA4C7F81B31A94E9E
SRR14907774,2021-06-24 23:46:05,2021-06-24 23:16:02,37470,13114500,37470,350,7,,https://sra-downloadb.be-md.ncbi.nlm.nih.gov/sos4/sra-pub-zq-1/SRR014/14907/SRR14907774/SRR14907774.lite.1,SRX11222318,UMB09_02,AMPLICON,PCR,METAGENOMIC,PAIRED,0,0,ILLUMINA,HiSeq X Ten,SRP117119,PRJNA400628,,400628,SRS9275818,SAMN07583873,simple,408170,human gut metagenome,UMB09_02,,,,,,,no,,,,,BROAD INSTITUTE,SRA1247543,,public,63D20E01FDA220814B63E9D62D240EE5,9270DDCCEFA1DCE8018A3B7B25AF76F8
SRR14907779,2021-06-24 23:46:05,2021-06-24 23:16:04,63349,22172150,63349,350,14,,https://sra-downloadb.be-md.ncbi.nlm.nih.gov/sos4/sra-pub-zq-1/SRR014/14907/SRR14907779/SRR14907779.lite.1,SRX11222313,UMB27_11,AMPLICON,PCR,METAGENOMIC,PAIRED,0,0,ILLUMINA,HiSeq X Ten,SRP117119,PRJNA400628,,400628,SRS9254198,SAMN07584104,simple,408170,human gut metagenome,UMB27_11,,,,,,,no,,,,,BROAD INSTITUTE,SRA1247543,,public,6AC98FB229863F42F43E9AAB4034E9E1,E267C6339125BB3B7E2F3DF30C1F19F3
SRR14907780,2021-06-24 23:46:05,2021-06-24 23:16:10,254233,88981550,254233,350,55,,https://sra-downloadb.be-md.ncbi.nlm.nih.gov/sos4/sra-pub-zq-1/SRR014/14907/SRR14907780/SRR14907780.lite.1,SRX11222312,UMB27_12,AMPLICON,PCR,METAGENOMIC,PAIRED,0,0,ILLUMINA,HiSeq X Ten,SRP117119,PRJNA400628,,400628,SRS9254199,SAMN07584144,simple,408170,human gut metagenome,UMB27_12,,,,,,,no,,,,,BROAD INSTITUTE,SRA1247543,,public,EECFF893CC0239C895E834FC8D5FCDB4,0CBE88525C3CCFFE2224B5A1461F2087
SRR14907781,2021-06-24 23:46:05,2021-06-24 23:15:41,5,1750,5,350,0,,https://sra-downloadb.be-md.ncbi.nlm.nih.gov/sos4/sra-pub-zq-1/SRR014/14907/SRR14907781/SRR14907781.lite.1,SRX11222311,UMB28_07,AMPLICON,PCR,METAGENOMIC,PAIRED,0,0,ILLUMINA,HiSeq X Ten,SRP117119,PRJNA400628,,400628,SRS9254200,SAMN07584112,simple,408170,human gut metagenome,UMB28_07,,,,,,,no,,,,,BROAD INSTITUTE,SRA1247543,,public,4374BB0699A60D255A728ADD0A3B0DC0,8380064368128FD3C5C693F20ED7C84D
SRR14907782,2021-06-24 23:46:05,2021-06-24 23:15:43,16,5600,16,350,0,,https://sra-downloadb.be-md.ncbi.nlm.nih.gov/sos4/sra-pub-zq-1/SRR014/14907/SRR14907782/SRR14907782.lite.1,SRX11222310,UMB28_10,AMPLICON,PCR,METAGENOMIC,PAIRED,0,0,ILLUMINA,HiSeq X Ten,SRP117119,PRJNA400628,,400628,SRS9254201,SAMN07584114,simple,408170,human gut metagenome,UMB28_10,,,,,,,no,,,,,BROAD INSTITUTE,SRA1247543,,public,10BB90FA22B7251B3D3F059AE88C015E,F4D199DD3D9EDE944ABED129D47E9327
SRR14907783,2021-06-24 23:46:05,2021-06-24 23:16:10,132314,46309900,132314,350,29,,https://sra-downloadb.be-md.ncbi.nlm.nih.gov/sos4/sra-pub-zq-1/SRR014/14907/SRR14907783/SRR14907783.lite.1,SRX11222309,UMB28_11,AMPLICON,PCR,METAGENOMIC,PAIRED,0,0,ILLUMINA,HiSeq X Ten,SRP117119,PRJNA400628,,400628,SRS9254202,SAMN07584140,simple,408170,human gut metagenome,UMB28_11,,,,,,,no,,,,,BROAD INSTITUTE,SRA1247543,,public,613EDFFB48CB133964052034345D5AF3,EEA41EB374627ECF6DBAE9DE586C0B49
SRR14907784,2021-06-24 23:46:05,2021-06-24 23:16:22,176094,61632900,176094,350,38,,https://sra-downloadb.be-md.ncbi.nlm.nih.gov/sos4/sra-pub-zq-1/SRR014/14907/SRR14907784/SRR14907784.lite.1,SRX11222308,UMB29_03,AMPLICON,PCR,METAGENOMIC,PAIRED,0,0,ILLUMINA,HiSeq X Ten,SRP117119,PRJNA400628,,400628,SRS9254203,SAMN07584118,simple,408170,human gut metagenome,UMB29_03,,,,,,,no,,,,,BROAD INSTITUTE,SRA1247543,,public,A075A94575EE53E97453B730099E14E6,11A9665D50649A7F3FB19E693F8C87B9
SRR14907785,2021-06-24 23:46:05,2021-06-24 23:16:23,478697,167543950,478697,350,106,,https://sra-downloadb.be-md.ncbi.nlm.nih.gov/sos4/sra-pub-zq-1/SRR014/14907/SRR14907785/SRR14907785.lite.1,SRX11222307,UMB29_07,AMPLICON,PCR,METAGENOMIC,PAIRED,0,0,ILLUMINA,HiSeq X Ten,SRP117119,PRJNA400628,,400628,SRS9254204,SAMN07584122,simple,408170,human gut metagenome,UMB29_07,,,,,,,no,,,,,BROAD INSTITUTE,SRA1247543,,public,F2BF152A127030B773AD82F63E693FFD,5BD1CB91E6CB9454E453455E95BCF0DE
SRR14907786,2021-06-24 23:46:05,2021-06-24 23:16:24,449357,157274950,449357,350,99,,https://sra-downloadb.be-md.ncbi.nlm.nih.gov/sos4/sra-pub-zq-1/SRR014/14907/SRR14907786/SRR14907786.lite.1,SRX11222306,UMB29_12,AMPLICON,PCR,METAGENOMIC,PAIRED,0,0,ILLUMINA,HiSeq X Ten,SRP117119,PRJNA400628,,400628,SRS9254209,SAMN07584141,simple,408170,human gut metagenome,UMB29_12,,,,,,,no,,,,,BROAD INSTITUTE,SRA1247543,,public,3EF57A60979874D7146E343E132430AA,71233A5D47DBA0BD11FB06AAD1F17E62
SRR14907788,2021-06-24 23:46:04,2021-06-24 23:16:01,89413,31294550,89413,350,19,,https://sra-downloadb.be-md.ncbi.nlm.nih.gov/sos4/sra-pub-zq-1/SRR014/14907/SRR14907788/SRR14907788.lite.1,SRX11222304,UMB31_06,AMPLICON,PCR,METAGENOMIC,PAIRED,0,0,ILLUMINA,HiSeq X Ten,SRP117119,PRJNA400628,,400628,SRS9254210,SAMN07584135,simple,408170,human gut metagenome,UMB31_06,,,,,,,no,,,,,BROAD INSTITUTE,SRA1247543,,public,3EDBAA352D74AFA6A84EBDC105403AF6,8AE8E7B75AEEAA1D41307E35F3B0369F
SRR14907787,2021-06-24 23:46:04,2021-06-24 23:16:07,132948,46531800,132948,350,28,,https://sra-downloadb.be-md.ncbi.nlm.nih.gov/sos4/sra-pub-zq-1/SRR014/14907/SRR14907787/SRR14907787.lite.1,SRX11222305,UMB30_01.1,AMPLICON,PCR,METAGENOMIC,PAIRED,0,0,ILLUMINA,HiSeq X Ten,SRP117119,PRJNA400628,,400628,SRS9254211,SAMN07584128,simple,408170,human gut metagenome,UMB30_01.1,,,,,,,no,,,,,BROAD INSTITUTE,SRA1247543,,public,E288DB812C1FA89780A3728DA340DD94,FE8C385FDBC0000F39FAD6A8D2BB41E4
SRR14907789,2021-06-24 23:46:04,2021-06-24 23:15:44,4,1400,4,350,0,,https://sra-downloadb.be-md.ncbi.nlm.nih.gov/sos4/sra-pub-zq-1/SRR014/14907/SRR14907789/SRR14907789.lite.1,SRX11222303,UMB31_07,AMPLICON,PCR,METAGENOMIC,PAIRED,0,0,ILLUMINA,HiSeq X Ten,SRP117119,PRJNA400628,,400628,SRS9254212,SAMN07584136,simple,408170,human gut metagenome,UMB31_07,,,,,,,no,,,,,BROAD INSTITUTE,SRA1247543,,public,5F78BD13D106FB66C45D196680175667,A86CE467688C2F1457B34990272C6AA5
SRR14907790,2021-06-25 00:30:40,2021-06-24 23:15:58,146063,51122050,146063,350,33,,https://sra-downloadb.be-md.ncbi.nlm.nih.gov/sos4/sra-pub-zq-1/SRR014/14907/SRR14907790/SRR14907790.lite.1,SRX11222302,UMB31_08,AMPLICON,PCR,METAGENOMIC,PAIRED,0,0,ILLUMINA,HiSeq X Ten,SRP117119,PRJNA400628,,400628,SRS9254213,SAMN07584137,simple,408170,human gut metagenome,UMB31_08,,,,,,,no,,,,,BROAD INSTITUTE,SRA1247543,,public,5F5A5C6C52F1468B21372EE6E59B9D92,939A94088BBA358C5BD769D7674D7A64
SRR14907791,2021-06-24 23:46:04,2021-06-24 23:16:05,76399,26739650,76399,350,17,,https://sra-downloadb.be-md.ncbi.nlm.nih.gov/sos4/sra-pub-zq-1/SRR014/14907/SRR14907791/SRR14907791.lite.1,SRX11222301,UMB31_09,AMPLICON,PCR,METAGENOMIC,PAIRED,0,0,ILLUMINA,HiSeq X Ten,SRP117119,PRJNA400628,,400628,SRS9254214,SAMN07584138,simple,408170,human gut metagenome,UMB31_09,,,,,,,no,,,,,BROAD INSTITUTE,SRA1247543,,public,DF80F8C998717D0D9F367755D9FABE2B,7560D1FEB3182BBCBF33A8FE3526CEBE
SRR14907792,2021-06-24 23:46:04,2021-06-24 23:16:00,22,7700,22,350,0,,https://sra-downloadb.be-md.ncbi.nlm.nih.gov/sos4/sra-pub-zq-1/SRR014/14907/SRR14907792/SRR14907792.lite.1,SRX11222300,UMB31_10,AMPLICON,PCR,METAGENOMIC,PAIRED,0,0,ILLUMINA,HiSeq X Ten,SRP117119,PRJNA400628,,400628,SRS9254215,SAMN07584139,simple,408170,human gut metagenome,UMB31_10,,,,,,,no,,,,,BROAD INSTITUTE,SRA1247543,,public,34F615E5CE4F14347B617F706CB072D6,B7C993E3AFCE5A1F6C5DE5CB26A56B50
SRR14907793,2021-06-24 23:46:04,2021-06-24 23:16:16,307974,107790900,307974,350,68,,https://sra-downloadb.be-md.ncbi.nlm.nih.gov/sos4/sra-pub-zq-1/SRR014/14907/SRR14907793/SRR14907793.lite.1,SRX11222299,UMB31_11,AMPLICON,PCR,METAGENOMIC,PAIRED,0,0,ILLUMINA,HiSeq X Ten,SRP117119,PRJNA400628,,400628,SRS9254216,SAMN07584145,simple,408170,human gut metagenome,UMB31_11,,,,,,,no,,,,,BROAD INSTITUTE,SRA1247543,,public,E10C955E1B57BE6C73912CC07E0F3448,008282F076B6D5AD870DE96EBFD00FAF
SRR14907795,2021-06-24 23:46:04,2021-06-24 23:15:54,2,700,2,350,0,,https://sra-downloadb.be-md.ncbi.nlm.nih.gov/sos4/sra-pub-zq-1/SRR014/14907/SRR14907795/SRR14907795.lite.1,SRX11222297,UMB18_09.1,AMPLICON,PCR,METAGENOMIC,PAIRED,0,0,ILLUMINA,HiSeq X Ten,SRP117119,PRJNA400628,,400628,SRS9254335,SAMN07583978,simple,408170,human gut metagenome,UMB18_09.1,,,,,,,no,,,,,BROAD INSTITUTE,SRA1247543,,public,1B98CB6754EBDEA5705490A38C9CA437,7355495F1D985232E53950AC421DC19A
SRR14907796,2021-06-24 23:46:04,2021-06-24 23:16:16,255689,89491150,255689,350,55,,https://sra-downloadb.be-md.ncbi.nlm.nih.gov/sos4/sra-pub-zq-1/SRR014/14907/SRR14907796/SRR14907796.lite.1,SRX11222296,UMB18_10,AMPLICON,PCR,METAGENOMIC,PAIRED,0,0,ILLUMINA,HiSeq X Ten,SRP117119,PRJNA400628,,400628,SRS9254337,SAMN07583979,simple,408170,human gut metagenome,UMB18_10,,,,,,,no,,,,,BROAD INSTITUTE,SRA1247543,,public,97D18ACDD95784DB643F32C443735264,9FC2ADF33B5B4F5A24E50FF57E67E5DD
SRR14907797,2021-06-24 23:46:04,2021-06-24 23:15:55,3,1050,3,350,0,,https://sra-downloadb.be-md.ncbi.nlm.nih.gov/sos4/sra-pub-zq-1/SRR014/14907/SRR14907797/SRR14907797.lite.1,SRX11222295,UMB18_10.1,AMPLICON,PCR,METAGENOMIC,PAIRED,0,0,ILLUMINA,HiSeq X Ten,SRP117119,PRJNA400628,,400628,SRS9254336,SAMN07583980,simple,408170,human gut metagenome,UMB18_10.1,,,,,,,no,,,,,BROAD INSTITUTE,SRA1247543,,public,7085289A695E066692F943A732B41B9A,290010F2B7B2794ACABD7F6E2BDFEE13
SRR14907798,2021-06-24 23:46:04,2021-06-24 23:15:58,11,3850,11,350,0,,https://sra-downloadb.be-md.ncbi.nlm.nih.gov/sos4/sra-pub-zq-1/SRR014/14907/SRR14907798/SRR14907798.lite.1,SRX11222294,UMB18_12,AMPLICON,PCR,METAGENOMIC,PAIRED,0,0,ILLUMINA,HiSeq X Ten,SRP117119,PRJNA400628,,400628,SRS9254338,SAMN07583982,simple,408170,human gut metagenome,UMB18_12,,,,,,,no,,,,,BROAD INSTITUTE,SRA1247543,,public,10F1B740894B4A88842B272082DC7AD3,5114E9BA5656A1BDE33A23EDC00BD05A
SRR14907794,2021-06-24 23:46:04,2021-06-24 23:15:53,21,7350,21,350,0,,https://sra-downloadb.be-md.ncbi.nlm.nih.gov/sos4/sra-pub-zq-1/SRR014/14907/SRR14907794/SRR14907794.lite.1,SRX11222298,UMB24_08,AMPLICON,PCR,METAGENOMIC,PAIRED,0,0,ILLUMINA,HiSeq X Ten,SRP117119,PRJNA400628,,400628,SRS9254175,SAMN07584064,simple,408170,human gut metagenome,UMB24_08,,,,,,,no,,,,,BROAD INSTITUTE,SRA1247543,,public,C8A0985C3E99A92DE3163201CFB5C226,FA20CBBE699CBCA4856A0C097CBC46A1
SRR14907799,2021-06-24 23:46:04,2021-06-24 23:16:28,458562,160496700,458562,350,100,,https://sra-downloadb.be-md.ncbi.nlm.nih.gov/sos4/sra-pub-zq-1/SRR014/14907/SRR14907799/SRR14907799.lite.1,SRX11222293,UMB20_10,AMPLICON,PCR,METAGENOMIC,PAIRED,0,0,ILLUMINA,HiSeq X Ten,SRP117119,PRJNA400628,,400628,SRS9254159,SAMN07584012,simple,408170,human gut metagenome,UMB20_10,,,,,,,no,,,,,BROAD INSTITUTE,SRA1247543,,public,03EF421E4AF5F173C123202224432C48,287DAEA5E7FBD9D3DA871296C02BB1C2
SRR14907800,2021-06-24 23:46:04,2021-06-24 23:16:28,154373,54030550,154373,350,35,,https://sra-downloadb.be-md.ncbi.nlm.nih.gov/sos4/sra-pub-zq-1/SRR014/14907/SRR14907800/SRR14907800.lite.1,SRX11222292,UMB20_10.1,AMPLICON,PCR,METAGENOMIC,PAIRED,0,0,ILLUMINA,HiSeq X Ten,SRP117119,PRJNA400628,,400628,SRS9254160,SAMN07584013,simple,408170,human gut metagenome,UMB20_10.1,,,,,,,no,,,,,BROAD INSTITUTE,SRA1247543,,public,006147E81DEAF6D05EB85463A31DB085,B8359498DF907D42489BBB3C8BF53593
SRR14907801,2021-06-24 23:46:04,2021-06-24 23:16:28,259133,90696550,259133,350,60,,https://sra-downloadb.be-md.ncbi.nlm.nih.gov/sos4/sra-pub-zq-1/SRR014/14907/SRR14907801/SRR14907801.lite.1,SRX11222291,UMB20_11,AMPLICON,PCR,METAGENOMIC,PAIRED,0,0,ILLUMINA,HiSeq X Ten,SRP117119,PRJNA400628,,400628,SRS9254161,SAMN07584014,simple,408170,human gut metagenome,UMB20_11,,,,,,,no,,,,,BROAD INSTITUTE,SRA1247543,,public,218FD9E0F52E113A39AC7699598D3CF2,4A0F2CCC370D4D2644560CF9C57040D6
SRR14907802,2021-06-24 23:46:04,2021-06-24 23:16:24,69458,24310300,69458,350,16,,https://sra-downloadb.be-md.ncbi.nlm.nih.gov/sos4/sra-pub-zq-1/SRR014/14907/SRR14907802/SRR14907802.lite.1,SRX11222290,UMB20_12,AMPLICON,PCR,METAGENOMIC,PAIRED,0,0,ILLUMINA,HiSeq X Ten,SRP117119,PRJNA400628,,400628,SRS9254162,SAMN07584015,simple,408170,human gut metagenome,UMB20_12,,,,,,,no,,,,,BROAD INSTITUTE,SRA1247543,,public,69FBECE44DEE3814927A6C29498C17B0,82AA368D8CA196428DFBA7F707104759
SRR14907803,2021-06-24 23:46:04,2021-06-24 23:16:25,58852,20598200,58852,350,13,,https://sra-downloadb.be-md.ncbi.nlm.nih.gov/sos4/sra-pub-zq-1/SRR014/14907/SRR14907803/SRR14907803.lite.1,SRX11222289,UMB22_12,AMPLICON,PCR,METAGENOMIC,PAIRED,0,0,ILLUMINA,HiSeq X Ten,SRP117119,PRJNA400628,,400628,SRS9254169,SAMN07584039,simple,408170,human gut metagenome,UMB22_12,,,,,,,no,,,,,BROAD INSTITUTE,SRA1247543,,public,C1CCC1E5F4C38F1AAFC708E3A22D7418,E3D2E4C71AD8DA653C663A81809A3D83
SRR14907805,2021-06-24 23:46:04,2021-06-24 23:16:33,116738,40858300,116738,350,25,,https://sra-downloadb.be-md.ncbi.nlm.nih.gov/sos4/sra-pub-zq-1/SRR014/14907/SRR14907805/SRR14907805.lite.1,SRX11222287,UMB23_08.1,AMPLICON,PCR,METAGENOMIC,PAIRED,0,0,ILLUMINA,HiSeq X Ten,SRP117119,PRJNA400628,,400628,SRS9254171,SAMN07584053,simple,408170,human gut metagenome,UMB23_08.1,,,,,,,no,,,,,BROAD INSTITUTE,SRA1247543,,public,3C67E46FDA47A8CABFA0FA21BF9EBE81,53E797D3BD23462263A86009E02FF7D0
SRR14907806,2021-06-24 23:46:04,2021-06-24 23:16:34,271940,95179000,271940,350,59,,https://sra-downloadb.be-md.ncbi.nlm.nih.gov/sos4/sra-pub-zq-1/SRR014/14907/SRR14907806/SRR14907806.lite.1,SRX11222286,UMB23_10,AMPLICON,PCR,METAGENOMIC,PAIRED,0,0,ILLUMINA,HiSeq X Ten,SRP117119,PRJNA400628,,400628,SRS9254172,SAMN07584054,simple,408170,human gut metagenome,UMB23_10,,,,,,,no,,,,,BROAD INSTITUTE,SRA1247543,,public,0F10D326FB58F5BEE2CB46595529A2B5,0F05511E3D5D6BE2E494394842DBD904
SRR14907807,2021-06-24 23:46:04,2021-06-24 23:16:42,390277,136596950,390277,350,86,,https://sra-downloadb.be-md.ncbi.nlm.nih.gov/sos4/sra-pub-zq-1/SRR014/14907/SRR14907807/SRR14907807.lite.1,SRX11222285,UMB24_10.1,AMPLICON,PCR,METAGENOMIC,PAIRED,0,0,ILLUMINA,HiSeq X Ten,SRP117119,PRJNA400628,,400628,SRS9254179,SAMN07584069,simple,408170,human gut metagenome,UMB24_10.1,,,,,,,no,,,,,BROAD INSTITUTE,SRA1247543,,public,8C70510E1EC38D7A5D5B7C55C7D573B0,25649ABA5C9FAE8093530D5004C5018D
SRR14907808,2021-06-24 23:46:04,2021-06-24 23:16:33,92787,32475450,92787,350,21,,https://sra-downloadb.be-md.ncbi.nlm.nih.gov/sos4/sra-pub-zq-1/SRR014/14907/SRR14907808/SRR14907808.lite.1,SRX11222284,UMB24_11,AMPLICON,PCR,METAGENOMIC,PAIRED,0,0,ILLUMINA,HiSeq X Ten,SRP117119,PRJNA400628,,400628,SRS9254180,SAMN07584070,simple,408170,human gut metagenome,UMB24_11,,,,,,,no,,,,,BROAD INSTITUTE,SRA1247543,,public,B0491D2F5AE6AF9C1643570E2AD600B1,80CE2C2445E07119C8ECD61E1F398B8A
SRR14907804,2021-06-25 00:30:39,2021-06-24 23:16:33,81417,28495950,81417,350,18,,https://sra-downloadb.be-md.ncbi.nlm.nih.gov/sos4/sra-pub-zq-1/SRR014/14907/SRR14907804/SRR14907804.lite.1,SRX11222288,UMB11_12,AMPLICON,PCR,METAGENOMIC,PAIRED,0,0,ILLUMINA,HiSeq X Ten,SRP117119,PRJNA400628,,400628,SRS9254332,SAMN07583906,simple,408170,human gut metagenome,UMB11_12,,,,,,,no,,,,,BROAD INSTITUTE,SRA1247543,,public,25444AA8E01C1FD28D7F45FD2809633F,42B8D79A9F3EF308F8C1F0E32A0E9FDC
SRR14907813,2021-06-24 23:46:04,2021-06-24 23:16:39,83040,29064000,83040,350,15,,https://sra-downloadb.be-md.ncbi.nlm.nih.gov/sos4/sra-pub-zq-1/SRR014/14907/SRR14907813/SRR14907813.lite.1,SRX11222279,UMB12_01.2,AMPLICON,PCR,METAGENOMIC,PAIRED,0,0,ILLUMINA,HiSeq X Ten,SRP117119,PRJNA400628,,400628,SRS2508939,SAMN07583909,simple,408170,human gut metagenome,UMB12_01.2,,,,,,,no,,,,,BROAD INSTITUTE,SRA1247543,,public,1FA5F64580AE78DF898A5EE8A0EEBBC2,C04CDF29A167C3C795A3F02B70C31EEA
SRR14907809,2021-06-24 23:46:04,2021-06-24 23:16:40,427537,149637950,427537,350,93,,https://sra-downloadb.be-md.ncbi.nlm.nih.gov/sos4/sra-pub-zq-1/SRR014/14907/SRR14907809/SRR14907809.lite.1,SRX11222283,UMB24_12,AMPLICON,PCR,METAGENOMIC,PAIRED,0,0,ILLUMINA,HiSeq X Ten,SRP117119,PRJNA400628,,400628,SRS9254181,SAMN07584071,simple,408170,human gut metagenome,UMB24_12,,,,,,,no,,,,,BROAD INSTITUTE,SRA1247543,,public,1E584C9ABE3E2A28EF9006436B357AE8,4C670C3BAD9F92E6B7B83DA9CBC68949
SRR14907810,2021-06-24 23:46:04,2021-06-24 23:16:18,111,38850,111,350,0,,https://sra-downloadb.be-md.ncbi.nlm.nih.gov/sos4/sra-pub-zq-1/SRR014/14907/SRR14907810/SRR14907810.lite.1,SRX11222282,UMB25_07,AMPLICON,PCR,METAGENOMIC,PAIRED,0,0,ILLUMINA,HiSeq X Ten,SRP117119,PRJNA400628,,400628,SRS9254182,SAMN07584078,simple,408170,human gut metagenome,UMB25_07,,,,,,,no,,,,,BROAD INSTITUTE,SRA1247543,,public,079DC97242DCA47C0F4038EE01D33F3A,241CEDFFF54C5B4AC69650DAF5642084
SRR14907811,2021-06-24 23:46:04,2021-06-24 23:16:19,107,37450,107,350,0,,https://sra-downloadb.be-md.ncbi.nlm.nih.gov/sos4/sra-pub-zq-1/SRR014/14907/SRR14907811/SRR14907811.lite.1,SRX11222281,UMB25_10,AMPLICON,PCR,METAGENOMIC,PAIRED,0,0,ILLUMINA,HiSeq X Ten,SRP117119,PRJNA400628,,400628,SRS9254185,SAMN07584081,simple,408170,human gut metagenome,UMB25_10,,,,,,,no,,,,,BROAD INSTITUTE,SRA1247543,,public,53F0173F7CCFD1BB43E50D4029B351C3,04CCBB2351BDE994F69C0F38AC0444E9
SRR14907812,2021-06-24 23:46:04,2021-06-24 23:16:30,13,4550,13,350,0,,https://sra-downloadb.be-md.ncbi.nlm.nih.gov/sos4/sra-pub-zq-1/SRR014/14907/SRR14907812/SRR14907812.lite.1,SRX11222280,UMB25_11,AMPLICON,PCR,METAGENOMIC,PAIRED,0,0,ILLUMINA,HiSeq X Ten,SRP117119,PRJNA400628,,400628,SRS9254186,SAMN07584082,simple,408170,human gut metagenome,UMB25_11,,,,,,,no,,,,,BROAD INSTITUTE,SRA1247543,,public,3CA24981F8C27642DCB09D1F586FAD4F,68182BF404FEF69AB3C4DC016AFA0C1C
SRR14907816,2021-06-24 23:46:03,2021-06-24 23:16:51,88661,31031350,88661,350,18,,https://sra-downloadb.be-md.ncbi.nlm.nih.gov/sos4/sra-pub-zq-1/SRR014/14907/SRR14907816/SRR14907816.lite.1,SRX11222276,UMB08_01.1a,AMPLICON,PCR,METAGENOMIC,PAIRED,0,0,ILLUMINA,HiSeq X Ten,SRP117119,PRJNA400628,,400628,SRS9254330,SAMN07583859,simple,408170,human gut metagenome,UMB08_01.1,,,,,,,no,,,,,BROAD INSTITUTE,SRA1247543,,public,2BB8FFDE8C6633C9068E597C31C44938,512F5786A37589AF86C4B63E0BBE0AA1
SRR14907815,2021-06-24 23:46:04,2021-06-24 23:16:41,58909,20618150,58909,350,13,,https://sra-downloadb.be-md.ncbi.nlm.nih.gov/sos4/sra-pub-zq-1/SRR014/14907/SRR14907815/SRR14907815.lite.1,SRX11222277,UMB12_08,AMPLICON,PCR,METAGENOMIC,PAIRED,0,0,ILLUMINA,HiSeq X Ten,SRP117119,PRJNA400628,,400628,SRS2508940,SAMN07583916,simple,408170,human gut metagenome,UMB12_08,,,,,,,no,,,,,BROAD INSTITUTE,SRA1247543,,public,476301C714CDF5AF248EFC3B28A83245,0C056FDC350C538665C32B092CB34546
SRR14907814,2021-06-24 23:46:04,2021-06-24 23:17:04,228234,79881900,228234,350,52,,https://sra-downloadb.be-md.ncbi.nlm.nih.gov/sos4/sra-pub-zq-1/SRR014/14907/SRR14907814/SRR14907814.lite.1,SRX11222278,UMB12_09,AMPLICON,PCR,METAGENOMIC,PAIRED,0,0,ILLUMINA,HiSeq X Ten,SRP117119,PRJNA400628,,400628,SRS9254151,SAMN07583917,simple,408170,human gut metagenome,UMB12_09,,,,,,,no,,,,,BROAD INSTITUTE,SRA1247543,,public,7019E09E924A81E61E008902D6B66131,949D238825ABC7C184A4848FE023255A
SRR14907817,2021-06-25 00:30:39,2021-06-24 23:17:06,196704,68846400,196704,350,42,,https://sra-downloadb.be-md.ncbi.nlm.nih.gov/sos4/sra-pub-zq-1/SRR014/14907/SRR14907817/SRR14907817.lite.1,SRX11222275,UMB25_12,AMPLICON,PCR,METAGENOMIC,PAIRED,0,0,ILLUMINA,HiSeq X Ten,SRP117119,PRJNA400628,,400628,SRS9254187,SAMN07584143,simple,408170,human gut metagenome,UMB25_12,,,,,,,no,,,,,BROAD INSTITUTE,SRA1247543,,public,951141E7B38679AAEBCECF9DAE504D3C,BE429BF65D1BD70346ABE22F0508B62A
SRR14907818,2021-06-24 23:46:03,2021-06-24 23:17:05,105242,36834700,105242,350,24,,https://sra-downloadb.be-md.ncbi.nlm.nih.gov/sos4/sra-pub-zq-1/SRR014/14907/SRR14907818/SRR14907818.lite.1,SRX11222274,UMB26_08,AMPLICON,PCR,METAGENOMIC,PAIRED,0,0,ILLUMINA,HiSeq X Ten,SRP117119,PRJNA400628,,400628,SRS9254189,SAMN07584090,simple,408170,human gut metagenome,UMB26_08,,,,,,,no,,,,,BROAD INSTITUTE,SRA1247543,,public,EFD7A8EE54260C5C290768F3ECEBFE91,5D97073421EE0BB34AB7A0B1CEEE2B13
SRR14907819,2021-06-24 23:46:03,2021-06-24 23:16:27,11,3850,11,350,0,,https://sra-downloadb.be-md.ncbi.nlm.nih.gov/sos4/sra-pub-zq-1/SRR014/14907/SRR14907819/SRR14907819.lite.1,SRX11222273,UMB26_09,AMPLICON,PCR,METAGENOMIC,PAIRED,0,0,ILLUMINA,HiSeq X Ten,SRP117119,PRJNA400628,,400628,SRS9254190,SAMN07584091,simple,408170,human gut metagenome,UMB26_09,,,,,,,no,,,,,BROAD INSTITUTE,SRA1247543,,public,6FA8D9F76A175B58221584F63461DBBB,95FA30CDDFFC58E5D86202C0A31BD810
SRR14907820,2021-06-24 23:46:03,2021-06-24 23:16:31,10,3500,10,350,0,,https://sra-downloadb.be-md.ncbi.nlm.nih.gov/sos4/sra-pub-zq-1/SRR014/14907/SRR14907820/SRR14907820.lite.1,SRX11222272,UMB26_10,AMPLICON,PCR,METAGENOMIC,PAIRED,0,0,ILLUMINA,HiSeq X Ten,SRP117119,PRJNA400628,,400628,SRS9254191,SAMN07584092,simple,408170,human gut metagenome,UMB26_10,,,,,,,no,,,,,BROAD INSTITUTE,SRA1247543,,public,05E514367684C981184080F81663ADAD,C70E01D5F34FE000079FD10AF0019566
SRR14907821,2021-06-24 23:46:03,2021-06-24 23:17:14,602387,210835450,602387,350,134,,https://sra-downloadb.be-md.ncbi.nlm.nih.gov/sos4/sra-pub-zq-1/SRR014/14907/SRR14907821/SRR14907821.lite.1,SRX11222271,UMB26_11,AMPLICON,PCR,METAGENOMIC,PAIRED,0,0,ILLUMINA,HiSeq X Ten,SRP117119,PRJNA400628,,400628,SRS9254192,SAMN07584093,simple,408170,human gut metagenome,UMB26_11,,,,,,,no,,,,,BROAD INSTITUTE,SRA1247543,,public,18CD7A4E7CE1D6BC4479FB46BDE4572F,AADC88967EFA6712C59A264C40EDA63D
SRR14907822,2021-06-24 23:46:03,2021-06-24 23:16:31,1,350,1,350,0,,https://sra-downloadb.be-md.ncbi.nlm.nih.gov/sos9/sra-pub-run-936/SRR014/14907/SRR14907822/SRR14907822.1,SRX11222270,UMB27_08,AMPLICON,PCR,METAGENOMIC,PAIRED,0,0,ILLUMINA,HiSeq X Ten,SRP117119,PRJNA400628,,400628,SRS9254195,SAMN07584101,simple,408170,human gut metagenome,UMB27_08,,,,,,,no,,,,,BROAD INSTITUTE,SRA1247543,,public,9F95C62E609484C0A1AF50DE4AC733FA,0FB043F0C41B9DEF76715B03C8286643
SRR14907823,2021-06-24 23:46:03,2021-06-24 23:17:29,402148,140751800,402148,350,87,,https://sra-downloadb.be-md.ncbi.nlm.nih.gov/sos4/sra-pub-zq-1/SRR014/14907/SRR14907823/SRR14907823.lite.1,SRX11222269,UMB27_09,AMPLICON,PCR,METAGENOMIC,PAIRED,0,0,ILLUMINA,HiSeq X Ten,SRP117119,PRJNA400628,,400628,SRS9254196,SAMN07584102,simple,408170,human gut metagenome,UMB27_09,,,,,,,no,,,,,BROAD INSTITUTE,SRA1247543,,public,D26BB69290E3336D0872ECD0A3789CBA,D4F4B13B95500D6B637ED1CCE92388D5
SRR14907825,2021-06-24 23:46:03,2021-06-24 23:17:26,146787,51375450,146787,350,31,,https://sra-downloadb.be-md.ncbi.nlm.nih.gov/sos4/sra-pub-zq-1/SRR014/14907/SRR14907825/SRR14907825.lite.1,SRX11222267,UMB17_12,AMPLICON,PCR,METAGENOMIC,PAIRED,0,0,ILLUMINA,HiSeq X Ten,SRP117119,PRJNA400628,,400628,SRS9254333,SAMN07583964,simple,408170,human gut metagenome,UMB17_12,,,,,,,no,,,,,BROAD INSTITUTE,SRA1247543,,public,0F4829A8A7FCF16AA1D94AE427CD0D67,42346ABBF02ECD815BE9A58E249404AE
SRR14907826,2021-06-24 23:46:03,2021-06-24 23:16:42,51,17850,51,350,0,,https://sra-downloadb.be-md.ncbi.nlm.nih.gov/sos4/sra-pub-zq-1/SRR014/14907/SRR14907826/SRR14907826.lite.1,SRX11222266,UMB19_09,AMPLICON,PCR,METAGENOMIC,PAIRED,0,0,ILLUMINA,HiSeq X Ten,SRP117119,PRJNA400628,,400628,SRS9254340,SAMN07583991,simple,408170,human gut metagenome,UMB19_09,,,,,,,no,,,,,BROAD INSTITUTE,SRA1247543,,public,C7FF1910DEB0D6A5F458169AE0D17E04,BE9C9D321CD92C064B2E49FE6AC4BBEE
SRR14907827,2021-06-24 23:46:03,2021-06-24 23:17:19,401177,140411950,401177,350,86,,https://sra-downloadb.be-md.ncbi.nlm.nih.gov/sos4/sra-pub-zq-1/SRR014/14907/SRR14907827/SRR14907827.lite.1,SRX11222265,UMB19_10,AMPLICON,PCR,METAGENOMIC,PAIRED,0,0,ILLUMINA,HiSeq X Ten,SRP117119,PRJNA400628,,400628,SRS9254341,SAMN07583992,simple,408170,human gut metagenome,UMB19_10,,,,,,,no,,,,,BROAD INSTITUTE,SRA1247543,,public,D3D8C9A3E1B550598C48DC5FAE832444,507A1CEA78218B53DC8991C90D34E2FD
SRR14907828,2021-06-24 23:46:03,2021-06-24 23:16:59,66840,23394000,66840,350,15,,https://sra-downloadb.be-md.ncbi.nlm.nih.gov/sos4/sra-pub-zq-1/SRR014/14907/SRR14907828/SRR14907828.lite.1,SRX11222264,UMB19_11,AMPLICON,PCR,METAGENOMIC,PAIRED,0,0,ILLUMINA,HiSeq X Ten,SRP117119,PRJNA400628,,400628,SRS9254156,SAMN07583993,simple,408170,human gut metagenome,UMB19_11,,,,,,,no,,,,,BROAD INSTITUTE,SRA1247543,,public,96C438EBF12F326BAFE1A3D82AB5F6A8,4174A2952188F3F9317DE17F4C586C80
SRR14907824,2021-06-24 23:46:03,2021-06-24 23:17:06,88887,31110450,88887,350,19,,https://sra-downloadb.be-md.ncbi.nlm.nih.gov/sos4/sra-pub-zq-1/SRR014/14907/SRR14907824/SRR14907824.lite.1,SRX11222268,UMB27_10,AMPLICON,PCR,METAGENOMIC,PAIRED,0,0,ILLUMINA,HiSeq X Ten,SRP117119,PRJNA400628,,400628,SRS9254197,SAMN07584103,simple,408170,human gut metagenome,UMB27_10,,,,,,,no,,,,,BROAD INSTITUTE,SRA1247543,,public,6374F51E23F7017A7A589E91DD47BC51,761C32ADB23CF3B24AF64BDB5079DDDF
SRR14907831,2021-06-24 23:46:03,2021-06-24 23:16:49,14461,5061350,14461,350,3,,https://sra-downloadb.be-md.ncbi.nlm.nih.gov/sos4/sra-pub-zq-1/SRR014/14907/SRR14907831/SRR14907831.lite.1,SRX11222261,UMB08_02.2,AMPLICON,PCR,METAGENOMIC,PAIRED,0,0,ILLUMINA,HiSeq X Ten,SRP117119,PRJNA400628,,400628,SRS2508916,SAMN07583861,simple,408170,human gut metagenome,UMB08_02.2,,,,,,,no,,,,,BROAD INSTITUTE,SRA1247543,,public,A9E4344F6658D16B60406A3DB23DB606,2EF985D688FD3C5CE5CC908B67322B71
SRR14907829,2021-06-24 23:46:03,2021-06-24 23:17:33,388329,135915150,388329,350,85,,https://sra-downloadb.be-md.ncbi.nlm.nih.gov/sos4/sra-pub-zq-1/SRR014/14907/SRR14907829/SRR14907829.lite.1,SRX11222263,UMB19_12,AMPLICON,PCR,METAGENOMIC,PAIRED,0,0,ILLUMINA,HiSeq X Ten,SRP117119,PRJNA400628,,400628,SRS9254157,SAMN07583994,simple,408170,human gut metagenome,UMB19_12,,,,,,,no,,,,,BROAD INSTITUTE,SRA1247543,,public,355548844FA36284AB24492314A8BF30,0E20AFA4835BB47404F1A49677C61986
SRR14907830,2021-06-24 23:46:03,2021-06-24 23:17:25,134968,47238800,134968,350,31,,https://sra-downloadb.be-md.ncbi.nlm.nih.gov/sos4/sra-pub-zq-1/SRR014/14907/SRR14907830/SRR14907830.lite.1,SRX11222262,UMB20_04.1,AMPLICON,PCR,METAGENOMIC,PAIRED,0,0,ILLUMINA,HiSeq X Ten,SRP117119,PRJNA400628,,400628,SRS2508950,SAMN07584005,simple,408170,human gut metagenome,UMB20_04.1,,,,,,,no,,,,,BROAD INSTITUTE,SRA1247543,,public,062AB2BBD4655AABBB7C8FA705C7AE96,724F8921CE5F4D6CD0034CDD0C844E66
SRR14907832,2021-06-24 23:46:03,2021-06-24 23:17:28,184603,64611050,184603,350,41,,https://sra-downloadb.be-md.ncbi.nlm.nih.gov/sos4/sra-pub-zq-1/SRR014/14907/SRR14907832/SRR14907832.lite.1,SRX11222260,UMB20_09,AMPLICON,PCR,METAGENOMIC,PAIRED,0,0,ILLUMINA,HiSeq X Ten,SRP117119,PRJNA400628,,400628,SRS9254158,SAMN07584011,simple,408170,human gut metagenome,UMB20_09,,,,,,,no,,,,,BROAD INSTITUTE,SRA1247543,,public,676B822B77700C3B619A22E5AD56CC09,4F7829C86B312642DFE1B61F024EF5B5
SRR14907833,2021-06-24 23:46:03,2021-06-24 23:17:03,13,4550,13,350,0,,https://sra-downloadb.be-md.ncbi.nlm.nih.gov/sos4/sra-pub-zq-1/SRR014/14907/SRR14907833/SRR14907833.lite.1,SRX11222259,UMB21_09,AMPLICON,PCR,METAGENOMIC,PAIRED,0,0,ILLUMINA,HiSeq X Ten,SRP117119,PRJNA400628,,400628,SRS9254163,SAMN07584024,simple,408170,human gut metagenome,UMB21_09,,,,,,,no,,,,,BROAD INSTITUTE,SRA1247543,,public,DE16BD0D5CEF9D94A5197289E8419E30,FC039FC725E64F22493171564BA12810
SRR14907838,2021-06-24 23:46:03,2021-06-24 23:17:08,162148,56751800,162148,350,35,,https://sra-downloadb.be-md.ncbi.nlm.nih.gov/sos4/sra-pub-zq-1/SRR014/14907/SRR14907838/SRR14907838.lite.1,SRX11222254,UMB09_12,AMPLICON,PCR,METAGENOMIC,PAIRED,0,0,ILLUMINA,HiSeq X Ten,SRP117119,PRJNA400628,,400628,SRS2508917,SAMN07583880,simple,408170,human gut metagenome,UMB09_12,,,,,,,no,,,,,BROAD INSTITUTE,SRA1247543,,public,7DCA1A60AAE6A238478CF10FF3B39B4C,2716CE372C93706044F287AC21B89EAC
SRR14907834,2021-06-25 00:30:39,2021-06-24 23:17:06,213115,74590250,213115,350,49,,https://sra-downloadb.be-md.ncbi.nlm.nih.gov/sos4/sra-pub-zq-1/SRR014/14907/SRR14907834/SRR14907834.lite.1,SRX11222258,UMB21_11,AMPLICON,PCR,METAGENOMIC,PAIRED,0,0,ILLUMINA,HiSeq X Ten,SRP117119,PRJNA400628,,400628,SRS9254164,SAMN07584026,simple,408170,human gut metagenome,UMB21_11,,,,,,,no,,,,,BROAD INSTITUTE,SRA1247543,,public,2CE347F0EAA70921722D3C01CD1337F0,26FB63DBAF51380F1883A10B665BA21C
SRR14907836,2021-06-24 23:46:03,2021-06-24 23:16:45,2,700,2,350,0,,https://sra-downloadb.be-md.ncbi.nlm.nih.gov/sos4/sra-pub-zq-1/SRR014/14907/SRR14907836/SRR14907836.lite.1,SRX11222256,UMB22_09,AMPLICON,PCR,METAGENOMIC,PAIRED,0,0,ILLUMINA,HiSeq X Ten,SRP117119,PRJNA400628,,400628,SRS9254165,SAMN07584036,simple,408170,human gut metagenome,UMB22_09,,,,,,,no,,,,,BROAD INSTITUTE,SRA1247543,,public,97B25C4F9C8FFD26E51DE58D9317A4E6,FDD586FAB1DB62A921F4827970992D26
SRR14907835,2021-06-24 23:46:03,2021-06-24 23:17:08,302189,105766150,302189,350,66,,https://sra-downloadb.be-md.ncbi.nlm.nih.gov/sos4/sra-pub-zq-1/SRR014/14907/SRR14907835/SRR14907835.lite.1,SRX11222257,UMB21_12,AMPLICON,PCR,METAGENOMIC,PAIRED,0,0,ILLUMINA,HiSeq X Ten,SRP117119,PRJNA400628,,400628,SRS9254166,SAMN07584027,simple,408170,human gut metagenome,UMB21_12,,,,,,,no,,,,,BROAD INSTITUTE,SRA1247543,,public,BC01259EBBA85077CAFFA3DA88B35524,A8052533C13756E981951E4CAF20B677
SRR14907837,2021-06-24 23:46:03,2021-06-24 23:17:28,143256,50139600,143256,350,31,,https://sra-downloadb.be-md.ncbi.nlm.nih.gov/sos4/sra-pub-zq-1/SRR014/14907/SRR14907837/SRR14907837.lite.1,SRX11222255,UMB22_10,AMPLICON,PCR,METAGENOMIC,PAIRED,0,0,ILLUMINA,HiSeq X Ten,SRP117119,PRJNA400628,,400628,SRS9254167,SAMN07584037,simple,408170,human gut metagenome,UMB22_10,,,,,,,no,,,,,BROAD INSTITUTE,SRA1247543,,public,6182BC8A14B88E583031BA6D3DB77CCE,65103FDCD49052511FE374DE4C44EDF1
SRR14907842,2021-06-24 23:46:03,2021-06-24 23:16:55,21,7350,21,350,0,,https://sra-downloadb.be-md.ncbi.nlm.nih.gov/sos4/sra-pub-zq-1/SRR014/14907/SRR14907842/SRR14907842.lite.1,SRX11222250,UMB18_09,AMPLICON,PCR,METAGENOMIC,PAIRED,0,0,ILLUMINA,HiSeq X Ten,SRP117119,PRJNA400628,,400628,SRS9254334,SAMN07583977,simple,408170,human gut metagenome,UMB18_09,,,,,,,no,,,,,BROAD INSTITUTE,SRA1247543,,public,598EE713DA5AAF47EC6D092EB1565C36,5D9A570F4BC60EFDE24FCA9EC530B836
SRR14907839,2021-06-24 23:46:03,2021-06-24 23:17:28,313554,109743900,313554,350,69,,https://sra-downloadb.be-md.ncbi.nlm.nih.gov/sos8/sra-pub-zq-818/SRR014/14907/SRR14907839/SRR14907839.lite.1,SRX11222253,UMB22_11,AMPLICON,PCR,METAGENOMIC,PAIRED,0,0,ILLUMINA,HiSeq X Ten,SRP117119,PRJNA400628,,400628,SRS9254168,SAMN07584038,simple,408170,human gut metagenome,UMB22_11,,,,,,,no,,,,,BROAD INSTITUTE,SRA1247543,,public,A406EFAE4D8019382FECD153A734F92C,E8CBE9DCD392BA53570B858BC64B97E1
SRR14907840,2021-06-24 23:46:03,2021-06-24 23:17:20,286384,100234400,286384,350,62,,https://sra-downloadb.be-md.ncbi.nlm.nih.gov/sos4/sra-pub-zq-1/SRR014/14907/SRR14907840/SRR14907840.lite.1,SRX11222252,UMB23_10.1,AMPLICON,PCR,METAGENOMIC,PAIRED,0,0,ILLUMINA,HiSeq X Ten,SRP117119,PRJNA400628,,400628,SRS9254173,SAMN07584055,simple,408170,human gut metagenome,UMB23_10.1,,,,,,,no,,,,,BROAD INSTITUTE,SRA1247543,,public,90695F5AA7E04E3C982479D3E17095F3,A4F47333D356C56ABB5BA9E463E5CA9E
SRR14907841,2021-06-24 23:46:03,2021-06-24 23:17:07,111392,38987200,111392,350,25,,https://sra-downloadb.be-md.ncbi.nlm.nih.gov/sos4/sra-pub-zq-1/SRR014/14907/SRR14907841/SRR14907841.lite.1,SRX11222251,UMB23_11,AMPLICON,PCR,METAGENOMIC,PAIRED,0,0,ILLUMINA,HiSeq X Ten,SRP117119,PRJNA400628,,400628,SRS9254174,SAMN07584056,simple,408170,human gut metagenome,UMB23_11,,,,,,,no,,,,,BROAD INSTITUTE,SRA1247543,,public,F96F7DADCE11621BA5FBCAD2DB5FF23F,5E5BBF0B4D3C95B6A07962C1086943EC
SRR14907843,2021-06-24 23:46:03,2021-06-24 23:16:58,14,4900,14,350,0,,https://sra-downloadb.be-md.ncbi.nlm.nih.gov/sos4/sra-pub-zq-1/SRR014/14907/SRR14907843/SRR14907843.lite.1,SRX11222249,UMB24_09,AMPLICON,PCR,METAGENOMIC,PAIRED,0,0,ILLUMINA,HiSeq X Ten,SRP117119,PRJNA400628,,400628,SRS9254176,SAMN07584065,simple,408170,human gut metagenome,UMB24_09,,,,,,,no,,,,,BROAD INSTITUTE,SRA1247543,,public,88A9B0E47403DEC785E71DC0B687C35C,2DAC32EA0A1D3B2239CB4ED3463DA4B8
SRR14907848,2021-06-24 23:46:03,2021-06-24 23:17:39,396911,138918850,396911,350,87,,https://sra-downloadb.be-md.ncbi.nlm.nih.gov/sos4/sra-pub-zq-1/SRR014/14907/SRR14907848/SRR14907848.lite.1,SRX11222244,UMB15_11,AMPLICON,PCR,METAGENOMIC,PAIRED,0,0,ILLUMINA,HiSeq X Ten,SRP117119,PRJNA400628,,400628,SRS2508949,SAMN07583948,simple,408170,human gut metagenome,UMB15_11,,,,,,,no,,,,,BROAD INSTITUTE,SRA1247543,,public,E1B24620BA4FDF4E6A44DF24AC9E1E39,D1BB0B427755321214AED966831267BC
SRR14907844,2021-06-24 23:46:03,2021-06-24 23:17:00,17,5950,17,350,0,,https://sra-downloadb.be-md.ncbi.nlm.nih.gov/sos4/sra-pub-zq-1/SRR014/14907/SRR14907844/SRR14907844.lite.1,SRX11222248,UMB24_09.1,AMPLICON,PCR,METAGENOMIC,PAIRED,0,0,ILLUMINA,HiSeq X Ten,SRP117119,PRJNA400628,,400628,SRS9254177,SAMN07584066,simple,408170,human gut metagenome,UMB24_09.1,,,,,,,no,,,,,BROAD INSTITUTE,SRA1247543,,public,3611C37C3C21380DD937A8E44AAD5F31,FE1A4DBCFF84AE612378D160933DF1BB
SRR14907845,2021-06-24 23:46:03,2021-06-24 23:17:31,307073,107475550,307073,350,67,,https://sra-downloadb.be-md.ncbi.nlm.nih.gov/sos4/sra-pub-zq-1/SRR014/14907/SRR14907845/SRR14907845.lite.1,SRX11222247,UMB29_08,AMPLICON,PCR,METAGENOMIC,PAIRED,0,0,ILLUMINA,HiSeq X Ten,SRP117119,PRJNA400628,,400628,SRS9254205,SAMN07584123,simple,408170,human gut metagenome,UMB29_08,,,,,,,no,,,,,BROAD INSTITUTE,SRA1247543,,public,3014EB3913C01E58C1DB68890440BD6D,AC94CFEC1AAC957473D64124570F5086
SRR14907846,2021-06-24 23:46:03,2021-06-24 23:17:42,229077,80176950,229077,350,53,,https://sra-downloadb.be-md.ncbi.nlm.nih.gov/sos4/sra-pub-zq-1/SRR014/14907/SRR14907846/SRR14907846.lite.1,SRX11222246,UMB29_09,AMPLICON,PCR,METAGENOMIC,PAIRED,0,0,ILLUMINA,HiSeq X Ten,SRP117119,PRJNA400628,,400628,SRS9254206,SAMN07584124,simple,408170,human gut metagenome,UMB29_09,,,,,,,no,,,,,BROAD INSTITUTE,SRA1247543,,public,5D4C8683376C16F8AD350B18DBB57EE9,B2AD3B3382E0E2B70545C5A5374A4B4A
SRR14907847,2021-06-24 23:46:03,2021-06-24 23:17:32,160917,56320950,160917,350,37,,https://sra-downloadb.be-md.ncbi.nlm.nih.gov/sos4/sra-pub-zq-1/SRR014/14907/SRR14907847/SRR14907847.lite.1,SRX11222245,UMB29_10,AMPLICON,PCR,METAGENOMIC,PAIRED,0,0,ILLUMINA,HiSeq X Ten,SRP117119,PRJNA400628,,400628,SRS9254207,SAMN07584125,simple,408170,human gut metagenome,UMB29_10,,,,,,,no,,,,,BROAD INSTITUTE,SRA1247543,,public,6D668012232C2841F4E2AD22DD12A530,912853E3E20DD824FC6DC17B441FC7DF
SRR14907849,2021-06-24 23:46:03,2021-06-24 23:17:42,38971,13639850,38971,350,7,,https://sra-downloadb.be-md.ncbi.nlm.nih.gov/sos4/sra-pub-zq-1/SRR014/14907/SRR14907849/SRR14907849.lite.1,SRX11222243,UMB15_01.1,AMPLICON,PCR,METAGENOMIC,PAIRED,0,0,ILLUMINA,HiSeq X Ten,SRP117119,PRJNA400628,,400628,SRS2508941,SAMN07583937,simple,408170,human gut metagenome,UMB15_01.1,,,,,,,no,,,,,BROAD INSTITUTE,SRA1247543,,public,24756DDD85BEE2D548CE23803F6FA18B,0F744E4CBA49ECAD1068DC3181D0EFFF
SRR14907852,2021-06-24 23:46:03,2021-06-24 23:17:38,78590,27506500,78590,350,18,,https://sra-downloadb.be-md.ncbi.nlm.nih.gov/sos4/sra-pub-zq-1/SRR014/14907/SRR14907852/SRR14907852.lite.1,SRX11222240,UMB12_10,AMPLICON,PCR,METAGENOMIC,PAIRED,0,0,ILLUMINA,HiSeq X Ten,SRP117119,PRJNA400628,,400628,SRS9254152,SAMN07583918,simple,408170,human gut metagenome,UMB12_10,,,,,,,no,,,,,BROAD INSTITUTE,SRA1247543,,public,60D185BF33A0557397FC8B500936266B,5CEA34CC7681308B71460E8891CA70EC
SRR14907851,2021-06-24 23:46:03,2021-06-24 23:17:13,162,56700,162,350,0,,https://sra-downloadb.be-md.ncbi.nlm.nih.gov/sos4/sra-pub-zq-1/SRR014/14907/SRR14907851/SRR14907851.lite.1,SRX11222241,UMB12_12,AMPLICON,PCR,METAGENOMIC,PAIRED,0,0,ILLUMINA,HiSeq X Ten,SRP117119,PRJNA400628,,400628,SRS9254153,SAMN07583920,simple,408170,human gut metagenome,UMB12_12,,,,,,,no,,,,,BROAD INSTITUTE,SRA1247543,,public,5DB02353A26027AC1E53225DB6652028,D5F96838119AC4C46205C23C2796529C
SRR14907850,2021-06-24 23:46:03,2021-06-24 23:17:26,81230,28430500,81230,350,17,,https://sra-downloadb.be-md.ncbi.nlm.nih.gov/sos4/sra-pub-zq-1/SRR014/14907/SRR14907850/SRR14907850.lite.1,SRX11222242,UMB13_12,AMPLICON,PCR,METAGENOMIC,PAIRED,0,0,ILLUMINA,HiSeq X Ten,SRP117119,PRJNA400628,,400628,SRS9254154,SAMN07583933,simple,408170,human gut metagenome,UMB13_12,,,,,,,no,,,,,BROAD INSTITUTE,SRA1247543,,public,90CC3E9F8291070EE9A38CDAE9917698,C0A08AE6E3DE6D57B641EB385E7B944B
SRR14881749,2021-06-22 18:24:32,2021-06-22 16:43:47,5042,1018484,5042,202,0,,https://sra-downloadb.be-md.ncbi.nlm.nih.gov/sos4/sra-pub-zq-1/SRR014/14881/SRR14881749/SRR14881749.lite.1,SRX11199127,UMBBLANK_CTRLurp,WGS,PCR,METAGENOMIC,PAIRED,0,0,ILLUMINA,HiSeq X Ten,SRP117119,PRJNA400628,,400628,SRS9254329,SAMN19697406,simple,408170,human gut metagenome,UMBBLANK_CTRLurp,,,,,,,no,,,,,BROAD INSTITUTE,SRA1247531,,public,47D77A8ECF26E68EF06351A28224D24D,0A925AFE90383EC7F29AFEFB65AADA14
SRR6018605,2017-09-07 20:13:16,2017-09-07 20:10:37,61194,21417900,61194,350,13,,https://sra-downloadb.be-md.ncbi.nlm.nih.gov/sos5/sra-pub-zq-14/SRR006/018/SRR6018605.sralite.1,SRX3170049,UMB01_06,AMPLICON,PCR,METAGENOMIC,PAIRED,0,0,ILLUMINA,Illumina MiSeq,SRP117119,PRJNA400628,,400628,SRS2499923,SAMN07583770,simple,408170,human gut metagenome,UMB01_06,,,,,,,no,,,,,BI,SRA604779,,public,3D535B681A6467083A3E50EA7EFC16F5,9ED24D399B60132921992EAEE269A540
SRR6019740,2017-09-08 09:57:12,2017-09-08 09:54:31,62710,21948500,62710,350,11,,https://sra-downloadb.be-md.ncbi.nlm.nih.gov/sos5/sra-pub-zq-14/SRR006/019/SRR6019740.sralite.1,SRX3170911,UMB05_04,AMPLICON,PCR,METAGENOMIC,PAIRED,0,0,ILLUMINA,Illumina MiSeq,SRP117119,PRJNA400628,,400628,SRS2499962,SAMN07583820,simple,408170,human gut metagenome,UMB05_04,,,,,,,no,,,,,BI,SRA606570,,public,AA241F14E96325B406C65803C51458A3,6D61EEC25633F8D96CF0F1F14BD1F2E5
SRR6019730,2017-09-08 09:53:12,2017-09-08 09:51:30,511873,179155550,511873,350,111,,https://sra-downloadb.be-md.ncbi.nlm.nih.gov/sos5/sra-pub-zq-14/SRR006/019/SRR6019730.sralite.1,SRX3170901,UMB09_06,AMPLICON,PCR,METAGENOMIC,PAIRED,0,0,ILLUMINA,Illumina MiSeq,SRP117119,PRJNA400628,,400628,SRS2500010,SAMN07583874,simple,408170,human gut metagenome,UMB09_06,,,,,,,no,,,,,BI,SRA606491,,public,30CB065383CD7AAEC8754F45562CAD96,46685010C6047CCDCEA2F543D2D60131
SRR6029639,2017-09-15 14:37:11,2017-09-15 14:13:19,13611579,3132968758,13611579,230,1532,AYEK01000001.1,https://sra-downloadb.be-md.ncbi.nlm.nih.gov/sos5/sra-pub-zq-14/SRR006/029/SRR6029639.sralite.1,SRX3180039,UMB24_01,WGS,PCR,METAGENOMIC,PAIRED,0,0,ILLUMINA,Illumina HiSeq 2500,SRP117119,PRJNA400628,,400628,SRS2500159,SAMN07584057,simple,408170,human gut metagenome,UMB24_01,,,,,,,no,,,,,BI,SRA607512,,public,2E9E1A55C6ECBCBD0FF652A2355E8596,59CC2AA960D0CB5DE93413625E2DE575
SRR6018705,2017-09-07 20:18:11,2017-09-07 20:15:13,405007,141752450,405007,350,87,,https://sra-downloadb.be-md.ncbi.nlm.nih.gov/sos5/sra-pub-zq-14/SRR006/018/SRR6018705.sralite.1,SRX3170149,UMB02_07,AMPLICON,PCR,METAGENOMIC,PAIRED,0,0,ILLUMINA,Illumina MiSeq,SRP117119,PRJNA400628,,400628,SRS2500870,SAMN07583784,simple,408170,human gut metagenome,UMB02_07,,,,,,,no,,,,,BI,SRA604885,,public,030FE2EADC02EF4C7A2B4ADD9CC604E4,6E6944C71616757048B92A04C76AA93B
SRR6018693,2017-09-07 20:16:15,2017-09-07 20:14:55,72021,25207350,72021,350,15,,https://sra-downloadb.be-md.ncbi.nlm.nih.gov/sos5/sra-pub-zq-14/SRR006/018/SRR6018693.sralite.1,SRX3170137,UMB11_05,AMPLICON,PCR,METAGENOMIC,PAIRED,0,0,ILLUMINA,Illumina MiSeq,SRP117119,PRJNA400628,,400628,SRS2500040,SAMN07583899,simple,408170,human gut metagenome,UMB11_05,,,,,,,no,,,,,BI,SRA604849,,public,08E04E396BF9A442EB315ABA4340C9FA,0991556D4CB5034FC3C9A2E2B8B0EF65
SRR6018397,2017-09-07 19:02:13,2017-09-07 18:59:41,19251,6737850,19251,350,4,,https://sra-downloadb.be-md.ncbi.nlm.nih.gov/sos5/sra-pub-zq-14/SRR006/018/SRR6018397.sralite.1,SRX3169912,UMB13_05,AMPLICON,PCR,METAGENOMIC,PAIRED,0,0,ILLUMINA,Illumina MiSeq,SRP117119,PRJNA400628,,400628,SRS2500059,SAMN07583926,simple,408170,human gut metagenome,UMB13_05,,,,,,,no,,,,,BI,SRA606304,,public,4698036DE17EA5BAAA70F8DD1D573E74,A81C3004C2A0C425F19E8104C5AF0586
SRR6029646,2017-09-15 14:28:12,2017-09-15 14:14:02,14635908,3370566116,14635908,230,1660,AYEK01000001.1,https://sra-downloadb.be-md.ncbi.nlm.nih.gov/sos5/sra-pub-zq-14/SRR006/029/SRR6029646.sralite.1,SRX3180046,UMB21_02,WGS,PCR,METAGENOMIC,PAIRED,0,0,ILLUMINA,Illumina HiSeq 2500,SRP117119,PRJNA400628,,400628,SRS2500147,SAMN07584017,simple,408170,human gut metagenome,UMB21_02,,,,,,,no,,,,,BI,SRA607517,,public,EE0A82CF4C028563004D5C35F77A848D,883AA0412ED277AA0AA4E123EC2EB796
SRR6018556,2017-09-07 19:46:11,2017-09-07 19:43:23,313682,109788700,313682,350,68,,https://sra-downloadb.be-md.ncbi.nlm.nih.gov/sos5/sra-pub-zq-14/SRR006/018/SRR6018556.sralite.1,SRX3170000,UMB24_01,AMPLICON,PCR,METAGENOMIC,PAIRED,0,0,ILLUMINA,Illumina MiSeq,SRP117119,PRJNA400628,,400628,SRS2500159,SAMN07584057,simple,408170,human gut metagenome,UMB24_01,,,,,,,no,,,,,BI,SRA604618,,public,49FA04F5113D9C2CD20409C03C5D6568,EA6A9F80963ABAF699D198F3C8BAAE07
SRR6018436,2017-09-07 19:17:10,2017-09-07 19:14:23,12906,4517100,12906,350,2,,https://sra-downloadb.be-md.ncbi.nlm.nih.gov/sos5/sra-pub-zq-14/SRR006/018/SRR6018436.sralite.1,SRX3169951,UMB02_05,AMPLICON,PCR,METAGENOMIC,PAIRED,0,0,ILLUMINA,Illumina MiSeq,SRP117119,PRJNA400628,,400628,SRS2500880,SAMN07583782,simple,408170,human gut metagenome,UMB02_05,,,,,,,no,,,,,BI,SRA606314,,public,8071BD91A9464EED3D4E67CABDDDCEB9,CCE364FFA72072DE692B7EC00ABF9CC9
SRR9900638,2020-09-01 00:03:13,2020-06-22 16:12:50,1737578,2993476827,0,1722,2659,,https://sra-downloadb.be-md.ncbi.nlm.nih.gov/sos9/sra-pub-zq-922/SRR009/9900/SRR9900638/SRR9900638.lite.1,SRX6652486,FAK60672_20190626_03_UMB0100_18,WGS,RANDOM,GENOMIC,SINGLE,0,0,OXFORD_NANOPORE,GridION,SRP117119,PRJNA400628,,400628,SRS5213987,SAMN12212558,simple,562,Escherichia coli,UMB0100_18,,,,,,,no,,,,,BROAD INSTITUTE,SRA932561,,public,4C4DBB8B4051F3217E0898521734332A,0E9AFE511B5D80570D337E7C4997AD02
SRR9900636,2020-09-01 00:03:13,2020-06-22 16:12:10,39758,192465032,0,4840,168,,https://sra-downloadb.be-md.ncbi.nlm.nih.gov/sos9/sra-pub-zq-924/SRR009/9900/SRR9900636/SRR9900636.lite.1,SRX6652488,FAK60672_20190626_03_UMB120101_06,WGS,RANDOM,GENOMIC,SINGLE,0,0,OXFORD_NANOPORE,GridION,SRP117119,PRJNA400628,,400628,SRS5213989,SAMN12212560,simple,562,Escherichia coli,UMB120101_06,,,,,,,no,,,,,BROAD INSTITUTE,SRA932561,,public,24A69FC3720140E0C80FC29EA474AE12,F58F2324B34CC1AC029A4DDAA86C9517
SRR6018586,2017-09-07 20:13:16,2017-09-07 20:10:20,29831,10440850,29831,350,6,,https://sra-downloadb.be-md.ncbi.nlm.nih.gov/sos5/sra-pub-zq-14/SRR006/018/SRR6018586.sralite.1,SRX3170030,UMB21_02,AMPLICON,PCR,METAGENOMIC,PAIRED,0,0,ILLUMINA,Illumina MiSeq,SRP117119,PRJNA400628,,400628,SRS2500147,SAMN07584017,simple,408170,human gut metagenome,UMB21_02,,,,,,,no,,,,,BI,SRA604650,,public,D373C5409837FD9205FED1109B6E2350,3EB35A988C4B1BE86D9E20CC2E080DF8
SRR9900637,2020-09-01 00:03:13,2020-06-22 16:11:32,158522,558677385,0,3524,491,,https://sra-downloadb.be-md.ncbi.nlm.nih.gov/sos9/sra-pub-zq-924/SRR009/9900/SRR9900637/SRR9900637.lite.1,SRX6652487,FAK60672_20190626_03_UMB2500_14,WGS,RANDOM,GENOMIC,SINGLE,0,0,OXFORD_NANOPORE,GridION,SRP117119,PRJNA400628,,400628,SRS5213988,SAMN12212559,simple,1499973,Escherichia marmotae,UMB2500_14,,,,,,,no,,,,,BROAD INSTITUTE,SRA932561,,public,8B9427311BBCB52C8CDC5FBB5E2A76DB,6B9F2042FEF63BB7BBD37140B5FDC6CF
SRR9900639,2020-09-01 00:03:13,2020-06-22 16:11:43,171261,879342211,0,5134,771,,https://sra-downloadb.be-md.ncbi.nlm.nih.gov/sos9/sra-pub-zq-924/SRR009/9900/SRR9900639/SRR9900639.lite.1,SRX6652485,FAK60672_20190626_03_UMB2500_29,WGS,RANDOM,GENOMIC,SINGLE,0,0,OXFORD_NANOPORE,GridION,SRP117119,PRJNA400628,,400628,SRS5213986,SAMN12212557,simple,562,Escherichia coli,UMB2500_29,,,,,,,no,,,,,BROAD INSTITUTE,SRA932561,,public,21D45EB2539D8F5F479D0A4B208C0698,AFC84D6329C9D007171F875F2FA87703
SRR9900644,2020-09-01 00:03:13,2020-06-22 16:11:50,773199,1593635056,0,2061,1414,,https://sra-downloadb.be-md.ncbi.nlm.nih.gov/sos9/sra-pub-zq-924/SRR009/9900/SRR9900644/SRR9900644.lite.1,SRX6652480,FAK66966_20190626_02_UMB1800_15,WGS,RANDOM,GENOMIC,SINGLE,0,0,OXFORD_NANOPORE,GridION,SRP117119,PRJNA400628,,400628,SRS5213981,SAMN12212552,simple,562,Escherichia coli,UMB1800_15,,,,,,,no,,,,,BROAD INSTITUTE,SRA932561,,public,C31F4FDECBF7DFFBC6A655D8AF031407,10CF5F6D154A5EF248EFD76B009BDB51
SRR9900642,2020-09-01 00:03:13,2020-06-22 16:12:39,594359,1708449131,0,2874,1508,,https://sra-downloadb.be-md.ncbi.nlm.nih.gov/sos9/sra-pub-zq-924/SRR009/9900/SRR9900642/SRR9900642.lite.1,SRX6652482,FAK66966_20190626_02_UMB1800_22,WGS,RANDOM,GENOMIC,SINGLE,0,0,OXFORD_NANOPORE,GridION,SRP117119,PRJNA400628,,400628,SRS5213983,SAMN12212554,simple,562,Escherichia coli,UMB1800_22,,,,,,,no,,,,,BROAD INSTITUTE,SRA932561,,public,48E0096CE70AD486B405EED1172696A9,F605A5A94C77DD7DC20AD7471178C9AB
SRR9900641,2020-09-01 00:03:13,2020-06-22 16:11:50,349227,1461972898,0,4186,1284,,https://sra-downloadb.be-md.ncbi.nlm.nih.gov/sos9/sra-pub-zq-924/SRR009/9900/SRR9900641/SRR9900641.lite.1,SRX6652483,FAK60672_20190626_03_UMB1800_23,WGS,RANDOM,GENOMIC,SINGLE,0,0,OXFORD_NANOPORE,GridION,SRP117119,PRJNA400628,,400628,SRS5213984,SAMN12212555,simple,562,Escherichia coli,UMB1800_23,,,,,,,no,,,,,BROAD INSTITUTE,SRA932561,,public,F9ADB118CD90F48727BC69E53B63F255,61AACC81F4F952E128F74F28D0451F98
SRR9900643,2020-09-01 00:03:13,2020-06-22 16:11:26,227540,905220714,0,3978,796,,https://sra-downloadb.be-md.ncbi.nlm.nih.gov/sos9/sra-pub-zq-924/SRR009/9900/SRR9900643/SRR9900643.lite.1,SRX6652481,FAK66966_20190626_02_UMB2000_07,WGS,RANDOM,GENOMIC,SINGLE,0,0,OXFORD_NANOPORE,GridION,SRP117119,PRJNA400628,,400628,SRS5213982,SAMN12212553,simple,562,Escherichia coli,UMB2000_07,,,,,,,no,,,,,BROAD INSTITUTE,SRA932561,,public,ABC13AF09FB8282850E46CC6F83E80A5,A147318CAB08D28EF8C208F9E1E16424
SRR9900640,2020-09-01 00:03:13,2020-06-22 16:14:24,3896819,5810389734,0,1491,5175,,https://sra-downloadb.be-md.ncbi.nlm.nih.gov/sos9/sra-pub-zq-924/SRR009/9900/SRR9900640/SRR9900640.lite.1,SRX6652484,FAK60672_20190626_03_UMB200201_11,WGS,RANDOM,GENOMIC,SINGLE,0,0,OXFORD_NANOPORE,GridION,SRP117119,PRJNA400628,,400628,SRS5213985,SAMN12212556,simple,562,Escherichia coli,UMB200201_11,,,,,,,no,,,,,BROAD INSTITUTE,SRA932561,,public,EAD0109E3C584F2B281D30E90E1A280E,E2C49CD7FFC1DF6DA2219A830D3E233C
SRR9900647,2020-09-01 00:03:13,2020-06-22 16:12:21,158738,662134353,0,4171,582,,https://sra-downloadb.be-md.ncbi.nlm.nih.gov/sos9/sra-pub-zq-924/SRR009/9900/SRR9900647/SRR9900647.lite.1,SRX6652477,FAK66966_20190626_02_UMB080201_08,WGS,RANDOM,GENOMIC,SINGLE,0,0,OXFORD_NANOPORE,GridION,SRP117119,PRJNA400628,,400628,SRS5213978,SAMN12212549,simple,562,Escherichia coli,UMB080201_08,,,,,,,no,,,,,BROAD INSTITUTE,SRA932561,,public,7B026AC1441EC632CAC770FB399D0DD3,D1543064BA3A88D6F7695283786F059E
SRR9900645,2020-09-01 00:03:13,2020-06-22 16:13:08,2177560,3407379561,0,1564,3040,,https://sra-downloadb.be-md.ncbi.nlm.nih.gov/sos9/sra-pub-zq-924/SRR009/9900/SRR9900645/SRR9900645.lite.1,SRX6652479,FAK66966_20190626_02_UMB110301_19,WGS,RANDOM,GENOMIC,SINGLE,0,0,OXFORD_NANOPORE,GridION,SRP117119,PRJNA400628,,400628,SRS5213980,SAMN12212551,simple,562,Escherichia coli,UMB110301_19,,,,,,,no,,,,,BROAD INSTITUTE,SRA932561,,public,F4D52982D885A4110BD00F69B37C1F0A,6039517BB7201B06E15DE60EB967A69A
SRR9900646,2020-09-01 00:03:13,2020-06-22 16:13:04,754707,1343629358,0,1780,1195,,https://sra-downloadb.be-md.ncbi.nlm.nih.gov/sos9/sra-pub-zq-922/SRR009/9900/SRR9900646/SRR9900646.lite.1,SRX6652478,FAK66966_20190626_02_UMB150101_13,WGS,RANDOM,GENOMIC,SINGLE,0,0,OXFORD_NANOPORE,GridION,SRP117119,PRJNA400628,,400628,SRS5213979,SAMN12212550,simple,562,Escherichia coli,UMB150101_13,,,,,,,no,,,,,BROAD INSTITUTE,SRA932561,,public,D30BF0810709C789BE36B0C0D5431ED0,9003DFA7D88E057F8E7395E71CDFC225
SRR6029758,2017-09-15 14:40:10,2017-09-15 14:16:27,14489330,3328982060,14489330,229,1634,AYEK01000001.1,https://sra-downloadb.be-md.ncbi.nlm.nih.gov/sos5/sra-pub-zq-14/SRR006/029/SRR6029758.sralite.1,SRX3180153,UMB29_00,WGS,PCR,METAGENOMIC,PAIRED,0,0,ILLUMINA,Illumina HiSeq 2500,SRP117119,PRJNA400628,,400628,SRS2500661,SAMN07584115,simple,408170,human gut metagenome,UMB29_00,,,,,,,no,,,,,BI,SRA607574,,public,CDC65CC301E99F0CF5A6B8F6402F4861,31E2BB443C56B5F6DD442CD1A74ECCFC
SRR6029759,2017-09-15 10:34:11,2017-09-15 10:28:01,14253046,3271231492,14253046,229,1606,AYEK01000001.1,https://sra-downloadb.be-md.ncbi.nlm.nih.gov/sos5/sra-pub-zq-14/SRR006/029/SRR6029759.sralite.1,SRX3180154,UMB29_02,WGS,PCR,METAGENOMIC,PAIRED,0,0,ILLUMINA,Illumina HiSeq 2500,SRP117119,PRJNA400628,,400628,SRS2500660,SAMN07584117,simple,408170,human gut metagenome,UMB29_02,,,,,,,no,,,,,BI,SRA537116,,public,544A5A117731DB8E7BA22C2FEB6B5EC3,AD37B95E37E405C50B6563C249511FC7
SRR6029757,2017-09-15 14:28:12,2017-09-15 14:15:11,9937428,2255557456,9937428,226,1107,AYEK01000001.1,https://sra-downloadb.be-md.ncbi.nlm.nih.gov/sos5/sra-pub-zq-14/SRR006/029/SRR6029757.sralite.1,SRX3180152,UMB26_03,WGS,PCR,METAGENOMIC,PAIRED,0,0,ILLUMINA,Illumina HiSeq 2500,SRP117119,PRJNA400628,,400628,SRS2500122,SAMN07584085,simple,408170,human gut metagenome,UMB26_03,,,,,,,no,,,,,BI,SRA607568,,public,B15C10ED67C2C244C872FF11A2E6DD3D,89590F90B344786A2052FCEC51CD1262
SRR6029756,2017-09-15 14:34:12,2017-09-15 14:15:53,12000926,2727383152,12000926,227,1342,AYEK01000001.1,https://sra-downloadb.be-md.ncbi.nlm.nih.gov/sos5/sra-pub-zq-14/SRR006/029/SRR6029756.sralite.1,SRX3180151,UMB23_07.1,WGS,PCR,METAGENOMIC,PAIRED,0,0,ILLUMINA,Illumina HiSeq 2500,SRP117119,PRJNA400628,,400628,SRS2500144,SAMN07584051,simple,408170,human gut metagenome,UMB23_07.1,,,,,,,no,,,,,BI,SRA607570,,public,65E165DD37DACDE3E30E2C804D6289EB,2B45B1420317A0F09F620B5903A93B53
SRR6029754,2017-09-15 14:38:11,2017-09-15 14:16:16,16775080,3849739760,16775080,229,1887,AYEK01000001.1,https://sra-downloadb.be-md.ncbi.nlm.nih.gov/sos5/sra-pub-zq-14/SRR006/029/SRR6029754.sralite.1,SRX3180149,UMB26_06,WGS,PCR,METAGENOMIC,PAIRED,0,0,ILLUMINA,Illumina HiSeq 2500,SRP117119,PRJNA400628,,400628,SRS2500155,SAMN07584088,simple,408170,human gut metagenome,UMB26_06,,,,,,,no,,,,,BI,SRA607571,,public,9963A5D3664663A7FE40796F4931D3A0,D3C263D53B85E99946674B655233F29A
SRR6029753,2017-09-15 14:37:11,2017-09-15 14:15:30,11747955,2677304410,11747955,227,1333,AYEK01000001.1,https://sra-downloadb.be-md.ncbi.nlm.nih.gov/sos5/sra-pub-zq-14/SRR006/029/SRR6029753.sralite.1,SRX3180148,UMB26_04,WGS,PCR,METAGENOMIC,PAIRED,0,0,ILLUMINA,Illumina HiSeq 2500,SRP117119,PRJNA400628,,400628,SRS2500169,SAMN07584086,simple,408170,human gut metagenome,UMB26_04,,,,,,,no,,,,,BI,SRA607569,,public,ED99DB9627F616853C28A806D725FA0F,AE8E972051F70FE3C7A9995623993368
SRR6029755,2017-09-15 14:24:19,2017-09-15 14:14:42,6170195,1414400890,6170195,229,698,AYEK01000001.1,https://sra-downloadb.be-md.ncbi.nlm.nih.gov/sos5/sra-pub-zq-14/SRR006/029/SRR6029755.sralite.1,SRX3180150,UMB29_04,WGS,PCR,METAGENOMIC,PAIRED,0,0,ILLUMINA,Illumina HiSeq 2500,SRP117119,PRJNA400628,,400628,SRS2500663,SAMN07584119,simple,408170,human gut metagenome,UMB29_04,,,,,,,no,,,,,BI,SRA607573,,public,A8887257C1D8961CAFCAD5BD72970C64,55C8CFCE0FE978F840A1B09BB945963D
SRR6029723,2017-09-15 14:19:11,2017-09-15 14:14:28,6182620,1402439840,6182620,226,696,AYEK01000001.1,https://sra-downloadb.be-md.ncbi.nlm.nih.gov/sos5/sra-pub-zq-14/SRR006/029/SRR6029723.sralite.1,SRX3180118,UMB23_05,WGS,PCR,METAGENOMIC,PAIRED,0,0,ILLUMINA,Illumina HiSeq 2500,SRP117119,PRJNA400628,,400628,SRS2500114,SAMN07584046,simple,408170,human gut metagenome,UMB23_05,,,,,,,no,,,,,BI,SRA607563,,public,287360D95330BB2C7C39AFBD6F269675,4EC8C8A0C08BCB3BB952DFB15CCD6B7B
SRR6029724,2017-09-15 14:38:11,2017-09-15 14:15:52,13666015,3112600730,13666015,227,1539,AYEK01000001.1,https://sra-downloadb.be-md.ncbi.nlm.nih.gov/sos5/sra-pub-zq-14/SRR006/029/SRR6029724.sralite.1,SRX3180119,UMB23_03,WGS,PCR,METAGENOMIC,PAIRED,0,0,ILLUMINA,Illumina HiSeq 2500,SRP117119,PRJNA400628,,400628,SRS2500124,SAMN07584044,simple,408170,human gut metagenome,UMB23_03,,,,,,,no,,,,,BI,SRA607561,,public,898E437348F3158518649E4DD73D1293,2FC89C1B015820BF210B28038AE62163
SRR6029725,2017-09-15 14:40:10,2017-09-15 14:16:41,18041206,4179440212,18041206,231,2044,AYEK01000001.1,https://sra-downloadb.be-md.ncbi.nlm.nih.gov/sos5/sra-pub-zq-14/SRR006/029/SRR6029725.sralite.1,SRX3180120,UMB23_07,WGS,PCR,METAGENOMIC,PAIRED,0,0,ILLUMINA,Illumina HiSeq 2500,SRP117119,PRJNA400628,,400628,SRS2500151,SAMN07584050,simple,408170,human gut metagenome,UMB23_07,,,,,,,no,,,,,BI,SRA607565,,public,724F7A1419D401D8A6ADF309552079D3,98C2B3D4E583493CCC02D289395B0ED2
SRR6029726,2017-09-15 14:38:11,2017-09-15 14:16:26,16557768,3811645036,16557768,230,1867,AYEK01000001.1,https://sra-downloadb.be-md.ncbi.nlm.nih.gov/sos5/sra-pub-zq-14/SRR006/029/SRR6029726.sralite.1,SRX3180121,UMB23_06,WGS,PCR,METAGENOMIC,PAIRED,0,0,ILLUMINA,Illumina HiSeq 2500,SRP117119,PRJNA400628,,400628,SRS2500157,SAMN07584048,simple,408170,human gut metagenome,UMB23_06,,,,,,,no,,,,,BI,SRA607566,,public,D4AF2B09797B8458EE36D94E6085F756,2682AD8D6FC6D2F7E078B49357D91633
SRR6029752,2017-09-15 14:35:12,2017-09-15 14:16:21,13155155,3012235310,13155155,228,1487,AYEK01000001.1,https://sra-downloadb.be-md.ncbi.nlm.nih.gov/sos5/sra-pub-zq-14/SRR006/029/SRR6029752.sralite.1,SRX3180147,UMB26_01,WGS,PCR,METAGENOMIC,PAIRED,0,0,ILLUMINA,Illumina HiSeq 2500,SRP117119,PRJNA400628,,400628,SRS2500164,SAMN07584083,simple,408170,human gut metagenome,UMB26_01,,,,,,,no,,,,,BI,SRA607567,,public,5B276DA175AE2907E03350A7BFFF07FF,C4D24EC1B280C07282348FF36C07FBA6
SRR6029719,2017-09-15 14:37:11,2017-09-15 14:15:59,14696470,3373652340,14696470,229,1648,AYEK01000001.1,https://sra-downloadb.be-md.ncbi.nlm.nih.gov/sos5/sra-pub-zq-14/SRR006/029/SRR6029719.sralite.1,SRX3180114,UMB23_01,WGS,PCR,METAGENOMIC,PAIRED,0,0,ILLUMINA,Illumina HiSeq 2500,SRP117119,PRJNA400628,,400628,SRS2500103,SAMN07584040,simple,408170,human gut metagenome,UMB23_01,,,,,,,no,,,,,BI,SRA607562,,public,AFFF31AF2EA3DD5EA731BBCEA12AF6A4,E399579AC10A35533373DE7B5F637C0E
SRR6029718,2017-09-15 14:34:12,2017-09-15 14:16:07,12382928,2843945456,12382928,229,1405,AYEK01000001.1,https://sra-downloadb.be-md.ncbi.nlm.nih.gov/sos5/sra-pub-zq-14/SRR006/029/SRR6029718.sralite.1,SRX3180113,UMB23_01.2,WGS,PCR,METAGENOMIC,PAIRED,0,0,ILLUMINA,Illumina HiSeq 2500,SRP117119,PRJNA400628,,400628,SRS2500112,SAMN07584041,simple,408170,human gut metagenome,UMB23_01.2,,,,,,,no,,,,,BI,SRA607560,,public,A9E0D97D0D8A2DF13B1DAEC1560F69C0,B05A20D692CB8C35285B12424D48B095
SRR6029721,2017-09-15 14:26:12,2017-09-15 14:15:10,10399629,2353610758,10399629,226,1155,AYEK01000001.1,https://sra-downloadb.be-md.ncbi.nlm.nih.gov/sos5/sra-pub-zq-14/SRR006/029/SRR6029721.sralite.1,SRX3180116,UMB23_05.1,WGS,PCR,METAGENOMIC,PAIRED,0,0,ILLUMINA,Illumina HiSeq 2500,SRP117119,PRJNA400628,,400628,SRS2500132,SAMN07584047,simple,408170,human gut metagenome,UMB23_05.1,,,,,,,no,,,,,BI,SRA607564,,public,66BE1DC90F421C6A5FA7EAF49EC8263A,C697AF755B059821FE0877C5DA4A2822
SRR6029720,2017-09-15 14:34:12,2017-09-15 14:17:10,12467102,2859141704,12467102,229,1399,AYEK01000001.1,https://sra-downloadb.be-md.ncbi.nlm.nih.gov/sos5/sra-pub-zq-14/SRR006/029/SRR6029720.sralite.1,SRX3180115,UMB21_07,WGS,PCR,METAGENOMIC,PAIRED,0,0,ILLUMINA,Illumina HiSeq 2500,SRP117119,PRJNA400628,,400628,SRS2500138,SAMN07584022,simple,408170,human gut metagenome,UMB21_07,,,,,,,no,,,,,BI,SRA607558,,public,3B1513D321D10C197BBE8B01956EB0B6,CADEA3B96AE91458CC170C881897811B
SRR6029722,2017-09-15 14:40:10,2017-09-15 14:15:58,14383399,3296385098,14383399,229,1623,AYEK01000001.1,https://sra-downloadb.be-md.ncbi.nlm.nih.gov/sos5/sra-pub-zq-14/SRR006/029/SRR6029722.sralite.1,SRX3180117,UMB21_05,WGS,PCR,METAGENOMIC,PAIRED,0,0,ILLUMINA,Illumina HiSeq 2500,SRP117119,PRJNA400628,,400628,SRS2500158,SAMN07584020,simple,408170,human gut metagenome,UMB21_05,,,,,,,no,,,,,BI,SRA607559,,public,B1DD7DE56F3500BE63B505777567C736,F3372857B91C7AC7E4D86C85C6D33E8F
SRR6029713,2017-09-15 14:33:11,2017-09-15 14:16:59,10970947,2543155094,10970947,231,1255,AYEK01000001.1,https://sra-downloadb.be-md.ncbi.nlm.nih.gov/sos5/sra-pub-zq-14/SRR006/029/SRR6029713.sralite.1,SRX3180108,UMB20_02.2,WGS,PCR,METAGENOMIC,PAIRED,0,0,ILLUMINA,Illumina HiSeq 2500,SRP117119,PRJNA400628,,400628,SRS2500135,SAMN07584001,simple,408170,human gut metagenome,UMB20_02.2,,,,,,,no,,,,,BI,SRA607551,,public,D9EABCAF8EB28F2707C5661CA45FDC90,8BEAA08ED406B2EA1AD8AA3BA2AF899C
SRR6029714,2017-09-15 14:29:16,2017-09-15 14:14:41,10038238,2315457976,10038238,230,1127,AYEK01000001.1,https://sra-downloadb.be-md.ncbi.nlm.nih.gov/sos5/sra-pub-zq-14/SRR006/029/SRR6029714.sralite.1,SRX3180109,UMB20_05,WGS,PCR,METAGENOMIC,PAIRED,0,0,ILLUMINA,Illumina HiSeq 2500,SRP117119,PRJNA400628,,400628,SRS2500117,SAMN07584006,simple,408170,human gut metagenome,UMB20_05,,,,,,,no,,,,,BI,SRA607554,,public,F7FB74AAF3B59D8F234DE5F9F6A6A0BE,9D60EF81B9C9A77148E4E666F72DEBE1
SRR6029716,2017-09-15 14:26:12,2017-09-15 14:14:24,11171117,2563395734,11171117,229,1259,AYEK01000001.1,https://sra-downloadb.be-md.ncbi.nlm.nih.gov/sos5/sra-pub-zq-14/SRR006/029/SRR6029716.sralite.1,SRX3180111,UMB20_06,WGS,PCR,METAGENOMIC,PAIRED,0,0,ILLUMINA,Illumina HiSeq 2500,SRP117119,PRJNA400628,,400628,SRS2500134,SAMN07584008,simple,408170,human gut metagenome,UMB20_06,,,,,,,no,,,,,BI,SRA607555,,public,95268CE1B49A0FE03B265D3724F85F9B,AAAB0D1CABCE447C492A5911C69C527E
SRR6029717,2017-09-15 14:33:11,2017-09-15 14:14:56,12401790,2845387780,12401790,229,1391,AYEK01000001.1,https://sra-downloadb.be-md.ncbi.nlm.nih.gov/sos5/sra-pub-zq-14/SRR006/029/SRR6029717.sralite.1,SRX3180112,UMB21_01,WGS,PCR,METAGENOMIC,PAIRED,0,0,ILLUMINA,Illumina HiSeq 2500,SRP117119,PRJNA400628,,400628,SRS2500153,SAMN07584016,simple,408170,human gut metagenome,UMB21_01,,,,,,,no,,,,,BI,SRA607557,,public,4D7A1182E351463FEACEDB021BDD38F3,24CC858D736717782DD9E4E8B109CD7E
SRR6029715,2017-09-15 14:19:11,2017-09-15 14:13:44,6430498,1482907196,6430498,230,732,AYEK01000001.1,https://sra-downloadb.be-md.ncbi.nlm.nih.gov/sos5/sra-pub-zq-14/SRR006/029/SRR6029715.sralite.1,SRX3180110,UMB21_03,WGS,PCR,METAGENOMIC,PAIRED,0,0,ILLUMINA,Illumina HiSeq 2500,SRP117119,PRJNA400628,,400628,SRS2500148,SAMN07584018,simple,408170,human gut metagenome,UMB21_03,,,,,,,no,,,,,BI,SRA607556,,public,A92C97AD08752A9D2A09A9187CA2888C,289799D5A66954EE6498BEAE39C94BF6
SRR6029708,2017-09-15 14:38:11,2017-09-15 14:14:54,13719431,3172605862,13719431,231,1564,AYEK01000001.1,https://sra-downloadb.be-md.ncbi.nlm.nih.gov/sos5/sra-pub-zq-14/SRR006/029/SRR6029708.sralite.1,SRX3180103,UMB18_07,WGS,PCR,METAGENOMIC,PAIRED,0,0,ILLUMINA,Illumina HiSeq 2500,SRP117119,PRJNA400628,,400628,SRS2500099,SAMN07583975,simple,408170,human gut metagenome,UMB18_07,,,,,,,no,,,,,BI,SRA607547,,public,436CDFF6769A4BC270F0FB0069A1A492,FC10E02EFC1CE8845A12F9FD4D773315
SRR6029710,2017-09-15 14:26:12,2017-09-15 14:14:14,10481524,2408404948,10481524,229,1182,AYEK01000001.1,https://sra-downloadb.be-md.ncbi.nlm.nih.gov/sos5/sra-pub-zq-14/SRR006/029/SRR6029710.sralite.1,SRX3180105,UMB20_00.1,WGS,PCR,METAGENOMIC,PAIRED,0,0,ILLUMINA,Illumina HiSeq 2500,SRP117119,PRJNA400628,,400628,SRS2500029,SAMN07583995,simple,408170,human gut metagenome,UMB20_00.1,,,,,,,no,,,,,BI,SRA607553,,public,82BB2DE6BD65A483AC75740CEE79D1BE,529AFF58C731E072E31037474D99E181
SRR6029712,2017-09-15 14:38:11,2017-09-15 14:15:38,14591175,3383307850,14591175,231,1650,AYEK01000001.1,https://sra-downloadb.be-md.ncbi.nlm.nih.gov/sos5/sra-pub-zq-14/SRR006/029/SRR6029712.sralite.1,SRX3180107,UMB20_02,WGS,PCR,METAGENOMIC,PAIRED,0,0,ILLUMINA,Illumina HiSeq 2500,SRP117119,PRJNA400628,,400628,SRS2500110,SAMN07583999,simple,408170,human gut metagenome,UMB20_02,,,,,,,no,,,,,BI,SRA607548,,public,716F187E512AF7847A771B8D6A420BCF,19A4EE91C4F610C666EB1D15AAC5746F
SRR6029709,2017-09-15 14:38:11,2017-09-15 14:15:44,16353354,3705745808,16353354,226,1813,AYEK01000001.1,https://sra-downloadb.be-md.ncbi.nlm.nih.gov/sos5/sra-pub-zq-14/SRR006/029/SRR6029709.sralite.1,SRX3180104,UMB20_02.1,WGS,PCR,METAGENOMIC,PAIRED,0,0,ILLUMINA,Illumina HiSeq 2500,SRP117119,PRJNA400628,,400628,SRS2500141,SAMN07584000,simple,408170,human gut metagenome,UMB20_02.1,,,,,,,no,,,,,BI,SRA607550,,public,2BD5FBC7656396842259845BACA38C4E,6AC8B8648D810B37E51C35E21F1090CB
SRR6029711,2017-09-15 14:40:10,2017-09-15 14:16:24,18086298,4085850496,18086298,225,2021,AYEK01000001.1,https://sra-downloadb.be-md.ncbi.nlm.nih.gov/sos5/sra-pub-zq-14/SRR006/029/SRR6029711.sralite.1,SRX3180106,UMB20_04,WGS,PCR,METAGENOMIC,PAIRED,0,0,ILLUMINA,Illumina HiSeq 2500,SRP117119,PRJNA400628,,400628,SRS2500142,SAMN07584004,simple,408170,human gut metagenome,UMB20_04,,,,,,,no,,,,,BI,SRA607549,,public,D307AB421FFEA86BC3E351453672B12F,87E9FE54AD44D1A02DDABDECEE20DF24
SRR6029705,2017-09-15 14:38:11,2017-09-15 14:15:36,16095169,3720509238,16095169,231,1825,AYEK01000001.1,https://sra-downloadb.be-md.ncbi.nlm.nih.gov/sos5/sra-pub-zq-14/SRR006/029/SRR6029705.sralite.1,SRX3180100,UMB18_02,WGS,PCR,METAGENOMIC,PAIRED,0,0,ILLUMINA,Illumina HiSeq 2500,SRP117119,PRJNA400628,,400628,SRS2500085,SAMN07583969,simple,408170,human gut metagenome,UMB18_02,,,,,,,no,,,,,BI,SRA607544,,public,33B09C6D9B148620EE1C37AE2AAABF26,4F9873816989B2806545AE6F79F440DD
SRR6029704,2017-09-15 14:38:11,2017-09-15 14:15:38,15468700,3537653400,15468700,228,1728,AYEK01000001.1,https://sra-downloadb.be-md.ncbi.nlm.nih.gov/sos5/sra-pub-zq-14/SRR006/029/SRR6029704.sralite.1,SRX3180099,UMB18_02.1,WGS,PCR,METAGENOMIC,PAIRED,0,0,ILLUMINA,Illumina HiSeq 2500,SRP117119,PRJNA400628,,400628,SRS2500052,SAMN07583970,simple,408170,human gut metagenome,UMB18_02.1,,,,,,,no,,,,,BI,SRA607545,,public,CDA960F65E32133687BD5873FD24623A,307020FFEAFC714C2DAFB8A87FD8C39E
SRR6029703,2017-09-15 14:37:11,2017-09-15 14:15:28,15821705,3594905910,15821705,227,1763,AYEK01000001.1,https://sra-downloadb.be-md.ncbi.nlm.nih.gov/sos5/sra-pub-zq-14/SRR006/029/SRR6029703.sralite.1,SRX3180098,UMB18_03,WGS,PCR,METAGENOMIC,PAIRED,0,0,ILLUMINA,Illumina HiSeq 2500,SRP117119,PRJNA400628,,400628,SRS2500051,SAMN07583971,simple,408170,human gut metagenome,UMB18_03,,,,,,,no,,,,,BI,SRA607542,,public,0D9C996C030323F35D354B16B1F03CA2,F5C216C6D9286BE1397C2E54421FBD54
SRR6029706,2017-09-15 14:33:11,2017-09-15 14:14:57,12563140,2876636380,12563140,228,1405,AYEK01000001.1,https://sra-downloadb.be-md.ncbi.nlm.nih.gov/sos5/sra-pub-zq-14/SRR006/029/SRR6029706.sralite.1,SRX3180101,UMB18_05,WGS,PCR,METAGENOMIC,PAIRED,0,0,ILLUMINA,Illumina HiSeq 2500,SRP117119,PRJNA400628,,400628,SRS2500032,SAMN07583973,simple,408170,human gut metagenome,UMB18_05,,,,,,,no,,,,,BI,SRA607546,,public,00243E08F51ACC1F3DA8CF6FFD51456D,5893B21ECD652BEF7A7E513E482CAF55
SRR6029707,2017-09-15 14:16:12,2017-09-15 14:13:07,4230981,963379062,4230981,227,477,AYEK01000001.1,https://sra-downloadb.be-md.ncbi.nlm.nih.gov/sos5/sra-pub-zq-14/SRR006/029/SRR6029707.sralite.1,SRX3180102,UMB20_04.1,WGS,PCR,METAGENOMIC,PAIRED,0,0,ILLUMINA,Illumina HiSeq 2500,SRP117119,PRJNA400628,,400628,SRS2508950,SAMN07584005,simple,408170,human gut metagenome,UMB20_04.1,,,,,,,no,,,,,BI,SRA607552,,public,DA66EB189EDDD29F3B5EF0EA028BB48A,1D6E048F73F262ACC6D0B0C9EA04705F
SRR6029701,2017-09-15 14:44:11,2017-09-15 14:17:37,22001468,5034954636,22001468,228,2466,AYEK01000001.1,https://sra-downloadb.be-md.ncbi.nlm.nih.gov/sos5/sra-pub-zq-14/SRR006/029/SRR6029701.sralite.1,SRX3180096,UMB18_01,WGS,PCR,METAGENOMIC,PAIRED,0,0,ILLUMINA,Illumina HiSeq 2500,SRP117119,PRJNA400628,,400628,SRS2500061,SAMN07583967,simple,408170,human gut metagenome,UMB18_01,,,,,,,no,,,,,BI,SRA607540,,public,D2AC666515F85F2D8F1465D9CA3D319E,C35F0A34312E2D5985B811B482D9EB04
SRR6029699,2017-09-15 14:38:11,2017-09-15 14:14:54,15123413,3449751826,15123413,228,1694,AYEK01000001.1,https://sra-downloadb.be-md.ncbi.nlm.nih.gov/sos5/sra-pub-zq-14/SRR006/029/SRR6029699.sralite.1,SRX3180094,UMB15_06,WGS,PCR,METAGENOMIC,PAIRED,0,0,ILLUMINA,Illumina HiSeq 2500,SRP117119,PRJNA400628,,400628,SRS2500083,SAMN07583943,simple,408170,human gut metagenome,UMB15_06,,,,,,,no,,,,,BI,SRA607538,,public,9910E1F10902C30CA8D46F11EAE9D42F,5EA5FB27422A838A6E4AEEB52346AD51
SRR6029702,2017-09-15 14:18:11,2017-09-15 14:13:43,7388992,1705033784,7388992,230,837,AYEK01000001.1,https://sra-downloadb.be-md.ncbi.nlm.nih.gov/sos5/sra-pub-zq-14/SRR006/029/SRR6029702.sralite.1,SRX3180097,UMB18_01.1,WGS,PCR,METAGENOMIC,PAIRED,0,0,ILLUMINA,Illumina HiSeq 2500,SRP117119,PRJNA400628,,400628,SRS2500093,SAMN07583968,simple,408170,human gut metagenome,UMB18_01.1,,,,,,,no,,,,,BI,SRA607543,,public,39D3CBEF591D007EC6B8CC6E36C615A9,2E56ABA9F4559A1503F9846BFBD43BCD
SRR6029700,2017-09-15 14:38:11,2017-09-15 14:15:09,14708944,3365442888,14708944,228,1655,AYEK01000001.1,https://sra-downloadb.be-md.ncbi.nlm.nih.gov/sos5/sra-pub-zq-14/SRR006/029/SRR6029700.sralite.1,SRX3180095,UMB15_08,WGS,PCR,METAGENOMIC,PAIRED,0,0,ILLUMINA,Illumina HiSeq 2500,SRP117119,PRJNA400628,,400628,SRS2500095,SAMN07583945,simple,408170,human gut metagenome,UMB15_08,,,,,,,no,,,,,BI,SRA607539,,public,806FD2988DC185617E41166A48C75598,A125B18734A9D330F7078F2A37DDBA03
SRR6029698,2017-09-15 14:41:14,2017-09-15 14:16:10,19878397,4606601494,19878397,231,2252,AYEK01000001.1,https://sra-downloadb.be-md.ncbi.nlm.nih.gov/sos5/sra-pub-zq-14/SRR006/029/SRR6029698.sralite.1,SRX3180093,UMB18_00,WGS,PCR,METAGENOMIC,PAIRED,0,0,ILLUMINA,Illumina HiSeq 2500,SRP117119,PRJNA400628,,400628,SRS2500096,SAMN07583965,simple,408170,human gut metagenome,UMB18_00,,,,,,,no,,,,,BI,SRA607537,,public,18FE7787A862260734B08ACE43C4408B,F14F414C93015F7F8CDEC269A9286BBD
SRR6029696,2017-09-15 14:40:10,2017-09-15 14:15:48,17229807,3945455014,17229807,228,1931,AYEK01000001.1,https://sra-downloadb.be-md.ncbi.nlm.nih.gov/sos5/sra-pub-zq-14/SRR006/029/SRR6029696.sralite.1,SRX3180091,UMB15_03,WGS,PCR,METAGENOMIC,PAIRED,0,0,ILLUMINA,Illumina HiSeq 2500,SRP117119,PRJNA400628,,400628,SRS2500034,SAMN07583940,simple,408170,human gut metagenome,UMB15_03,,,,,,,no,,,,,BI,SRA607536,,public,C53D7C9909E7B2759C691CC0CA2287E0,8DF7DD23B73448F2B7EC52AD21700964
SRR6029683,2017-09-15 14:38:11,2017-09-15 14:15:36,18117037,4054102274,18117037,223,2002,AYEK01000001.1,https://sra-downloadb.be-md.ncbi.nlm.nih.gov/sos5/sra-pub-zq-14/SRR006/029/SRR6029683.sralite.1,SRX3180082,UMB15_02.1,WGS,PCR,METAGENOMIC,PAIRED,0,0,ILLUMINA,Illumina HiSeq 2500,SRP117119,PRJNA400628,,400628,SRS2500039,SAMN07583939,simple,408170,human gut metagenome,UMB15_02.1,,,,,,,no,,,,,BI,SRA607533,,public,21455CBCAB95AC18AC3A002383C1D802,09EE048943F02BF8CE70E2B464947AA2
SRR6029682,2017-09-15 14:37:11,2017-09-15 14:14:35,17539922,3979754644,17539922,226,1957,AYEK01000001.1,https://sra-downloadb.be-md.ncbi.nlm.nih.gov/sos5/sra-pub-zq-14/SRR006/029/SRR6029682.sralite.1,SRX3180081,UMB15_01,WGS,PCR,METAGENOMIC,PAIRED,0,0,ILLUMINA,Illumina HiSeq 2500,SRP117119,PRJNA400628,,400628,SRS2500058,SAMN07583936,simple,408170,human gut metagenome,UMB15_01,,,,,,,no,,,,,BI,SRA607529,,public,F4CE5B0950E4682FB6C6F32BC0ECA632,E85D1788DFEACB8ED3DE60E355B83024
SRR6029684,2017-09-15 14:14:11,2017-09-15 14:12:25,501444,114626988,501444,228,56,AYEK01000001.1,https://sra-downloadb.be-md.ncbi.nlm.nih.gov/sos5/sra-pub-zq-14/SRR006/029/SRR6029684.sralite.1,SRX3180083,UMB15_01.1,WGS,PCR,METAGENOMIC,PAIRED,0,0,ILLUMINA,Illumina HiSeq 2500,SRP117119,PRJNA400628,,400628,SRS2508941,SAMN07583937,simple,408170,human gut metagenome,UMB15_01.1,,,,,,,no,,,,,BI,SRA607534,,public,3CD2DB913D877E98CA4F9C4E368BA86C,6A0D812A75FB00689F6FA3208CE3C8E8
SRR6029697,2017-09-15 14:29:16,2017-09-15 14:14:10,9506713,2161789226,9506713,227,1062,AYEK01000001.1,https://sra-downloadb.be-md.ncbi.nlm.nih.gov/sos5/sra-pub-zq-14/SRR006/029/SRR6029697.sralite.1,SRX3180092,UMB15_11,WGS,PCR,METAGENOMIC,PAIRED,0,0,ILLUMINA,Illumina HiSeq 2500,SRP117119,PRJNA400628,,400628,SRS2508949,SAMN07583948,simple,408170,human gut metagenome,UMB15_11,,,,,,,no,,,,,BI,SRA607535,,public,AA3BE518D669CDFEE2A365BECDB540C3,294A79A693934668FF3997C69C782408
SRR6029679,2017-09-15 14:28:12,2017-09-15 14:13:49,9692915,2235539130,9692915,230,1088,AYEK01000001.1,https://sra-downloadb.be-md.ncbi.nlm.nih.gov/sos5/sra-pub-zq-14/SRR006/029/SRR6029679.sralite.1,SRX3180078,UMB13_09,WGS,PCR,METAGENOMIC,PAIRED,0,0,ILLUMINA,Illumina HiSeq 2500,SRP117119,PRJNA400628,,400628,SRS2500064,SAMN07583930,simple,408170,human gut metagenome,UMB13_09,,,,,,,no,,,,,BI,SRA607530,,public,AE941F36C521682ADC6D77BD5073972D,EEE75DC2069EFF1E926F9BAE0D1F5EB9
SRR6029681,2017-09-15 14:44:11,2017-09-15 14:15:45,23546311,5360515022,23546311,227,2660,AYEK01000001.1,https://sra-downloadb.be-md.ncbi.nlm.nih.gov/sos5/sra-pub-zq-14/SRR006/029/SRR6029681.sralite.1,SRX3180080,UMB15_02,WGS,PCR,METAGENOMIC,PAIRED,0,0,ILLUMINA,Illumina HiSeq 2500,SRP117119,PRJNA400628,,400628,SRS2500066,SAMN07583938,simple,408170,human gut metagenome,UMB15_02,,,,,,,no,,,,,BI,SRA607532,,public,BFA7B12CB7C94E0108487DAEC807BD70,2B9B51A4C5992B587820665AEC3FB49E
SRR6029677,2017-09-15 14:31:30,2017-09-15 14:14:32,13316766,3067764332,13316766,230,1517,AYEK01000001.1,https://sra-downloadb.be-md.ncbi.nlm.nih.gov/sos5/sra-pub-zq-14/SRR006/029/SRR6029677.sralite.1,SRX3180076,UMB13_07,WGS,PCR,METAGENOMIC,PAIRED,0,0,ILLUMINA,Illumina HiSeq 2500,SRP117119,PRJNA400628,,400628,SRS2500076,SAMN07583928,simple,408170,human gut metagenome,UMB13_07,,,,,,,no,,,,,BI,SRA607531,,public,14770DBD0C957B43E180C64207EC4F64,80C903ADFC6A6F9339250C1CA325ED7C
SRR6029678,2017-09-15 14:16:12,2017-09-15 14:13:00,5883353,1348169706,5883353,229,668,AYEK01000001.1,https://sra-downloadb.be-md.ncbi.nlm.nih.gov/sos5/sra-pub-zq-14/SRR006/029/SRR6029678.sralite.1,SRX3180077,UMB13_03,WGS,PCR,METAGENOMIC,PAIRED,0,0,ILLUMINA,Illumina HiSeq 2500,SRP117119,PRJNA400628,,400628,SRS2500080,SAMN07583924,simple,408170,human gut metagenome,UMB13_03,,,,,,,no,,,,,BI,SRA607528,,public,0B8D07B88A302A190B89694BD34363DF,FB314B2880A3D8F22FF5873F4A74B994
SRR6029676,2017-09-15 14:18:11,2017-09-15 14:12:45,7429765,1710485930,7429765,230,841,AYEK01000001.1,https://sra-downloadb.be-md.ncbi.nlm.nih.gov/sos5/sra-pub-zq-14/SRR006/029/SRR6029676.sralite.1,SRX3180075,UMB12_03,WGS,PCR,METAGENOMIC,PAIRED,0,0,ILLUMINA,Illumina HiSeq 2500,SRP117119,PRJNA400628,,400628,SRS2500086,SAMN07583911,simple,408170,human gut metagenome,UMB12_03,,,,,,,no,,,,,BI,SRA607526,,public,23B1CE6737DF722B4F95E49A7A572587,AD82859AE9B419C0752EFF0F1C7A5642
SRR6029673,2017-09-15 14:18:11,2017-09-15 14:13:16,10214808,2336066916,10214808,228,1154,AYEK01000001.1,https://sra-downloadb.be-md.ncbi.nlm.nih.gov/sos5/sra-pub-zq-14/SRR006/029/SRR6029673.sralite.1,SRX3180072,UMB12_01.2,WGS,PCR,METAGENOMIC,PAIRED,0,0,ILLUMINA,Illumina HiSeq 2500,SRP117119,PRJNA400628,,400628,SRS2508939,SAMN07583909,simple,408170,human gut metagenome,UMB12_01.2,,,,,,,no,,,,,BI,SRA607522,,public,2865C5CCEC708CD641A5F3C50F6676DA,987FBD8D14866175F40CBFA46EF65BB3
SRR6029672,2017-09-15 14:28:12,2017-09-15 14:13:21,10823207,2480625514,10823207,229,1215,AYEK01000001.1,https://sra-downloadb.be-md.ncbi.nlm.nih.gov/sos5/sra-pub-zq-14/SRR006/029/SRR6029672.sralite.1,SRX3180071,UMB12_07,WGS,PCR,METAGENOMIC,PAIRED,0,0,ILLUMINA,Illumina HiSeq 2500,SRP117119,PRJNA400628,,400628,SRS2500045,SAMN07583915,simple,408170,human gut metagenome,UMB12_07,,,,,,,no,,,,,BI,SRA607521,,public,3E07921420F8208A33CABF179E00DDD9,C2D08AE7BDAF8F5D0F42BEC5A59274FE
SRR6029675,2017-09-15 14:18:11,2017-09-15 14:12:58,8098812,1834126624,8098812,226,904,AYEK01000001.1,https://sra-downloadb.be-md.ncbi.nlm.nih.gov/sos5/sra-pub-zq-14/SRR006/029/SRR6029675.sralite.1,SRX3180074,UMB12_08,WGS,PCR,METAGENOMIC,PAIRED,0,0,ILLUMINA,Illumina HiSeq 2500,SRP117119,PRJNA400628,,400628,SRS2508940,SAMN07583916,simple,408170,human gut metagenome,UMB12_08,,,,,,,no,,,,,BI,SRA607527,,public,1C5E8A973F67BB9132637F33B62819BD,5396D17D7DDC3161153256F5BACA147B
SRR6029674,2017-09-15 14:26:12,2017-09-15 14:16:39,8624505,1962075010,8624505,227,970,AYEK01000001.1,https://sra-downloadb.be-md.ncbi.nlm.nih.gov/sos5/sra-pub-zq-14/SRR006/029/SRR6029674.sralite.1,SRX3180073,UMB12_11,WGS,PCR,METAGENOMIC,PAIRED,0,0,ILLUMINA,Illumina HiSeq 2500,SRP117119,PRJNA400628,,400628,SRS2500087,SAMN07583919,simple,408170,human gut metagenome,UMB12_11,,,,,,,no,,,,,BI,SRA607525,,public,21F039E9024F37017BBD31518DD1125F,BDC7C847C0042DC8DBCABA0D6C3C587F
SRR6029671,2017-09-15 14:14:11,2017-09-15 14:12:18,4813028,1100440256,4813028,228,542,AYEK01000001.1,https://sra-downloadb.be-md.ncbi.nlm.nih.gov/sos5/sra-pub-zq-14/SRR006/029/SRR6029671.sralite.1,SRX3180070,UMB13_01,WGS,PCR,METAGENOMIC,PAIRED,0,0,ILLUMINA,Illumina HiSeq 2500,SRP117119,PRJNA400628,,400628,SRS2500062,SAMN07583922,simple,408170,human gut metagenome,UMB13_01,,,,,,,no,,,,,BI,SRA607524,,public,1F9890F78ED7EC418317AA1699D35EB6,AF8C89623788EFF10FF9CB892E6E1AF4
SRR6029667,2017-09-15 14:37:11,2017-09-15 14:14:13,15045756,3467216112,15045756,230,1684,AYEK01000001.1,https://sra-downloadb.be-md.ncbi.nlm.nih.gov/sos5/sra-pub-zq-14/SRR006/029/SRR6029667.sralite.1,SRX3180067,UMB11_04.1,WGS,PCR,METAGENOMIC,PAIRED,0,0,ILLUMINA,Illumina HiSeq 2500,SRP117119,PRJNA400628,,400628,SRS2500056,SAMN07583898,simple,408170,human gut metagenome,UMB11_04.1,,,,,,,no,,,,,BI,SRA607518,,public,B6BBAF90E067A16DBC805A2E65099281,9FB38A4732D6A103E1E1DA23FE0D024B
SRR6029645,2017-09-15 14:22:13,2017-09-15 14:14:13,12562231,2904532562,12562231,231,1425,AYEK01000001.1,https://sra-downloadb.be-md.ncbi.nlm.nih.gov/sos5/sra-pub-zq-14/SRR006/029/SRR6029645.sralite.1,SRX3180045,UMB11_08,WGS,PCR,METAGENOMIC,PAIRED,0,0,ILLUMINA,Illumina HiSeq 2500,SRP117119,PRJNA400628,,400628,SRS2508918,SAMN07583902,simple,408170,human gut metagenome,UMB11_08,,,,,,,no,,,,,BI,SRA607516,,public,3235B437B3E0EB94D3388130F123820D,244058C18D15548372A86127EDD27BDA
SRR6029647,2017-09-15 14:40:10,2017-09-15 14:20:59,14217761,3250273222,14217761,228,1598,AYEK01000001.1,https://sra-downloadb.be-md.ncbi.nlm.nih.gov/sos5/sra-pub-zq-14/SRR006/029/SRR6029647.sralite.1,SRX3180047,UMB11_11,WGS,PCR,METAGENOMIC,PAIRED,0,0,ILLUMINA,Illumina HiSeq 2500,SRP117119,PRJNA400628,,400628,SRS2508919,SAMN07583905,simple,408170,human gut metagenome,UMB11_11,,,,,,,no,,,,,BI,SRA607519,,public,8CA911BF157F03CF4E7758837C1ECAD0,E430539C4CD37BE87B49558B796EEEC1
SRR6029669,2017-09-15 14:28:12,2017-09-15 14:14:07,13887941,3149654582,13887941,226,1543,AYEK01000001.1,https://sra-downloadb.be-md.ncbi.nlm.nih.gov/sos5/sra-pub-zq-14/SRR006/029/SRR6029669.sralite.1,SRX3180068,UMB12_01,WGS,PCR,METAGENOMIC,PAIRED,0,0,ILLUMINA,Illumina HiSeq 2500,SRP117119,PRJNA400628,,400628,SRS2500046,SAMN07583907,simple,408170,human gut metagenome,UMB12_01,,,,,,,no,,,,,BI,SRA607520,,public,F806968E84144DD2DB0429E30150FA48,24ABE144B17776CA7F2B9606DE6DD590
SRR6029670,2017-09-15 15:02:10,2017-09-15 14:20:52,17043074,3884249348,17043074,227,1909,AYEK01000001.1,https://sra-downloadb.be-md.ncbi.nlm.nih.gov/sos5/sra-pub-zq-14/SRR006/029/SRR6029670.sralite.1,SRX3180069,UMB12_02,WGS,PCR,METAGENOMIC,PAIRED,0,0,ILLUMINA,Illumina HiSeq 2500,SRP117119,PRJNA400628,,400628,SRS2500055,SAMN07583910,simple,408170,human gut metagenome,UMB12_02,,,,,,,no,,,,,BI,SRA607523,,public,C99C7FB9A4A96344DE80E5CF8CE23C55,2BDF0A0C79661E5D61953B7CCD3FE093
SRR6029640,2017-09-15 14:41:14,2017-09-15 14:14:37,16772234,3861681168,16772234,230,1883,AYEK01000001.1,https://sra-downloadb.be-md.ncbi.nlm.nih.gov/sos5/sra-pub-zq-14/SRR006/029/SRR6029640.sralite.1,SRX3180040,UMB08_02.2,WGS,PCR,METAGENOMIC,PAIRED,0,0,ILLUMINA,Illumina HiSeq 2500,SRP117119,PRJNA400628,,400628,SRS2508916,SAMN07583861,simple,408170,human gut metagenome,UMB08_02.2,,,,,,,no,,,,,BI,SRA607509,,public,84D9DD461EE35008D674D3E9AD6E5E3A,B498FD6CC843C9050A87D4952054B8F6
SRR6029641,2017-09-15 14:28:12,2017-09-15 14:14:01,14319861,3311319222,14319861,231,1630,AYEK01000001.1,https://sra-downloadb.be-md.ncbi.nlm.nih.gov/sos5/sra-pub-zq-14/SRR006/029/SRR6029641.sralite.1,SRX3180041,UMB08_11,WGS,PCR,METAGENOMIC,PAIRED,0,0,ILLUMINA,Illumina HiSeq 2500,SRP117119,PRJNA400628,,400628,SRS2500014,SAMN07583870,simple,408170,human gut metagenome,UMB08_11,,,,,,,no,,,,,BI,SRA607511,,public,F4BCA730B948E4C9563A31B3F994ADD7,758EF769DF5785B6A37FCEFA09491720
SRR6029642,2017-09-15 14:38:11,2017-09-15 14:15:17,15813033,3593714366,15813033,227,1765,AYEK01000001.1,https://sra-downloadb.be-md.ncbi.nlm.nih.gov/sos5/sra-pub-zq-14/SRR006/029/SRR6029642.sralite.1,SRX3180042,UMB09_11,WGS,PCR,METAGENOMIC,PAIRED,0,0,ILLUMINA,Illumina HiSeq 2500,SRP117119,PRJNA400628,,400628,SRS2500019,SAMN07583879,simple,408170,human gut metagenome,UMB09_11,,,,,,,no,,,,,BI,SRA607513,,public,74BED934A255D49515B741EAFE3AE108,F3D09D208A297427B70A3E72E57B8A72
SRR6029643,2017-09-15 14:21:11,2017-09-15 14:13:51,13321644,3070166888,13321644,230,1502,AYEK01000001.1,https://sra-downloadb.be-md.ncbi.nlm.nih.gov/sos5/sra-pub-zq-14/SRR006/029/SRR6029643.sralite.1,SRX3180043,UMB09_12,WGS,PCR,METAGENOMIC,PAIRED,0,0,ILLUMINA,Illumina HiSeq 2500,SRP117119,PRJNA400628,,400628,SRS2508917,SAMN07583880,simple,408170,human gut metagenome,UMB09_12,,,,,,,no,,,,,BI,SRA607514,,public,F5EC0B6614728084D52ABCB1216D29BC,C191765DAB0F9C60DE098553B0C9393D
SRR6029644,2017-09-15 14:37:11,2017-09-15 14:14:26,14846506,3414774912,14846506,230,1677,AYEK01000001.1,https://sra-downloadb.be-md.ncbi.nlm.nih.gov/sos5/sra-pub-zq-14/SRR006/029/SRR6029644.sralite.1,SRX3180044,UMB11_03,WGS,PCR,METAGENOMIC,PAIRED,0,0,ILLUMINA,Illumina HiSeq 2500,SRP117119,PRJNA400628,,400628,SRS2500025,SAMN07583895,simple,408170,human gut metagenome,UMB11_03,,,,,,,no,,,,,BI,SRA607515,,public,59BEE98990FF16233CADE936593ECCEB,E5327600F585B512F247B67532E3794D
SRR6029637,2017-09-15 14:38:11,2017-09-15 14:14:43,16353473,3758276046,16353473,229,1839,AYEK01000001.1,https://sra-downloadb.be-md.ncbi.nlm.nih.gov/sos5/sra-pub-zq-14/SRR006/029/SRR6029637.sralite.1,SRX3180036,UMB06_10,WGS,PCR,METAGENOMIC,PAIRED,0,0,ILLUMINA,Illumina HiSeq 2500,SRP117119,PRJNA400628,,400628,SRS2499972,SAMN07583842,simple,408170,human gut metagenome,UMB06_10,,,,,,,no,,,,,BI,SRA607505,,public,F23502EE9CD64B60146B196A4C287D4A,9055D64A655F13B8B446C30A675D1A1B
SRR6029635,2017-09-15 14:19:11,2017-09-15 14:13:34,13642703,3120300806,13642703,228,1525,AYEK01000001.1,https://sra-downloadb.be-md.ncbi.nlm.nih.gov/sos5/sra-pub-zq-14/SRR006/029/SRR6029635.sralite.1,SRX3180034,UMB06_01,WGS,PCR,METAGENOMIC,PAIRED,0,0,ILLUMINA,Illumina HiSeq 2500,SRP117119,PRJNA400628,,400628,SRS2499978,SAMN07583835,simple,408170,human gut metagenome,UMB06_01,,,,,,,no,,,,,BI,SRA607504,,public,D0D4D0BBFE07920852A7D8ADC5CB6765,E146B4741D41DDF346A12476B76232EA
SRR6029634,2017-09-15 14:37:11,2017-09-15 14:13:25,14792004,3400672608,14792004,229,1663,AYEK01000001.1,https://sra-downloadb.be-md.ncbi.nlm.nih.gov/sos5/sra-pub-zq-14/SRR006/029/SRR6029634.sralite.1,SRX3180033,UMB08_02,WGS,PCR,METAGENOMIC,PAIRED,0,0,ILLUMINA,Illumina HiSeq 2500,SRP117119,PRJNA400628,,400628,SRS2499995,SAMN07583860,simple,408170,human gut metagenome,UMB08_02,,,,,,,no,,,,,BI,SRA607506,,public,7CC6187241ABC2C34672B54A777BDA43,83B7DED714C861DE7110C5CFE981BD1D
SRR6029636,2017-09-15 14:37:11,2017-09-15 14:13:26,14158759,3256166118,14158759,229,1597,AYEK01000001.1,https://sra-downloadb.be-md.ncbi.nlm.nih.gov/sos5/sra-pub-zq-14/SRR006/029/SRR6029636.sralite.1,SRX3180035,UMB07_12,WGS,PCR,METAGENOMIC,PAIRED,0,0,ILLUMINA,Illumina HiSeq 2500,SRP117119,PRJNA400628,,400628,SRS2500001,SAMN07583857,simple,408170,human gut metagenome,UMB07_12,,,,,,,no,,,,,BI,SRA607508,,public,B66107B6892AA235E46550A3A680F6DB,D5FC690D397DBECA77837EB89A007F7C
SRR6029638,2017-09-15 14:29:16,2017-09-15 14:12:54,14239553,3218570406,14239553,226,1581,AYEK01000001.1,https://sra-downloadb.be-md.ncbi.nlm.nih.gov/sos5/sra-pub-zq-14/SRR006/029/SRR6029638.sralite.1,SRX3180037,UMB09_08,WGS,PCR,METAGENOMIC,PAIRED,0,0,ILLUMINA,Illumina HiSeq 2500,SRP117119,PRJNA400628,,400628,SRS2500016,SAMN07583876,simple,408170,human gut metagenome,UMB09_08,,,,,,,no,,,,,BI,SRA607510,,public,B14D1540489C96C5582FE42D1437BF33,273A2012B9305EEB26F818D3155A1B96
SRR6029629,2017-09-15 14:38:11,2017-09-15 14:14:03,16826913,3844952226,16826913,228,1882,AYEK01000001.1,https://sra-downloadb.be-md.ncbi.nlm.nih.gov/sos5/sra-pub-zq-14/SRR006/029/SRR6029629.sralite.1,SRX3180028,UMB01_11,WGS,PCR,METAGENOMIC,PAIRED,0,0,ILLUMINA,Illumina HiSeq 2500,SRP117119,PRJNA400628,,400628,SRS2499917,SAMN07583775,simple,408170,human gut metagenome,UMB01_11,,,,,,,no,,,,,BI,SRA607497,,public,E8E5F0774A21C8A2E2D2A27AC7BBBF5B,C15CA97F93FA42EC507705505A3DE4A5
SRR6029630,2017-09-15 14:28:12,2017-09-15 14:13:11,15624335,3604922770,15624335,230,1768,AYEK01000001.1,https://sra-downloadb.be-md.ncbi.nlm.nih.gov/sos5/sra-pub-zq-14/SRR006/029/SRR6029630.sralite.1,SRX3180029,UMB05_08,WGS,PCR,METAGENOMIC,PAIRED,0,0,ILLUMINA,Illumina HiSeq 2500,SRP117119,PRJNA400628,,400628,SRS2499947,SAMN07583826,simple,408170,human gut metagenome,UMB05_08,,,,,,,no,,,,,BI,SRA607503,,public,31A2574857372BC1A72EA6E2D8A5B4A4,F63B3C3AF78886A92AE404069CCAC540
SRR6029631,2017-09-15 14:32:10,2017-09-15 14:13:36,15772721,3625613242,15772721,229,1774,AYEK01000001.1,https://sra-downloadb.be-md.ncbi.nlm.nih.gov/sos5/sra-pub-zq-14/SRR006/029/SRR6029631.sralite.1,SRX3180030,UMB05_11,WGS,PCR,METAGENOMIC,PAIRED,0,0,ILLUMINA,Illumina HiSeq 2500,SRP117119,PRJNA400628,,400628,SRS2499954,SAMN07583832,simple,408170,human gut metagenome,UMB05_11,,,,,,,no,,,,,BI,SRA607502,,public,4B88AEC88CF94DADBE6F77FF429BFF0F,394F3C0D16601801C1F1C54D57AF70BB
SRR6029632,2017-09-15 14:37:11,2017-09-15 14:14:29,19176025,4345794950,19176025,226,2138,AYEK01000001.1,https://sra-downloadb.be-md.ncbi.nlm.nih.gov/sos5/sra-pub-zq-14/SRR006/029/SRR6029632.sralite.1,SRX3180031,UMB05_09.2,WGS,PCR,METAGENOMIC,PAIRED,0,0,ILLUMINA,Illumina HiSeq 2500,SRP117119,PRJNA400628,,400628,SRS2499961,SAMN07583829,simple,408170,human gut metagenome,UMB05_09.2,,,,,,,no,,,,,BI,SRA607501,,public,B33C5D44212887F5E4D2EE969A617E6D,E472E3249CFCE8DFDEBC7DB23DAE0EA3
SRR6029633,2017-09-15 14:21:11,2017-09-15 14:12:36,12229705,2834558610,12229705,231,1389,AYEK01000001.1,https://sra-downloadb.be-md.ncbi.nlm.nih.gov/sos5/sra-pub-zq-14/SRR006/029/SRR6029633.sralite.1,SRX3180032,UMB07_03,WGS,PCR,METAGENOMIC,PAIRED,0,0,ILLUMINA,Illumina HiSeq 2500,SRP117119,PRJNA400628,,400628,SRS2499990,SAMN07583848,simple,408170,human gut metagenome,UMB07_03,,,,,,,no,,,,,BI,SRA607507,,public,D144A3050AEAEC09E9254CA09FA8741C,18121EB8C6F19EFFF47224800C23194F
SRR6029626,2017-09-15 14:44:11,2017-09-15 14:15:24,23037522,5273070744,23037522,228,2593,AYEK01000001.1,https://sra-downloadb.be-md.ncbi.nlm.nih.gov/sos5/sra-pub-zq-14/SRR006/029/SRR6029626.sralite.1,SRX3180025,UMB01_05,WGS,PCR,METAGENOMIC,PAIRED,0,0,ILLUMINA,Illumina HiSeq 2500,SRP117119,PRJNA400628,,400628,SRS2499921,SAMN07583769,simple,408170,human gut metagenome,UMB01_05,,,,,,,no,,,,,BI,SRA607495,,public,E9A17C68BA453FCF8DB4B8871D3674D0,8CB768F6A09B81000AAFD55CA5F2AC27
SRR6029625,2017-09-15 14:35:12,2017-09-15 14:15:11,11773647,2734927094,11773647,232,1341,AYEK01000001.1,https://sra-downloadb.be-md.ncbi.nlm.nih.gov/sos5/sra-pub-zq-14/SRR006/029/SRR6029625.sralite.1,SRX3180024,UMB01_07,WGS,PCR,METAGENOMIC,PAIRED,0,0,ILLUMINA,Illumina HiSeq 2500,SRP117119,PRJNA400628,,400628,SRS2499919,SAMN07583771,simple,408170,human gut metagenome,UMB01_07,,,,,,,no,,,,,BI,SRA607496,,public,D1A8411D604858B405F989643CF28AD6,68B797BBEA529FB2BDB3F33E62869825
SRR6029627,2017-09-15 14:18:11,2017-09-15 14:13:07,15087319,3475795238,15087319,230,1720,AYEK01000001.1,https://sra-downloadb.be-md.ncbi.nlm.nih.gov/sos5/sra-pub-zq-14/SRR006/029/SRR6029627.sralite.1,SRX3180026,UMB01_09,WGS,PCR,METAGENOMIC,PAIRED,0,0,ILLUMINA,Illumina HiSeq 2500,SRP117119,PRJNA400628,,400628,SRS2499914,SAMN07583773,simple,408170,human gut metagenome,UMB01_09,,,,,,,no,,,,,BI,SRA607498,,public,DE5BB35F89F38AB4CB275CF8A1FC7607,4A1D5B43BC914D3D49CB590E9FE7ABA4
SRR6029624,2017-09-15 14:22:13,2017-09-15 14:13:17,15309954,3533011508,15309954,230,1743,AYEK01000001.1,https://sra-downloadb.be-md.ncbi.nlm.nih.gov/sos5/sra-pub-zq-14/SRR006/029/SRR6029624.sralite.1,SRX3180023,UMB05_05,WGS,PCR,METAGENOMIC,PAIRED,0,0,ILLUMINA,Illumina HiSeq 2500,SRP117119,PRJNA400628,,400628,SRS2499958,SAMN07583821,simple,408170,human gut metagenome,UMB05_05,,,,,,,no,,,,,BI,SRA607499,,public,B2F83E2FBDB2E7B7D8F4E3F7D7C50F88,CB69716137535C634DF126BA4BB39340
SRR6029628,2017-09-15 14:34:12,2017-09-15 14:13:29,15420464,3513287128,15420464,227,1730,AYEK01000001.1,https://sra-downloadb.be-md.ncbi.nlm.nih.gov/sos5/sra-pub-zq-14/SRR006/029/SRR6029628.sralite.1,SRX3180027,UMB05_05.1,WGS,PCR,METAGENOMIC,PAIRED,0,0,ILLUMINA,Illumina HiSeq 2500,SRP117119,PRJNA400628,,400628,SRS2499964,SAMN07583822,simple,408170,human gut metagenome,UMB05_05.1,,,,,,,no,,,,,BI,SRA607500,,public,7FEF6D6EB07F25A31AFC900E53D33ACE,DD1818CDB3A6A08D0BE3F2BE4EF01BF1
SRR6029621,2017-09-15 14:18:11,2017-09-15 14:12:39,11087115,2555770630,11087115,230,1256,AYEK01000001.1,https://sra-downloadb.be-md.ncbi.nlm.nih.gov/sos5/sra-pub-zq-14/SRR006/029/SRR6029621.sralite.1,SRX3180020,UMB08_03,WGS,PCR,METAGENOMIC,PAIRED,0,0,ILLUMINA,Illumina HiSeq 2500,SRP117119,PRJNA400628,,400628,SRS2499997,SAMN07583862,simple,408170,human gut metagenome,UMB08_03,,,,,,,no,,,,,BI,SRA607489,,public,8E837DB7C8B5FCB0EEB59D5DDB8AABFD,0FD63A128C8EE167BD86962379774807
SRR6029619,2017-09-15 14:14:11,2017-09-15 14:11:19,5283870,1205283940,5283870,228,592,AYEK01000001.1,https://sra-downloadb.be-md.ncbi.nlm.nih.gov/sos5/sra-pub-zq-14/SRR006/029/SRR6029619.sralite.1,SRX3180018,UMB09_10,WGS,PCR,METAGENOMIC,PAIRED,0,0,ILLUMINA,Illumina HiSeq 2500,SRP117119,PRJNA400628,,400628,SRS2500018,SAMN07583878,simple,408170,human gut metagenome,UMB09_10,,,,,,,no,,,,,BI,SRA607490,,public,CD00D49A1CC1DFB78AE9B5C16238F3CF,FB6FED09CB389B5DBFA64B185BB6E0DE
SRR6029620,2017-09-15 14:18:11,2017-09-15 14:12:09,9854135,2273314170,9854135,230,1113,AYEK01000001.1,https://sra-downloadb.be-md.ncbi.nlm.nih.gov/sos5/sra-pub-zq-14/SRR006/029/SRR6029620.sralite.1,SRX3180019,UMB11_02,WGS,PCR,METAGENOMIC,PAIRED,0,0,ILLUMINA,Illumina HiSeq 2500,SRP117119,PRJNA400628,,400628,SRS2500091,SAMN07583894,simple,408170,human gut metagenome,UMB11_02,,,,,,,no,,,,,BI,SRA607492,,public,A1843F4F856FEC8EC7D69E55A8C2FDAA,CFAF829946868E7CD4B47EBCBED4D43E
SRR6029623,2017-09-15 14:14:11,2017-09-15 14:11:20,5350358,1229472216,5350358,229,609,AYEK01000001.1,https://sra-downloadb.be-md.ncbi.nlm.nih.gov/sos5/sra-pub-zq-14/SRR006/029/SRR6029623.sralite.1,SRX3180022,UMB11_03.1,WGS,PCR,METAGENOMIC,PAIRED,0,0,ILLUMINA,Illumina HiSeq 2500,SRP117119,PRJNA400628,,400628,SRS2500023,SAMN07583896,simple,408170,human gut metagenome,UMB11_03.1,,,,,,,no,,,,,BI,SRA607493,,public,01EE7CEDAB500E314A36D57A0EE61FE6,FB6D1206EBE352C8848BFB7902819D23
SRR6029622,2017-09-15 14:16:12,2017-09-15 14:12:03,9345905,2135722310,9345905,228,1055,AYEK01000001.1,https://sra-downloadb.be-md.ncbi.nlm.nih.gov/sos5/sra-pub-zq-14/SRR006/029/SRR6029622.sralite.1,SRX3180021,UMB11_04,WGS,PCR,METAGENOMIC,PAIRED,0,0,ILLUMINA,Illumina HiSeq 2500,SRP117119,PRJNA400628,,400628,SRS2500065,SAMN07583897,simple,408170,human gut metagenome,UMB11_04,,,,,,,no,,,,,BI,SRA607494,,public,6615C599973AB6814785DE1B6D4DD95F,37D0D85D2545B7C300362EC36D5B65FD
SRR6029614,2017-09-15 14:24:19,2017-09-15 14:12:02,8895283,2051438266,8895283,230,1011,AYEK01000001.1,https://sra-downloadb.be-md.ncbi.nlm.nih.gov/sos5/sra-pub-zq-14/SRR006/029/SRR6029614.sralite.1,SRX3180013,UMB05_06,WGS,PCR,METAGENOMIC,PAIRED,0,0,ILLUMINA,Illumina HiSeq 2500,SRP117119,PRJNA400628,,400628,SRS2499949,SAMN07583823,simple,408170,human gut metagenome,UMB05_06,,,,,,,no,,,,,BI,SRA537116,,public,181325CF484128F452A4086DCF788147,500AA7B6D7E971CEAF1D806D288B32B0
SRR6029617,2017-09-15 14:13:11,2017-09-15 14:09:33,7399384,1689484368,7399384,228,830,AYEK01000001.1,https://sra-downloadb.be-md.ncbi.nlm.nih.gov/sos5/sra-pub-zq-14/SRR006/029/SRR6029617.sralite.1,SRX3180016,UMB06_12,WGS,PCR,METAGENOMIC,PAIRED,0,0,ILLUMINA,Illumina HiSeq 2500,SRP117119,PRJNA400628,,400628,SRS2499976,SAMN07583844,simple,408170,human gut metagenome,UMB06_12,,,,,,,no,,,,,BI,SRA537116,,public,9F1F00D4C6BA3D4C58B1CD0411E95D03,C74962B3415DAA77248B12B5C2527AB3
SRR6029616,2017-09-15 14:16:12,2017-09-15 14:09:01,9601466,2193206032,9601466,228,1086,AYEK01000001.1,https://sra-downloadb.be-md.ncbi.nlm.nih.gov/sos5/sra-pub-zq-14/SRR006/029/SRR6029616.sralite.1,SRX3180015,UMB07_05,WGS,PCR,METAGENOMIC,PAIRED,0,0,ILLUMINA,Illumina HiSeq 2500,SRP117119,PRJNA400628,,400628,SRS2499989,SAMN07583850,simple,408170,human gut metagenome,UMB07_05,,,,,,,no,,,,,BI,SRA537116,,public,463BDC8773190AFCB334D6666A094A0E,6D0FC63BF301251CFE60C2482EAA060E
SRR6029615,2017-09-15 14:13:11,2017-09-15 14:09:13,10057730,2314457060,10057730,230,1131,AYEK01000001.1,https://sra-downloadb.be-md.ncbi.nlm.nih.gov/sos5/sra-pub-zq-14/SRR006/029/SRR6029615.sralite.1,SRX3180014,UMB08_01,WGS,PCR,METAGENOMIC,PAIRED,0,0,ILLUMINA,Illumina HiSeq 2500,SRP117119,PRJNA400628,,400628,SRS2499999,SAMN07583858,simple,408170,human gut metagenome,UMB08_01,,,,,,,no,,,,,BI,SRA537116,,public,CFDC9566600762C580AF6C83C1415539,57B20798C1694FD4C7881F9CDDC7C78E
SRR6029618,2017-09-15 14:16:12,2017-09-15 14:11:54,8136978,1862722956,8136978,228,918,AYEK01000001.1,https://sra-downloadb.be-md.ncbi.nlm.nih.gov/sos5/sra-pub-zq-14/SRR006/029/SRR6029618.sralite.1,SRX3180017,UMB08_10,WGS,PCR,METAGENOMIC,PAIRED,0,0,ILLUMINA,Illumina HiSeq 2500,SRP117119,PRJNA400628,,400628,SRS2500013,SAMN07583869,simple,408170,human gut metagenome,UMB08_10,,,,,,,no,,,,,BI,SRA607491,,public,30A74C0188D0AD69F15A0B8F79B4597E,50FF7A5FADE06803E831E5E4AC3FF4F6
SRR6029587,2017-09-15 14:09:11,2017-09-15 14:07:26,37408,9633716,37408,257,4,AYEK01000001.1,https://sra-downloadb.be-md.ncbi.nlm.nih.gov/sos5/sra-pub-zq-14/SRR006/029/SRR6029587.sralite.1,SRX3179986,UMB05_09,WGS,PCR,METAGENOMIC,PAIRED,0,0,ILLUMINA,Illumina HiSeq 2500,SRP117119,PRJNA400628,,400628,SRS2499967,SAMN07583827,simple,408170,human gut metagenome,UMB05_09,,,,,,,no,,,,,BI,SRA537116,,public,4A20843EAF78A6430B81C1D455D7BF94,B91011D86504274902745EB27C1D2E3F
SRR6029611,2017-09-15 14:13:11,2017-09-15 14:08:57,7970154,1828401008,7970154,229,916,AYEK01000001.1,https://sra-downloadb.be-md.ncbi.nlm.nih.gov/sos5/sra-pub-zq-14/SRR006/029/SRR6029611.sralite.1,SRX3180010,UMB05_09.1,WGS,PCR,METAGENOMIC,PAIRED,0,0,ILLUMINA,Illumina HiSeq 2500,SRP117119,PRJNA400628,,400628,SRS2499968,SAMN07583828,simple,408170,human gut metagenome,UMB05_09.1,,,,,,,no,,,,,BI,SRA537116,,public,67492C998CDA0223B3FF25C858ACA5A6,993E74DF9007DCBE4879A026869C286D
SRR6029610,2017-09-15 14:12:10,2017-09-15 14:08:23,5561252,1266990704,5561252,227,625,AYEK01000001.1,https://sra-downloadb.be-md.ncbi.nlm.nih.gov/sos5/sra-pub-zq-14/SRR006/029/SRR6029610.sralite.1,SRX3180009,UMB06_03,WGS,PCR,METAGENOMIC,PAIRED,0,0,ILLUMINA,Illumina HiSeq 2500,SRP117119,PRJNA400628,,400628,SRS2499973,SAMN07583837,simple,408170,human gut metagenome,UMB06_03,,,,,,,no,,,,,BI,SRA537116,,public,782CDB99833C3B1985DA9999B57FBAFB,4A6817C2B46030149C4A6520CEB6D509
SRR6029612,2017-09-15 14:13:11,2017-09-15 14:09:09,9581137,2200252574,9581137,229,1082,AYEK01000001.1,https://sra-downloadb.be-md.ncbi.nlm.nih.gov/sos5/sra-pub-zq-14/SRR006/029/SRR6029612.sralite.1,SRX3180011,UMB07_07,WGS,PCR,METAGENOMIC,PAIRED,0,0,ILLUMINA,Illumina HiSeq 2500,SRP117119,PRJNA400628,,400628,SRS2500004,SAMN07583852,simple,408170,human gut metagenome,UMB07_07,,,,,,,no,,,,,BI,SRA537116,,public,D86FA0F21D6F13C3D86F955BEC5A7C1A,B9F711CC051B3F3F7946A1D31FA5FFEE
SRR6029613,2017-09-15 14:16:12,2017-09-15 14:09:08,9157707,2097009414,9157707,228,1022,AYEK01000001.1,https://sra-downloadb.be-md.ncbi.nlm.nih.gov/sos5/sra-pub-zq-14/SRR006/029/SRR6029613.sralite.1,SRX3180012,UMB08_04,WGS,PCR,METAGENOMIC,PAIRED,0,0,ILLUMINA,Illumina HiSeq 2500,SRP117119,PRJNA400628,,400628,SRS2499998,SAMN07583863,simple,408170,human gut metagenome,UMB08_04,,,,,,,no,,,,,BI,SRA537116,,public,511BDA86A8772E68A9CAE7472899F682,57D256EE98BDE85191B23C3125D60A30
SRR6019523,2017-09-15 14:03:10,2017-09-15 13:57:23,11243477,2717098154,11243477,241,1344,AYEK01000001.1,https://sra-downloadb.be-md.ncbi.nlm.nih.gov/sos5/sra-pub-zq-14/SRR006/019/SRR6019523.sralite.1,SRX3170696,UMB01_11,WGS,PCR,METAGENOMIC,PAIRED,0,0,ILLUMINA,Illumina HiSeq 2500,SRP117119,PRJNA400628,,400628,SRS2499917,SAMN07583775,simple,408170,human gut metagenome,UMB01_11,,,,,,,no,,,,,BI,SRA606379,,public,42455B50A7D141C11F8C1560F549BB05,DC9CE59B340D3E23755FD06AAB605663
SRR6019526,2017-09-15 14:10:12,2017-09-15 13:59:15,15305363,3711174626,15305363,242,1840,AYEK01000001.1,https://sra-downloadb.be-md.ncbi.nlm.nih.gov/sos5/sra-pub-zq-14/SRR006/019/SRR6019526.sralite.1,SRX3170699,UMB01_05,WGS,PCR,METAGENOMIC,PAIRED,0,0,ILLUMINA,Illumina HiSeq 2500,SRP117119,PRJNA400628,,400628,SRS2499921,SAMN07583769,simple,408170,human gut metagenome,UMB01_05,,,,,,,no,,,,,BI,SRA606384,,public,62F510A56AC243113AB580AA41AA861A,9339282270C9E58EEB5F560402152EA9
SRR6019524,2017-09-15 13:59:11,2017-09-15 13:56:36,6067401,1480206102,6067401,243,735,AYEK01000001.1,https://sra-downloadb.be-md.ncbi.nlm.nih.gov/sos5/sra-pub-zq-14/SRR006/019/SRR6019524.sralite.1,SRX3170697,UMB05_06,WGS,PCR,METAGENOMIC,PAIRED,0,0,ILLUMINA,Illumina HiSeq 2500,SRP117119,PRJNA400628,,400628,SRS2499949,SAMN07583823,simple,408170,human gut metagenome,UMB05_06,,,,,,,no,,,,,BI,SRA606383,,public,EDA56BFC787A8591A6B5413793BF4664,94169569832B6A1F27AB8556ED71C0B5
SRR6019527,2017-09-15 14:06:11,2017-09-15 13:58:37,10343050,2529696900,10343050,244,1256,AYEK01000001.1,https://sra-downloadb.be-md.ncbi.nlm.nih.gov/sos5/sra-pub-zq-14/SRR006/019/SRR6019527.sralite.1,SRX3170701,UMB05_05,WGS,PCR,METAGENOMIC,PAIRED,0,0,ILLUMINA,Illumina HiSeq 2500,SRP117119,PRJNA400628,,400628,SRS2499958,SAMN07583821,simple,408170,human gut metagenome,UMB05_05,,,,,,,no,,,,,BI,SRA606381,,public,D50ADB1CE160FE4B49F3DD28ACB3DF95,606B6233FA5065231D6822373ED63759
SRR6019525,2017-09-15 14:03:10,2017-09-15 13:57:13,10038168,2426063336,10038168,241,1209,AYEK01000001.1,https://sra-downloadb.be-md.ncbi.nlm.nih.gov/sos5/sra-pub-zq-14/SRR006/019/SRR6019525.sralite.1,SRX3170698,UMB05_05.1,WGS,PCR,METAGENOMIC,PAIRED,0,0,ILLUMINA,Illumina HiSeq 2500,SRP117119,PRJNA400628,,400628,SRS2499964,SAMN07583822,simple,408170,human gut metagenome,UMB05_05.1,,,,,,,no,,,,,BI,SRA606382,,public,EA6EB80281083F844E03E58235580E51,A71B0CEB09708432F9EE2D1AE2AFB530
SRR6019521,2017-09-15 14:04:13,2017-09-15 13:58:52,10358585,2520590970,10358585,243,1255,AYEK01000001.1,https://sra-downloadb.be-md.ncbi.nlm.nih.gov/sos5/sra-pub-zq-14/SRR006/019/SRR6019521.sralite.1,SRX3170694,UMB01_09,WGS,PCR,METAGENOMIC,PAIRED,0,0,ILLUMINA,Illumina HiSeq 2500,SRP117119,PRJNA400628,,400628,SRS2499914,SAMN07583773,simple,408170,human gut metagenome,UMB01_09,,,,,,,no,,,,,BI,SRA606380,,public,31441DEC224A6F7F95E27D8F22A1298A,5C439C66D8648C9309CC761C8B5313C3
SRR6019522,2017-09-15 14:01:13,2017-09-15 13:56:56,8005725,1973806850,8005725,246,972,AYEK01000001.1,https://sra-downloadb.be-md.ncbi.nlm.nih.gov/sos5/sra-pub-zq-14/SRR006/019/SRR6019522.sralite.1,SRX3170695,UMB01_07,WGS,PCR,METAGENOMIC,PAIRED,0,0,ILLUMINA,Illumina HiSeq 2500,SRP117119,PRJNA400628,,400628,SRS2499919,SAMN07583771,simple,408170,human gut metagenome,UMB01_07,,,,,,,no,,,,,BI,SRA606378,,public,B5FCA86E37C2EF31D28E38777CFB15FE,CD10467FDB4562AE7CAD729CFDE092F3
SRR6019737,2017-09-08 09:57:12,2017-09-08 09:54:40,208352,72923200,208352,350,44,,https://sra-downloadb.be-md.ncbi.nlm.nih.gov/sos5/sra-pub-zq-14/SRR006/019/SRR6019737.sralite.1,SRX3170908,UMB02_12,AMPLICON,PCR,METAGENOMIC,PAIRED,0,0,ILLUMINA,Illumina MiSeq,SRP117119,PRJNA400628,,400628,SRS2500876,SAMN07583789,simple,408170,human gut metagenome,UMB02_12,,,,,,,no,,,,,BI,SRA606557,,public,91A02E8CC7780AF35EC37F9D966AC289,5DB18E1DEA5C56C18C30D5EB0C54835F
SRR6019738,2017-09-08 09:57:12,2017-09-08 09:54:30,14540,5089000,14540,350,3,,https://sra-downloadb.be-md.ncbi.nlm.nih.gov/sos5/sra-pub-zq-14/SRR006/019/SRR6019738.sralite.1,SRX3170909,UMB02_08,AMPLICON,PCR,METAGENOMIC,PAIRED,0,0,ILLUMINA,Illumina MiSeq,SRP117119,PRJNA400628,,400628,SRS2500877,SAMN07583785,simple,408170,human gut metagenome,UMB02_08,,,,,,,no,,,,,BI,SRA606574,,public,2B149FE9620E477B2DA1603AD0F50CC7,332BACA958D950BEB718CB3E422F0D26
SRR6019739,2017-09-08 09:57:12,2017-09-08 09:54:31,113430,39700500,113430,350,21,,https://sra-downloadb.be-md.ncbi.nlm.nih.gov/sos5/sra-pub-zq-14/SRR006/019/SRR6019739.sralite.1,SRX3170910,UMB01_00,AMPLICON,PCR,METAGENOMIC,PAIRED,0,0,ILLUMINA,Illumina MiSeq,SRP117119,PRJNA400628,,400628,SRS2500878,SAMN07583764,simple,408170,human gut metagenome,UMB01_00,,,,,,,no,,,,,BI,SRA606577,,public,4723F75A9E86527195CD0C3AF1337FA2,00057672D1CC723618872ED893551867
SRR6019733,2017-09-08 09:53:12,2017-09-08 09:51:24,30971,10839850,30971,350,6,,https://sra-downloadb.be-md.ncbi.nlm.nih.gov/sos5/sra-pub-zq-14/SRR006/019/SRR6019733.sralite.1,SRX3170904,UMB03_12,AMPLICON,PCR,METAGENOMIC,PAIRED,0,0,ILLUMINA,Illumina MiSeq,SRP117119,PRJNA400628,,400628,SRS2500872,SAMN07583802,simple,408170,human gut metagenome,UMB03_12,,,,,,,no,,,,,BI,SRA604548,,public,118590898D2219E314C0FE19757C4815,3052C47C6B773171FB6C9F53A62CB564
SRR6019732,2017-09-08 09:53:12,2017-09-08 09:51:26,109026,38159100,109026,350,23,,https://sra-downloadb.be-md.ncbi.nlm.nih.gov/sos5/sra-pub-zq-14/SRR006/019/SRR6019732.sralite.1,SRX3170903,UMB02_11,AMPLICON,PCR,METAGENOMIC,PAIRED,0,0,ILLUMINA,Illumina MiSeq,SRP117119,PRJNA400628,,400628,SRS2500873,SAMN07583788,simple,408170,human gut metagenome,UMB02_11,,,,,,,no,,,,,BI,SRA604567,,public,1EF1B2948C0C60F6CF04C1F9A0D31500,D2AB0AF789349F3937E6BF4DA78F983F
SRR6019734,2017-09-08 09:57:12,2017-09-08 09:54:30,94604,33111400,94604,350,17,,https://sra-downloadb.be-md.ncbi.nlm.nih.gov/sos5/sra-pub-zq-14/SRR006/019/SRR6019734.sralite.1,SRX3170905,UMB03_05,AMPLICON,PCR,METAGENOMIC,PAIRED,0,0,ILLUMINA,Illumina MiSeq,SRP117119,PRJNA400628,,400628,SRS2500874,SAMN07583795,simple,408170,human gut metagenome,UMB03_05,,,,,,,no,,,,,BI,SRA606575,,public,2C3E36C9C6995623E221073F55E6A427,4D37AA0D110C9DB38F580D70CBF4F608
SRR6019736,2017-09-08 09:57:12,2017-09-08 09:54:31,97279,34047650,97279,350,18,,https://sra-downloadb.be-md.ncbi.nlm.nih.gov/sos5/sra-pub-zq-14/SRR006/019/SRR6019736.sralite.1,SRX3170907,UMB03_06,AMPLICON,PCR,METAGENOMIC,PAIRED,0,0,ILLUMINA,Illumina MiSeq,SRP117119,PRJNA400628,,400628,SRS2500875,SAMN07583796,simple,408170,human gut metagenome,UMB03_06,,,,,,,no,,,,,BI,SRA604549,,public,69F217F53EB158FABB06041B6958D130,1DFCF11A817963029BC1E8A5CF3CD024
SRR6019735,2017-09-08 09:57:12,2017-09-08 09:54:30,76887,26910450,76887,350,13,,https://sra-downloadb.be-md.ncbi.nlm.nih.gov/sos5/sra-pub-zq-14/SRR006/019/SRR6019735.sralite.1,SRX3170906,UMB03_03,AMPLICON,PCR,METAGENOMIC,PAIRED,0,0,ILLUMINA,Illumina MiSeq,SRP117119,PRJNA400628,,400628,SRS2500879,SAMN07583793,simple,408170,human gut metagenome,UMB03_03,,,,,,,no,,,,,BI,SRA606573,,public,E452C6AE781C0AF316BC4C684E7848C7,F6EA694A3E0F30621F008A747AAF1721
SRR6019518,2017-09-08 06:12:11,2017-09-08 06:09:00,576389,201736150,576389,350,125,,https://sra-downloadb.be-md.ncbi.nlm.nih.gov/sos5/sra-pub-zq-14/SRR006/019/SRR6019518.sralite.1,SRX3170691,UMB31_05,AMPLICON,PCR,METAGENOMIC,PAIRED,0,0,ILLUMINA,Illumina MiSeq,SRP117119,PRJNA400628,,400628,SRS2500669,SAMN07584134,simple,408170,human gut metagenome,UMB31_05,,,,,,,no,,,,,BI,SRA604918,,public,2D2D39DD9D881BC452D42605A81D4BE7,8EFF2531F33853539B59E7CB66EC60A2
SRR6019519,2017-09-08 06:12:11,2017-09-08 06:08:36,275891,96561850,275891,350,58,,https://sra-downloadb.be-md.ncbi.nlm.nih.gov/sos5/sra-pub-zq-14/SRR006/019/SRR6019519.sralite.1,SRX3170692,UMB31_01,AMPLICON,PCR,METAGENOMIC,PAIRED,0,0,ILLUMINA,Illumina MiSeq,SRP117119,PRJNA400628,,400628,SRS2500670,SAMN07584130,simple,408170,human gut metagenome,UMB31_01,,,,,,,no,,,,,BI,SRA604914,,public,BF850DB864C643874F45AC7CE88C27F8,757C7C422FEED4E86470B52D43794CBA
SRR6019520,2017-09-08 06:12:11,2017-09-08 06:08:59,548053,191818550,548053,350,118,,https://sra-downloadb.be-md.ncbi.nlm.nih.gov/sos5/sra-pub-zq-14/SRR006/019/SRR6019520.sralite.1,SRX3170693,UMB31_04,AMPLICON,PCR,METAGENOMIC,PAIRED,0,0,ILLUMINA,Illumina MiSeq,SRP117119,PRJNA400628,,400628,SRS2500671,SAMN07584133,simple,408170,human gut metagenome,UMB31_04,,,,,,,no,,,,,BI,SRA604910,,public,82700CA9A06416955E9BC2538955A546,83E562D41D2477DDEE45CA61FB00963F
SRR6019729,2017-09-08 09:53:12,2017-09-08 09:51:20,732,256200,732,350,0,,https://sra-downloadb.be-md.ncbi.nlm.nih.gov/sos5/sra-pub-zq-14/SRR006/019/SRR6019729.sralite.1,SRX3170900,UMB02_04,AMPLICON,PCR,METAGENOMIC,PAIRED,0,0,ILLUMINA,Illumina MiSeq,SRP117119,PRJNA400628,,400628,SRS2500869,SAMN07583781,simple,408170,human gut metagenome,UMB02_04,,,,,,,no,,,,,BI,SRA604559,,public,A14736703301F8537B985810225EAB1C,EA4C70A5944F449F2CD2A9702CF286E7
SRR6019731,2017-09-08 09:53:12,2017-09-08 09:51:20,17711,6198850,17711,350,3,,https://sra-downloadb.be-md.ncbi.nlm.nih.gov/sos5/sra-pub-zq-14/SRR006/019/SRR6019731.sralite.1,SRX3170902,UMB02_09,AMPLICON,PCR,METAGENOMIC,PAIRED,0,0,ILLUMINA,Illumina MiSeq,SRP117119,PRJNA400628,,400628,SRS2500871,SAMN07583786,simple,408170,human gut metagenome,UMB02_09,,,,,,,no,,,,,BI,SRA604547,,public,CB3F3B0407B2AE64F979F15B06815502,1A0E0906A31AA54EA9C9C6FE3FA4EF22
SRR6019511,2017-09-08 06:07:11,2017-09-08 06:04:56,517299,181054650,517299,350,111,,https://sra-downloadb.be-md.ncbi.nlm.nih.gov/sos5/sra-pub-zq-14/SRR006/019/SRR6019511.sralite.1,SRX3170686,UMB29_05,AMPLICON,PCR,METAGENOMIC,PAIRED,0,0,ILLUMINA,Illumina MiSeq,SRP117119,PRJNA400628,,400628,SRS2500664,SAMN07584120,simple,408170,human gut metagenome,UMB29_05,,,,,,,no,,,,,BI,SRA604906,,public,1F79A761FF552762E100A4A8D27A0BF0,8CAB33646FAAB4A32E7D07291EB05B65
SRR6019512,2017-09-08 06:07:11,2017-09-08 06:04:31,26335,9217250,26335,350,5,,https://sra-downloadb.be-md.ncbi.nlm.nih.gov/sos5/sra-pub-zq-14/SRR006/019/SRR6019512.sralite.1,SRX3170687,UMB29_06,AMPLICON,PCR,METAGENOMIC,PAIRED,0,0,ILLUMINA,Illumina MiSeq,SRP117119,PRJNA400628,,400628,SRS2500665,SAMN07584121,simple,408170,human gut metagenome,UMB29_06,,,,,,,no,,,,,BI,SRA604912,,public,FD5FC5D1C2BB2DDD48472B2560336380,C2B65AFCA811758B3726EC629C99CFAA
SRR6019515,2017-09-08 06:12:11,2017-09-08 06:08:49,363483,127219050,363483,350,78,,https://sra-downloadb.be-md.ncbi.nlm.nih.gov/sos5/sra-pub-zq-14/SRR006/019/SRR6019515.sralite.1,SRX3170688,UMB31_02,AMPLICON,PCR,METAGENOMIC,PAIRED,0,0,ILLUMINA,Illumina MiSeq,SRP117119,PRJNA400628,,400628,SRS2500666,SAMN07584131,simple,408170,human gut metagenome,UMB31_02,,,,,,,no,,,,,BI,SRA604922,,public,2747D8A7ED256A5CBE06F6D3EC23D381,E9C8A93EFAED898BB142A1F2A44EC053
SRR6019516,2017-09-08 06:12:11,2017-09-08 06:08:45,203636,71272600,203636,350,44,,https://sra-downloadb.be-md.ncbi.nlm.nih.gov/sos5/sra-pub-zq-14/SRR006/019/SRR6019516.sralite.1,SRX3170689,UMB31_03,AMPLICON,PCR,METAGENOMIC,PAIRED,0,0,ILLUMINA,Illumina MiSeq,SRP117119,PRJNA400628,,400628,SRS2500667,SAMN07584132,simple,408170,human gut metagenome,UMB31_03,,,,,,,no,,,,,BI,SRA604909,,public,3371DE4FFAF79AE38622C9CAB4D6256E,6FED2F6C81AC304EE1CA702FA932DBDA
SRR6019517,2017-09-08 06:12:11,2017-09-08 06:08:33,30164,10557400,30164,350,6,,https://sra-downloadb.be-md.ncbi.nlm.nih.gov/sos5/sra-pub-zq-14/SRR006/019/SRR6019517.sralite.1,SRX3170690,UMB31_00,AMPLICON,PCR,METAGENOMIC,PAIRED,0,0,ILLUMINA,Illumina MiSeq,SRP117119,PRJNA400628,,400628,SRS2500668,SAMN07584129,simple,408170,human gut metagenome,UMB31_00,,,,,,,no,,,,,BI,SRA604919,,public,9AB223A4F7D0E279BFD8F22E2F9BF15E,5B54103F9CE02D3BFC1963C231DE3C0F
SRR6019508,2017-09-08 06:01:11,2017-09-08 05:59:26,42025,14708750,42025,350,9,,https://sra-downloadb.be-md.ncbi.nlm.nih.gov/sos5/sra-pub-zq-14/SRR006/019/SRR6019508.sralite.1,SRX3170683,UMB29_00,AMPLICON,PCR,METAGENOMIC,PAIRED,0,0,ILLUMINA,Illumina MiSeq,SRP117119,PRJNA400628,,400628,SRS2500661,SAMN07584115,simple,408170,human gut metagenome,UMB29_00,,,,,,,no,,,,,BI,SRA604923,,public,9542ABA2BE5D54BCA5F26A37577DC2A6,1AA5D056987F4FA66BC07CE4840A7A0B
SRR6019506,2017-09-08 06:01:11,2017-09-08 05:59:27,184228,64479800,184228,350,40,,https://sra-downloadb.be-md.ncbi.nlm.nih.gov/sos5/sra-pub-zq-14/SRR006/019/SRR6019506.sralite.1,SRX3170681,UMB29_01,AMPLICON,PCR,METAGENOMIC,PAIRED,0,0,ILLUMINA,Illumina MiSeq,SRP117119,PRJNA400628,,400628,SRS2500659,SAMN07584116,simple,408170,human gut metagenome,UMB29_01,,,,,,,no,,,,,BI,SRA604911,,public,7B7EBEB112FA267824F7EDB3D90021A2,C204A078992EE3445CCD442D576EBD73
SRR6019507,2017-09-08 06:01:11,2017-09-08 05:59:24,21270,7444500,21270,350,4,,https://sra-downloadb.be-md.ncbi.nlm.nih.gov/sos5/sra-pub-zq-14/SRR006/019/SRR6019507.sralite.1,SRX3170682,UMB29_02,AMPLICON,PCR,METAGENOMIC,PAIRED,0,0,ILLUMINA,Illumina MiSeq,SRP117119,PRJNA400628,,400628,SRS2500660,SAMN07584117,simple,408170,human gut metagenome,UMB29_02,,,,,,,no,,,,,BI,SRA604920,,public,B195B0DB95C079521F480EC2FF494AF9,FC59261F67502CA3F06AEED75712505B
SRR6019510,2017-09-08 06:07:11,2017-09-08 06:04:44,335020,117257000,335020,350,72,,https://sra-downloadb.be-md.ncbi.nlm.nih.gov/sos5/sra-pub-zq-14/SRR006/019/SRR6019510.sralite.1,SRX3170685,UMB29_04,AMPLICON,PCR,METAGENOMIC,PAIRED,0,0,ILLUMINA,Illumina MiSeq,SRP117119,PRJNA400628,,400628,SRS2500663,SAMN07584119,simple,408170,human gut metagenome,UMB29_04,,,,,,,no,,,,,BI,SRA604917,,public,1E75622777D77B326F96D33AB7545F05,CC09D3FE70520CC5D105DC0A63C0F10D
SRR6019509,2017-09-08 06:07:11,2017-09-08 06:04:30,51881,18158350,51881,350,11,,https://sra-downloadb.be-md.ncbi.nlm.nih.gov/sos5/sra-pub-zq-14/SRR006/019/SRR6019509.sralite.1,SRX3170684,UMB30_01,AMPLICON,PCR,METAGENOMIC,PAIRED,0,0,ILLUMINA,Illumina MiSeq,SRP117119,PRJNA400628,,400628,SRS2500662,SAMN07584127,simple,408170,human gut metagenome,UMB30_01,,,,,,,no,,,,,BI,SRA604908,,public,ED32901B562E13AF30550EC15A434133,DF6A2210DB6FAEE19BDB1CAFC70CC0C3
SRR6019503,2017-09-08 05:58:10,2017-09-08 05:55:02,624396,218538600,624396,350,135,,https://sra-downloadb.be-md.ncbi.nlm.nih.gov/sos5/sra-pub-zq-14/SRR006/019/SRR6019503.sralite.1,SRX3170678,UMB27_04,AMPLICON,PCR,METAGENOMIC,PAIRED,0,0,ILLUMINA,Illumina MiSeq,SRP117119,PRJNA400628,,400628,SRS2500656,SAMN07584097,simple,408170,human gut metagenome,UMB27_04,,,,,,,no,,,,,BI,SRA604899,,public,B1D097AD8ED5B3DEE03B6D6258EE26A8,D9B11128D183BEA8E197252C445242A7
SRR6019501,2017-09-08 05:58:10,2017-09-08 05:54:34,122639,42923650,0,350,26,,https://sra-downloadb.be-md.ncbi.nlm.nih.gov/sos5/sra-pub-zq-14/SRR006/019/SRR6019501.sralite.1,SRX3170676,UMB27_05,AMPLICON,PCR,METAGENOMIC,PAIRED,0,0,ILLUMINA,Illumina MiSeq,SRP117119,PRJNA400628,,400628,SRS2500654,SAMN07584098,simple,408170,human gut metagenome,UMB27_05,,,,,,,no,,,,,BI,SRA604924,,public,,
SRR6019502,2017-09-08 05:58:10,2017-09-08 05:54:27,1698,594300,1698,350,0,,https://sra-downloadb.be-md.ncbi.nlm.nih.gov/sos5/sra-pub-zq-14/SRR006/019/SRR6019502.sralite.1,SRX3170677,UMB28_00,AMPLICON,PCR,METAGENOMIC,PAIRED,0,0,ILLUMINA,Illumina MiSeq,SRP117119,PRJNA400628,,400628,SRS2500655,SAMN07584105,simple,408170,human gut metagenome,UMB28_00,,,,,,,no,,,,,BI,SRA604913,,public,2FDE26A14A907B40AE9C545060644D54,09EC674DEAD50469C64F3AA4FCF6F02F
SRR6019504,2017-09-08 05:58:10,2017-09-08 05:54:33,504,176400,504,350,0,,https://sra-downloadb.be-md.ncbi.nlm.nih.gov/sos5/sra-pub-zq-14/SRR006/019/SRR6019504.sralite.1,SRX3170679,UMB28_02,AMPLICON,PCR,METAGENOMIC,PAIRED,0,0,ILLUMINA,Illumina MiSeq,SRP117119,PRJNA400628,,400628,SRS2500657,SAMN07584107,simple,408170,human gut metagenome,UMB28_02,,,,,,,no,,,,,BI,SRA604896,,public,112B8E4634189E686EEA417CEB5D8FF3,DDBA6007BD873994BDB4EC027BF110EA
SRR6019505,2017-09-08 05:58:10,2017-09-08 05:54:54,334588,117105800,334588,350,72,,https://sra-downloadb.be-md.ncbi.nlm.nih.gov/sos5/sra-pub-zq-14/SRR006/019/SRR6019505.sralite.1,SRX3170680,UMB28_06,AMPLICON,PCR,METAGENOMIC,PAIRED,0,0,ILLUMINA,Illumina MiSeq,SRP117119,PRJNA400628,,400628,SRS2500658,SAMN07584111,simple,408170,human gut metagenome,UMB28_06,,,,,,,no,,,,,BI,SRA604905,,public,962BC57AF7E48414265012A932BBD8A0,9A2A6FA79EFFDBA3472130719857A2D8
SRR6019499,2017-09-08 05:58:10,2017-09-08 05:54:35,466711,163348850,466711,350,101,,https://sra-downloadb.be-md.ncbi.nlm.nih.gov/sos5/sra-pub-zq-14/SRR006/019/SRR6019499.sralite.1,SRX3170674,UMB27_01,AMPLICON,PCR,METAGENOMIC,PAIRED,0,0,ILLUMINA,Illumina MiSeq,SRP117119,PRJNA400628,,400628,SRS2500652,SAMN07584095,simple,408170,human gut metagenome,UMB27_01,,,,,,,no,,,,,BI,SRA604895,,public,A4F6EEC8347C32C20E159AC09AC45C89,50EA3A87AFE77457B0BB654119511670
SRR6019498,2017-09-08 05:58:10,2017-09-08 05:54:50,446926,156424100,446926,350,96,,https://sra-downloadb.be-md.ncbi.nlm.nih.gov/sos5/sra-pub-zq-14/SRR006/019/SRR6019498.sralite.1,SRX3170673,UMB27_03,AMPLICON,PCR,METAGENOMIC,PAIRED,0,0,ILLUMINA,Illumina MiSeq,SRP117119,PRJNA400628,,400628,SRS2500651,SAMN07584096,simple,408170,human gut metagenome,UMB27_03,,,,,,,no,,,,,BI,SRA604902,,public,C3BC750B102E78CF3C8DCE7A0F9FC054,FDA26728FBF05C28DC19F95CACD83C99
SRR6019496,2017-09-08 05:58:10,2017-09-08 05:54:33,146122,51142700,146122,350,31,,https://sra-downloadb.be-md.ncbi.nlm.nih.gov/sos5/sra-pub-zq-14/SRR006/019/SRR6019496.sralite.1,SRX3170671,UMB27_06,AMPLICON,PCR,METAGENOMIC,PAIRED,0,0,ILLUMINA,Illumina MiSeq,SRP117119,PRJNA400628,,400628,SRS2500648,SAMN07584099,simple,408170,human gut metagenome,UMB27_06,,,,,,,no,,,,,BI,SRA604897,,public,CCA19FCFDBC0B458F9C77C4A6757960A,73EDEB71F7B938B510B893406C800DBA
SRR6019500,2017-09-08 05:58:10,2017-09-08 05:54:39,666676,233336600,666676,350,142,,https://sra-downloadb.be-md.ncbi.nlm.nih.gov/sos5/sra-pub-zq-14/SRR006/019/SRR6019500.sralite.1,SRX3170675,UMB28_01,AMPLICON,PCR,METAGENOMIC,PAIRED,0,0,ILLUMINA,Illumina MiSeq,SRP117119,PRJNA400628,,400628,SRS2500653,SAMN07584106,simple,408170,human gut metagenome,UMB28_01,,,,,,,no,,,,,BI,SRA604915,,public,46D263B4A6FE20A1A36207AC0D651316,31E982F95171FBF0ABBB487184E6D736
SRR6019497,2017-09-08 05:58:10,2017-09-08 05:54:57,413216,144625600,413216,350,89,,https://sra-downloadb.be-md.ncbi.nlm.nih.gov/sos5/sra-pub-zq-14/SRR006/019/SRR6019497.sralite.1,SRX3170672,UMB28_05,AMPLICON,PCR,METAGENOMIC,PAIRED,0,0,ILLUMINA,Illumina MiSeq,SRP117119,PRJNA400628,,400628,SRS2500650,SAMN07584110,simple,408170,human gut metagenome,UMB28_05,,,,,,,no,,,,,BI,SRA604916,,public,37AA7063EB25824BACF4A1CFD8C2C10B,42947CFBBE276733ABF8B00EFBA48691
SRR6018713,2017-09-07 20:18:11,2017-09-07 20:15:19,277393,97087550,277393,350,59,,https://sra-downloadb.be-md.ncbi.nlm.nih.gov/sos5/sra-pub-zq-14/SRR006/018/SRR6018713.sralite.1,SRX3170157,UMB20_01.2,AMPLICON,PCR,METAGENOMIC,PAIRED,0,0,ILLUMINA,Illumina MiSeq,SRP117119,PRJNA400628,,400628,SRS2500167,SAMN07583998,simple,408170,human gut metagenome,UMB20_01.2,,,,,,,no,,,,,BI,SRA604840,,public,0CF7D58AFCE72DC590EE724B9C4A4969,B399298E2BBBB7EACE162B28470E5765
SRR6018714,2017-09-07 20:18:11,2017-09-07 20:15:15,21635,7572250,21635,350,4,,https://sra-downloadb.be-md.ncbi.nlm.nih.gov/sos5/sra-pub-zq-14/SRR006/018/SRR6018714.sralite.1,SRX3170158,UMB26_02,AMPLICON,PCR,METAGENOMIC,PAIRED,0,0,ILLUMINA,Illumina MiSeq,SRP117119,PRJNA400628,,400628,SRS2500168,SAMN07584084,simple,408170,human gut metagenome,UMB26_02,,,,,,,no,,,,,BI,SRA604894,,public,DAC05539F42E3AF837E98AE5D2A230A9,7AD40A0C6FE4DCAD58F9589BAC44E0B4
SRR6018715,2017-09-07 20:18:11,2017-09-07 20:15:35,410054,143518900,410054,350,89,,https://sra-downloadb.be-md.ncbi.nlm.nih.gov/sos5/sra-pub-zq-14/SRR006/018/SRR6018715.sralite.1,SRX3170159,UMB26_04,AMPLICON,PCR,METAGENOMIC,PAIRED,0,0,ILLUMINA,Illumina MiSeq,SRP117119,PRJNA400628,,400628,SRS2500169,SAMN07584086,simple,408170,human gut metagenome,UMB26_04,,,,,,,no,,,,,BI,SRA604898,,public,C19FC4CBCA53718F655C5507FBD8D2CE,D2E1D41378B70039D3575C5E2598B3BD
SRR6019495,2017-09-08 05:58:10,2017-09-08 05:54:37,170866,59803100,170866,350,37,,https://sra-downloadb.be-md.ncbi.nlm.nih.gov/sos5/sra-pub-zq-14/SRR006/019/SRR6019495.sralite.1,SRX3170670,UMB28_04,AMPLICON,PCR,METAGENOMIC,PAIRED,0,0,ILLUMINA,Illumina MiSeq,SRP117119,PRJNA400628,,400628,SRS2500647,SAMN07584109,simple,408170,human gut metagenome,UMB28_04,,,,,,,no,,,,,BI,SRA604921,,public,21152114578D011BBE290F5DE7997BC5,A48D88FC236BBCACB5C06B9250EFE6C0
SRR6019494,2017-09-08 05:58:10,2017-09-08 05:54:25,12009,4203150,12009,350,2,,https://sra-downloadb.be-md.ncbi.nlm.nih.gov/sos5/sra-pub-zq-14/SRR006/019/SRR6019494.sralite.1,SRX3170669,UMB28_03,AMPLICON,PCR,METAGENOMIC,PAIRED,0,0,ILLUMINA,Illumina MiSeq,SRP117119,PRJNA400628,,400628,SRS2500649,SAMN07584108,simple,408170,human gut metagenome,UMB28_03,,,,,,,no,,,,,BI,SRA604907,,public,BDB4A1FFB123F4C32992ADD020FD459E,44F271A0F409726A6E2BDDAD8DEE8E54
SRR6018709,2017-09-07 20:18:11,2017-09-07 20:15:17,166677,58336950,166677,350,34,,https://sra-downloadb.be-md.ncbi.nlm.nih.gov/sos5/sra-pub-zq-14/SRR006/018/SRR6018709.sralite.1,SRX3170153,UMB22_03,AMPLICON,PCR,METAGENOMIC,PAIRED,0,0,ILLUMINA,Illumina MiSeq,SRP117119,PRJNA400628,,400628,SRS2500163,SAMN07584030,simple,408170,human gut metagenome,UMB22_03,,,,,,,no,,,,,BI,SRA604861,,public,5360E24EC025E2CBA88AC3CE8336A51D,4BF0584F7AF0D8E49974C4D132FA5A03
SRR6018708,2017-09-07 20:18:11,2017-09-07 20:15:18,93410,32693500,93410,350,20,,https://sra-downloadb.be-md.ncbi.nlm.nih.gov/sos5/sra-pub-zq-14/SRR006/018/SRR6018708.sralite.1,SRX3170152,UMB22_05,AMPLICON,PCR,METAGENOMIC,PAIRED,0,0,ILLUMINA,Illumina MiSeq,SRP117119,PRJNA400628,,400628,SRS2500162,SAMN07584032,simple,408170,human gut metagenome,UMB22_05,,,,,,,no,,,,,BI,SRA604854,,public,9784D23D5985216AADD145B650E7CF3B,148ECCE61C7E599B82BA3C86BBABE9CD
SRR6018710,2017-09-07 20:18:11,2017-09-07 20:15:18,72918,25521300,72918,350,15,,https://sra-downloadb.be-md.ncbi.nlm.nih.gov/sos5/sra-pub-zq-14/SRR006/018/SRR6018710.sralite.1,SRX3170154,UMB22_08,AMPLICON,PCR,METAGENOMIC,PAIRED,0,0,ILLUMINA,Illumina MiSeq,SRP117119,PRJNA400628,,400628,SRS2500165,SAMN07584035,simple,408170,human gut metagenome,UMB22_08,,,,,,,no,,,,,BI,SRA604864,,public,54303A47DACBA306BBD6B5F63FFA5234,7BFD57BFC4A12858D6FAA1ABD9BE0F27
SRR6018712,2017-09-07 20:18:11,2017-09-07 20:15:40,509154,178203900,509154,350,110,,https://sra-downloadb.be-md.ncbi.nlm.nih.gov/sos5/sra-pub-zq-14/SRR006/018/SRR6018712.sralite.1,SRX3170156,UMB25_03,AMPLICON,PCR,METAGENOMIC,PAIRED,0,0,ILLUMINA,Illumina MiSeq,SRP117119,PRJNA400628,,400628,SRS2500166,SAMN07584074,simple,408170,human gut metagenome,UMB25_03,,,,,,,no,,,,,BI,SRA604890,,public,13428D031D138D890C3881F1FBCB0EB5,D11EAFDE1CC20E34D7ACC77E5C13CC0B
SRR6018711,2017-09-07 20:18:11,2017-09-07 20:15:16,21285,7449750,21285,350,4,,https://sra-downloadb.be-md.ncbi.nlm.nih.gov/sos5/sra-pub-zq-14/SRR006/018/SRR6018711.sralite.1,SRX3170155,UMB26_01,AMPLICON,PCR,METAGENOMIC,PAIRED,0,0,ILLUMINA,Illumina MiSeq,SRP117119,PRJNA400628,,400628,SRS2500164,SAMN07584083,simple,408170,human gut metagenome,UMB26_01,,,,,,,no,,,,,BI,SRA604893,,public,A98421E4F64635082BA8EB71E06C8F62,1BD16BB6DAD74859557756C45A167D97
SRR6018702,2017-09-07 20:16:15,2017-09-07 20:15:13,181104,63386400,181104,350,39,,https://sra-downloadb.be-md.ncbi.nlm.nih.gov/sos5/sra-pub-zq-14/SRR006/018/SRR6018702.sralite.1,SRX3170146,UMB25_06,AMPLICON,PCR,METAGENOMIC,PAIRED,0,0,ILLUMINA,Illumina MiSeq,SRP117119,PRJNA400628,,400628,SRS2500156,SAMN07584077,simple,408170,human gut metagenome,UMB25_06,,,,,,,no,,,,,BI,SRA604892,,public,82D1CD411238ED0C740716CB6BD62AEF,EC2FF65BE7CC71C0018966FA34E27567
SRR6018703,2017-09-07 20:18:11,2017-09-07 20:15:14,185536,64937600,185536,350,40,,https://sra-downloadb.be-md.ncbi.nlm.nih.gov/sos5/sra-pub-zq-14/SRR006/018/SRR6018703.sralite.1,SRX3170147,UMB23_06,AMPLICON,PCR,METAGENOMIC,PAIRED,0,0,ILLUMINA,Illumina MiSeq,SRP117119,PRJNA400628,,400628,SRS2500157,SAMN07584048,simple,408170,human gut metagenome,UMB23_06,,,,,,,no,,,,,BI,SRA604876,,public,BD2932F353F8DE24405D9A1FA4246CE1,BD4C4BFE0971EC4FDD9BADD17F92BF54
SRR6018704,2017-09-07 20:18:11,2017-09-07 20:15:25,147535,51637250,147535,350,31,,https://sra-downloadb.be-md.ncbi.nlm.nih.gov/sos5/sra-pub-zq-14/SRR006/018/SRR6018704.sralite.1,SRX3170148,UMB21_05,AMPLICON,PCR,METAGENOMIC,PAIRED,0,0,ILLUMINA,Illumina MiSeq,SRP117119,PRJNA400628,,400628,SRS2500158,SAMN07584020,simple,408170,human gut metagenome,UMB21_05,,,,,,,no,,,,,BI,SRA604850,,public,CF19577236610178F16E08FF94626896,919F177FE35369919A05FD499D6E061E
SRR6018706,2017-09-07 20:18:11,2017-09-07 20:15:20,140825,49288750,140825,350,30,,https://sra-downloadb.be-md.ncbi.nlm.nih.gov/sos5/sra-pub-zq-14/SRR006/018/SRR6018706.sralite.1,SRX3170150,UMB25_05,AMPLICON,PCR,METAGENOMIC,PAIRED,0,0,ILLUMINA,Illumina MiSeq,SRP117119,PRJNA400628,,400628,SRS2500160,SAMN07584076,simple,408170,human gut metagenome,UMB25_05,,,,,,,no,,,,,BI,SRA604891,,public,DE675C21C49ADBCE3C3F52491181DF23,5ADDE73589ED624058C039A1D9B6916E
SRR6018707,2017-09-07 20:18:11,2017-09-07 20:15:23,199829,69940150,199829,350,43,,https://sra-downloadb.be-md.ncbi.nlm.nih.gov/sos5/sra-pub-zq-14/SRR006/018/SRR6018707.sralite.1,SRX3170151,UMB20_08,AMPLICON,PCR,METAGENOMIC,PAIRED,0,0,ILLUMINA,Illumina MiSeq,SRP117119,PRJNA400628,,400628,SRS2500161,SAMN07584010,simple,408170,human gut metagenome,UMB20_08,,,,,,,no,,,,,BI,SRA604846,,public,A74726EA72A616BE02021EAF7DD58D9C,D06D4B71727D4E5C596228794A119DDD
SRR6018697,2017-09-07 20:18:11,2017-09-07 20:15:39,657664,230182400,657664,350,143,,https://sra-downloadb.be-md.ncbi.nlm.nih.gov/sos5/sra-pub-zq-14/SRR006/018/SRR6018697.sralite.1,SRX3170141,UMB19_05,AMPLICON,PCR,METAGENOMIC,PAIRED,0,0,ILLUMINA,Illumina MiSeq,SRP117119,PRJNA400628,,400628,SRS2500150,SAMN07583987,simple,408170,human gut metagenome,UMB19_05,,,,,,,no,,,,,BI,SRA604832,,public,4D0456F00C5EED2E42A8F9473E49D877,00BDC79D4E375407B02D2FEF77DB8EBF
SRR6018698,2017-09-07 20:18:11,2017-09-07 20:15:20,405002,141750700,405002,350,88,,https://sra-downloadb.be-md.ncbi.nlm.nih.gov/sos5/sra-pub-zq-14/SRR006/018/SRR6018698.sralite.1,SRX3170142,UMB19_08,AMPLICON,PCR,METAGENOMIC,PAIRED,0,0,ILLUMINA,Illumina MiSeq,SRP117119,PRJNA400628,,400628,SRS2500152,SAMN07583990,simple,408170,human gut metagenome,UMB19_08,,,,,,,no,,,,,BI,SRA604835,,public,82052D157FE4D8444A7B42128A1B3205,2E678032B5FFB66CA4F96E3A695FD48E
SRR6018699,2017-09-07 20:16:15,2017-09-07 20:15:02,42246,14786100,42246,350,7,,https://sra-downloadb.be-md.ncbi.nlm.nih.gov/sos5/sra-pub-zq-14/SRR006/018/SRR6018699.sralite.1,SRX3170143,UMB21_01,AMPLICON,PCR,METAGENOMIC,PAIRED,0,0,ILLUMINA,Illumina MiSeq,SRP117119,PRJNA400628,,400628,SRS2500153,SAMN07584016,simple,408170,human gut metagenome,UMB21_01,,,,,,,no,,,,,BI,SRA604855,,public,37A7957CA3442778F44C4C28BDA4AB2F,B88F991812076B60FF79C54C3AA255DC
SRR6018700,2017-09-07 20:16:15,2017-09-07 20:15:04,58583,20504050,58583,350,12,,https://sra-downloadb.be-md.ncbi.nlm.nih.gov/sos5/sra-pub-zq-14/SRR006/018/SRR6018700.sralite.1,SRX3170144,UMB25_02,AMPLICON,PCR,METAGENOMIC,PAIRED,0,0,ILLUMINA,Illumina MiSeq,SRP117119,PRJNA400628,,400628,SRS2500154,SAMN07584073,simple,408170,human gut metagenome,UMB25_02,,,,,,,no,,,,,BI,SRA604888,,public,9EFB53D7797A37892A0476626E18D390,A40CCCF92F52028C5D54BE101F66DBA5
SRR6018701,2017-09-07 20:16:15,2017-09-07 20:15:06,33454,11708900,33454,350,7,,https://sra-downloadb.be-md.ncbi.nlm.nih.gov/sos5/sra-pub-zq-14/SRR006/018/SRR6018701.sralite.1,SRX3170145,UMB26_06,AMPLICON,PCR,METAGENOMIC,PAIRED,0,0,ILLUMINA,Illumina MiSeq,SRP117119,PRJNA400628,,400628,SRS2500155,SAMN07584088,simple,408170,human gut metagenome,UMB26_06,,,,,,,no,,,,,BI,SRA604900,,public,9A43CF247B66AA7BFB08EF774163B8CF,948105B1F6D7F57A129039FDCF7BA8BC
SRR6018695,2017-09-07 20:16:15,2017-09-07 20:15:05,397702,139195700,397702,350,85,,https://sra-downloadb.be-md.ncbi.nlm.nih.gov/sos5/sra-pub-zq-14/SRR006/018/SRR6018695.sralite.1,SRX3170139,UMB20_03.1,AMPLICON,PCR,METAGENOMIC,PAIRED,0,0,ILLUMINA,Illumina MiSeq,SRP117119,PRJNA400628,,400628,SRS2500149,SAMN07584003,simple,408170,human gut metagenome,UMB20_03.1,,,,,,,no,,,,,BI,SRA604848,,public,3538F674EA728E03CF48B761A12831AB,642C5DE3A848CD51D2754789E7E1CCF9
SRR6018694,2017-09-07 20:16:15,2017-09-07 20:14:57,16155,5654250,16155,350,3,,https://sra-downloadb.be-md.ncbi.nlm.nih.gov/sos5/sra-pub-zq-14/SRR006/018/SRR6018694.sralite.1,SRX3170138,UMB21_03,AMPLICON,PCR,METAGENOMIC,PAIRED,0,0,ILLUMINA,Illumina MiSeq,SRP117119,PRJNA400628,,400628,SRS2500148,SAMN07584018,simple,408170,human gut metagenome,UMB21_03,,,,,,,no,,,,,BI,SRA604862,,public,0C85A87C7349DEC70426DEBE875F70A4,44DAAD96802E24FC5646585AC1DE63D2
SRR6018692,2017-09-07 20:16:15,2017-09-07 20:15:05,223905,78366750,223905,350,48,,https://sra-downloadb.be-md.ncbi.nlm.nih.gov/sos5/sra-pub-zq-14/SRR006/018/SRR6018692.sralite.1,SRX3170136,UMB21_06,AMPLICON,PCR,METAGENOMIC,PAIRED,0,0,ILLUMINA,Illumina MiSeq,SRP117119,PRJNA400628,,400628,SRS2500146,SAMN07584021,simple,408170,human gut metagenome,UMB21_06,,,,,,,no,,,,,BI,SRA604858,,public,0DA314AAFC76C07745783B322C199FC0,0F3EEAA216EAEBB1F0C9637A5A5BECD9
SRR6018696,2017-09-07 20:16:15,2017-09-07 20:15:12,246097,86133950,246097,350,53,,https://sra-downloadb.be-md.ncbi.nlm.nih.gov/sos5/sra-pub-zq-14/SRR006/018/SRR6018696.sralite.1,SRX3170140,UMB23_07,AMPLICON,PCR,METAGENOMIC,PAIRED,0,0,ILLUMINA,Illumina MiSeq,SRP117119,PRJNA400628,,400628,SRS2500151,SAMN07584050,simple,408170,human gut metagenome,UMB23_07,,,,,,,no,,,,,BI,SRA604878,,public,1647A8CCA2B489CFADB33A3A9828E7CB,5020E4A6CA58D82E35DF953472DA0835
SRR6018691,2017-09-07 20:16:15,2017-09-07 20:14:58,121225,42428750,121225,350,26,,https://sra-downloadb.be-md.ncbi.nlm.nih.gov/sos5/sra-pub-zq-14/SRR006/018/SRR6018691.sralite.1,SRX3170135,UMB24_06,AMPLICON,PCR,METAGENOMIC,PAIRED,0,0,ILLUMINA,Illumina MiSeq,SRP117119,PRJNA400628,,400628,SRS2500145,SAMN07584062,simple,408170,human gut metagenome,UMB24_06,,,,,,,no,,,,,BI,SRA604880,,public,5885C0E647B08A4563990D40DF4052A9,B8E9B34FFA19F424D16FA0CD23822A3F
SRR6018686,2017-09-07 20:16:15,2017-09-07 20:14:57,276713,96849550,276713,350,59,,https://sra-downloadb.be-md.ncbi.nlm.nih.gov/sos5/sra-pub-zq-14/SRR006/018/SRR6018686.sralite.1,SRX3170130,UMB25_04,AMPLICON,PCR,METAGENOMIC,PAIRED,0,0,ILLUMINA,Illumina MiSeq,SRP117119,PRJNA400628,,400628,SRS2500140,SAMN07584075,simple,408170,human gut metagenome,UMB25_04,,,,,,,no,,,,,BI,SRA604889,,public,EFE70AA5CA2EF85FE26EEF79A4939D00,D0D8304DDF4530BBABE920D11DCBF34C
SRR6018687,2017-09-07 20:16:15,2017-09-07 20:14:51,70202,24570700,70202,350,14,,https://sra-downloadb.be-md.ncbi.nlm.nih.gov/sos5/sra-pub-zq-14/SRR006/018/SRR6018687.sralite.1,SRX3170131,UMB20_02.1,AMPLICON,PCR,METAGENOMIC,PAIRED,0,0,ILLUMINA,Illumina MiSeq,SRP117119,PRJNA400628,,400628,SRS2500141,SAMN07584000,simple,408170,human gut metagenome,UMB20_02.1,,,,,,,no,,,,,BI,SRA604841,,public,3C15EDAD56B65E567657AA56E3B61617,AEEDEFAD401BE03F072122C551D9EE61
SRR6018688,2017-09-07 20:16:15,2017-09-07 20:14:51,7662,2681700,7662,350,1,,https://sra-downloadb.be-md.ncbi.nlm.nih.gov/sos5/sra-pub-zq-14/SRR006/018/SRR6018688.sralite.1,SRX3170132,UMB20_04,AMPLICON,PCR,METAGENOMIC,PAIRED,0,0,ILLUMINA,Illumina MiSeq,SRP117119,PRJNA400628,,400628,SRS2500142,SAMN07584004,simple,408170,human gut metagenome,UMB20_04,,,,,,,no,,,,,BI,SRA604838,,public,C4999B9CCCA9300203858FEFE9746E0C,D7A96C694EC933163196D79E1614831F
SRR6018689,2017-09-07 20:18:10,2017-09-07 20:15:08,278373,97430550,278373,350,60,,https://sra-downloadb.be-md.ncbi.nlm.nih.gov/sos5/sra-pub-zq-14/SRR006/018/SRR6018689.sralite.1,SRX3170133,UMB24_05,AMPLICON,PCR,METAGENOMIC,PAIRED,0,0,ILLUMINA,Illumina MiSeq,SRP117119,PRJNA400628,,400628,SRS2500143,SAMN07584061,simple,408170,human gut metagenome,UMB24_05,,,,,,,no,,,,,BI,SRA604883,,public,1219F4D6A5C15309E5B1C59F343D69A1,25EA34C08C217A482E591B441C83CE5B
SRR6018690,2017-09-07 20:16:15,2017-09-07 20:15:06,228862,80101700,228862,350,49,,https://sra-downloadb.be-md.ncbi.nlm.nih.gov/sos5/sra-pub-zq-14/SRR006/018/SRR6018690.sralite.1,SRX3170134,UMB23_07.1,AMPLICON,PCR,METAGENOMIC,PAIRED,0,0,ILLUMINA,Illumina MiSeq,SRP117119,PRJNA400628,,400628,SRS2500144,SAMN07584051,simple,408170,human gut metagenome,UMB23_07.1,,,,,,,no,,,,,BI,SRA604873,,public,E90072841F2D672E0E0AD39DC0DE53A4,8AD203EE903FECD236E2A7865B222244
SRR6018682,2017-09-07 20:16:15,2017-09-07 20:14:41,80904,28316400,80904,350,16,,https://sra-downloadb.be-md.ncbi.nlm.nih.gov/sos5/sra-pub-zq-14/SRR006/018/SRR6018682.sralite.1,SRX3170126,UMB20_02.2,AMPLICON,PCR,METAGENOMIC,PAIRED,0,0,ILLUMINA,Illumina MiSeq,SRP117119,PRJNA400628,,400628,SRS2500135,SAMN07584001,simple,408170,human gut metagenome,UMB20_02.2,,,,,,,no,,,,,BI,SRA604842,,public,3F43E50F00E9B38ACD0CDB02BA25BAF4,48E2F80A281EC5FD8A9605408D0B8A36
SRR6018681,2017-09-07 20:19:11,2017-09-07 20:15:18,647002,226450700,647002,350,138,,https://sra-downloadb.be-md.ncbi.nlm.nih.gov/sos5/sra-pub-zq-14/SRR006/018/SRR6018681.sralite.1,SRX3170125,UMB19_02,AMPLICON,PCR,METAGENOMIC,PAIRED,0,0,ILLUMINA,Illumina MiSeq,SRP117119,PRJNA400628,,400628,SRS2500136,SAMN07583984,simple,408170,human gut metagenome,UMB19_02,,,,,,,no,,,,,BI,SRA604828,,public,4BD1638D6EE0A40B66A06AB5BC73D119,DB300FFCCB884AC2600816EA1CD4BA69
SRR6018684,2017-09-07 20:16:15,2017-09-07 20:14:44,42136,14747600,42136,350,7,,https://sra-downloadb.be-md.ncbi.nlm.nih.gov/sos5/sra-pub-zq-14/SRR006/018/SRR6018684.sralite.1,SRX3170128,UMB22_01,AMPLICON,PCR,METAGENOMIC,PAIRED,0,0,ILLUMINA,Illumina MiSeq,SRP117119,PRJNA400628,,400628,SRS2500137,SAMN07584028,simple,408170,human gut metagenome,UMB22_01,,,,,,,no,,,,,BI,SRA604851,,public,A8680C0D4DDA675627E4B648F4E567A6,4D317601252E3EE5D70FDE2D28713C91
SRR6018683,2017-09-07 20:16:15,2017-09-07 20:14:49,171310,59958500,171310,350,37,,https://sra-downloadb.be-md.ncbi.nlm.nih.gov/sos5/sra-pub-zq-14/SRR006/018/SRR6018683.sralite.1,SRX3170127,UMB21_07,AMPLICON,PCR,METAGENOMIC,PAIRED,0,0,ILLUMINA,Illumina MiSeq,SRP117119,PRJNA400628,,400628,SRS2500138,SAMN07584022,simple,408170,human gut metagenome,UMB21_07,,,,,,,no,,,,,BI,SRA604853,,public,1BF6A56808E29761F9A8B06F75C97FFB,8346FD555DD2663838A63F1F9F103E66
SRR6018685,2017-09-07 20:16:15,2017-09-07 20:14:57,312872,109505200,312872,350,67,,https://sra-downloadb.be-md.ncbi.nlm.nih.gov/sos5/sra-pub-zq-14/SRR006/018/SRR6018685.sralite.1,SRX3170129,UMB22_02,AMPLICON,PCR,METAGENOMIC,PAIRED,0,0,ILLUMINA,Illumina MiSeq,SRP117119,PRJNA400628,,400628,SRS2500139,SAMN07584029,simple,408170,human gut metagenome,UMB22_02,,,,,,,no,,,,,BI,SRA604852,,public,5E843B7059255242CD4939235BF53BD8,54AA05FAEBE9F4FD330118927EE553B2
SRR6018680,2017-09-07 20:16:15,2017-09-07 20:14:45,134502,47075700,134502,350,29,,https://sra-downloadb.be-md.ncbi.nlm.nih.gov/sos5/sra-pub-zq-14/SRR006/018/SRR6018680.sralite.1,SRX3170124,UMB20_06,AMPLICON,PCR,METAGENOMIC,PAIRED,0,0,ILLUMINA,Illumina MiSeq,SRP117119,PRJNA400628,,400628,SRS2500134,SAMN07584008,simple,408170,human gut metagenome,UMB20_06,,,,,,,no,,,,,BI,SRA604857,,public,0742B19F1D17D1B546768536D9CC852D,5A09549A662D20187DE0F3F42F2D288F
SRR6018676,2017-09-07 20:16:15,2017-09-07 20:14:37,33338,11668300,33338,350,7,,https://sra-downloadb.be-md.ncbi.nlm.nih.gov/sos5/sra-pub-zq-14/SRR006/018/SRR6018676.sralite.1,SRX3170120,UMB21_04,AMPLICON,PCR,METAGENOMIC,PAIRED,0,0,ILLUMINA,Illumina MiSeq,SRP117119,PRJNA400628,,400628,SRS2500130,SAMN07584019,simple,408170,human gut metagenome,UMB21_04,,,,,,,no,,,,,BI,SRA604859,,public,227F2B3D1DC873F199CA224469D1DB17,43CAAEBCA1BFA4F59006E4358321336C
SRR6018679,2017-09-07 20:16:15,2017-09-07 20:14:45,191160,66906000,191160,350,40,,https://sra-downloadb.be-md.ncbi.nlm.nih.gov/sos5/sra-pub-zq-14/SRR006/018/SRR6018679.sralite.1,SRX3170123,UMB22_06,AMPLICON,PCR,METAGENOMIC,PAIRED,0,0,ILLUMINA,Illumina MiSeq,SRP117119,PRJNA400628,,400628,SRS2500133,SAMN07584033,simple,408170,human gut metagenome,UMB22_06,,,,,,,no,,,,,BI,SRA604866,,public,39ACC79D7EE36AAC76FAFB5D406AC001,BA52D8B99BF1EE749E9BA27D777067CE
SRR6018678,2017-09-07 20:16:15,2017-09-07 20:15:06,535964,187587400,535964,350,117,,https://sra-downloadb.be-md.ncbi.nlm.nih.gov/sos5/sra-pub-zq-14/SRR006/018/SRR6018678.sralite.1,SRX3170122,UMB23_05.1,AMPLICON,PCR,METAGENOMIC,PAIRED,0,0,ILLUMINA,Illumina MiSeq,SRP117119,PRJNA400628,,400628,SRS2500132,SAMN07584047,simple,408170,human gut metagenome,UMB23_05.1,,,,,,,no,,,,,BI,SRA604877,,public,4D77705291C9FE6A122E2644FC3BA376,95E9068CF72BAA53FC910838BDEE8DC3
SRR6018677,2017-09-07 20:16:15,2017-09-07 20:14:37,40594,14207900,40594,350,8,,https://sra-downloadb.be-md.ncbi.nlm.nih.gov/sos5/sra-pub-zq-14/SRR006/018/SRR6018677.sralite.1,SRX3170121,UMB27_00,AMPLICON,PCR,METAGENOMIC,PAIRED,0,0,ILLUMINA,Illumina MiSeq,SRP117119,PRJNA400628,,400628,SRS2500131,SAMN07584094,simple,408170,human gut metagenome,UMB27_00,,,,,,,no,,,,,BI,SRA604904,,public,B13BE9AF580E8C88330D1645BA80EFBA,E5D0313962D01429E1BC8CD7A4AF9BD4
SRR6018671,2017-09-07 20:16:15,2017-09-07 20:14:52,302850,105997500,302850,350,65,,https://sra-downloadb.be-md.ncbi.nlm.nih.gov/sos5/sra-pub-zq-14/SRR006/018/SRR6018671.sralite.1,SRX3170115,UMB20_05.1,AMPLICON,PCR,METAGENOMIC,PAIRED,0,0,ILLUMINA,Illumina MiSeq,SRP117119,PRJNA400628,,400628,SRS2500125,SAMN07584007,simple,408170,human gut metagenome,UMB20_05.1,,,,,,,no,,,,,BI,SRA604843,,public,D7CC1DA28DBD0CDEFCCBFD8A6B344EC8,B71A66347ABBF2250462B16F85AC2FAE
SRR6018672,2017-09-07 20:16:15,2017-09-07 20:14:38,120171,42059850,120171,350,26,,https://sra-downloadb.be-md.ncbi.nlm.nih.gov/sos5/sra-pub-zq-14/SRR006/018/SRR6018672.sralite.1,SRX3170116,UMB24_07,AMPLICON,PCR,METAGENOMIC,PAIRED,0,0,ILLUMINA,Illumina MiSeq,SRP117119,PRJNA400628,,400628,SRS2500126,SAMN07584063,simple,408170,human gut metagenome,UMB24_07,,,,,,,no,,,,,BI,SRA604882,,public,C2548BFB64902A574C220EA510866B6B,0AF22CCBFB005FD91CB4A7393FE613CE
SRR6018673,2017-09-07 20:18:10,2017-09-07 20:15:06,699012,244654200,699012,350,151,,https://sra-downloadb.be-md.ncbi.nlm.nih.gov/sos5/sra-pub-zq-14/SRR006/018/SRR6018673.sralite.1,SRX3170117,UMB26_05,AMPLICON,PCR,METAGENOMIC,PAIRED,0,0,ILLUMINA,Illumina MiSeq,SRP117119,PRJNA400628,,400628,SRS2500127,SAMN07584087,simple,408170,human gut metagenome,UMB26_05,,,,,,,no,,,,,BI,SRA604901,,public,AD6B8202B60D8155D3B8DC6EE3DB4444,17B21678C735154808F02172A682D5E3
SRR6018674,2017-09-07 20:18:10,2017-09-07 20:14:56,1199896,419963600,1199896,350,260,,https://sra-downloadb.be-md.ncbi.nlm.nih.gov/sos5/sra-pub-zq-14/SRR006/018/SRR6018674.sralite.1,SRX3170118,UMB19_04,AMPLICON,PCR,METAGENOMIC,PAIRED,0,0,ILLUMINA,Illumina MiSeq,SRP117119,PRJNA400628,,400628,SRS2500128,SAMN07583986,simple,408170,human gut metagenome,UMB19_04,,,,,,,no,,,,,BI,SRA604831,,public,E8B985D7236228BAFB0E05491D80B485,C63D815BC9DB37D702D87765EE84CC59
SRR6018675,2017-09-07 20:16:15,2017-09-07 20:14:34,17274,6045900,17274,350,3,,https://sra-downloadb.be-md.ncbi.nlm.nih.gov/sos5/sra-pub-zq-14/SRR006/018/SRR6018675.sralite.1,SRX3170119,UMB20_01.1,AMPLICON,PCR,METAGENOMIC,PAIRED,0,0,ILLUMINA,Illumina MiSeq,SRP117119,PRJNA400628,,400628,SRS2500129,SAMN07583997,simple,408170,human gut metagenome,UMB20_01.1,,,,,,,no,,,,,BI,SRA604845,,public,393F4FAB9B6F4528536B93156945EDEE,3E1DE689266159DED790C674752DD1A0
SRR6018666,2017-09-07 20:16:15,2017-09-07 20:14:52,507799,177729650,507799,350,110,,https://sra-downloadb.be-md.ncbi.nlm.nih.gov/sos5/sra-pub-zq-14/SRR006/018/SRR6018666.sralite.1,SRX3170110,UMB23_04,AMPLICON,PCR,METAGENOMIC,PAIRED,0,0,ILLUMINA,Illumina MiSeq,SRP117119,PRJNA400628,,400628,SRS2500120,SAMN07584045,simple,408170,human gut metagenome,UMB23_04,,,,,,,no,,,,,BI,SRA604872,,public,AEC9EBDD9FF8CC96E52FD54068C3374C,EE207B7531B0EB5311745C6BFA89D771
SRR6018667,2017-09-07 20:16:15,2017-09-07 20:14:28,79432,27801200,79432,350,16,,https://sra-downloadb.be-md.ncbi.nlm.nih.gov/sos5/sra-pub-zq-14/SRR006/018/SRR6018667.sralite.1,SRX3170111,UMB20_01,AMPLICON,PCR,METAGENOMIC,PAIRED,0,0,ILLUMINA,Illumina MiSeq,SRP117119,PRJNA400628,,400628,SRS2500121,SAMN07583996,simple,408170,human gut metagenome,UMB20_01,,,,,,,no,,,,,BI,SRA604839,,public,AFEA85B0687FEF53E5B448AB00C08FB8,4F853BA90927E00EE27B568A38490B47
SRR6018668,2017-09-07 20:18:10,2017-09-07 20:15:12,453972,158890200,453972,350,98,,https://sra-downloadb.be-md.ncbi.nlm.nih.gov/sos5/sra-pub-zq-14/SRR006/018/SRR6018668.sralite.1,SRX3170112,UMB26_03,AMPLICON,PCR,METAGENOMIC,PAIRED,0,0,ILLUMINA,Illumina MiSeq,SRP117119,PRJNA400628,,400628,SRS2500122,SAMN07584085,simple,408170,human gut metagenome,UMB26_03,,,,,,,no,,,,,BI,SRA604903,,public,4EC5FE5005D9D7F6A245C3C82658EB23,990B2F4EC178F11CB6E8503E0B3FDAB0
SRR6018669,2017-09-07 20:16:15,2017-09-07 20:14:31,15301,5355350,15301,350,3,,https://sra-downloadb.be-md.ncbi.nlm.nih.gov/sos5/sra-pub-zq-14/SRR006/018/SRR6018669.sralite.1,SRX3170113,UMB23_02.1,AMPLICON,PCR,METAGENOMIC,PAIRED,0,0,ILLUMINA,Illumina MiSeq,SRP117119,PRJNA400628,,400628,SRS2500123,SAMN07584043,simple,408170,human gut metagenome,UMB23_02.1,,,,,,,no,,,,,BI,SRA604871,,public,A6257FAA0DB52D3C47E1CB19BE52DFDD,8099AAD636F6FFF2E4B270B644C6F934
SRR6018670,2017-09-07 20:16:15,2017-09-07 20:14:32,14662,5131700,14662,350,3,,https://sra-downloadb.be-md.ncbi.nlm.nih.gov/sos5/sra-pub-zq-14/SRR006/018/SRR6018670.sralite.1,SRX3170114,UMB23_03,AMPLICON,PCR,METAGENOMIC,PAIRED,0,0,ILLUMINA,Illumina MiSeq,SRP117119,PRJNA400628,,400628,SRS2500124,SAMN07584044,simple,408170,human gut metagenome,UMB23_03,,,,,,,no,,,,,BI,SRA604869,,public,FCB97497DB3ADBAE1C6A0FF7B25E44B0,A2D89CFE61753B145C67E06FE208C000
SRR6018663,2017-09-07 20:16:15,2017-09-07 20:14:31,154044,53915400,154044,350,33,,https://sra-downloadb.be-md.ncbi.nlm.nih.gov/sos5/sra-pub-zq-14/SRR006/018/SRR6018663.sralite.1,SRX3170107,UMB20_05,AMPLICON,PCR,METAGENOMIC,PAIRED,0,0,ILLUMINA,Illumina MiSeq,SRP117119,PRJNA400628,,400628,SRS2500117,SAMN07584006,simple,408170,human gut metagenome,UMB20_05,,,,,,,no,,,,,BI,SRA604860,,public,335D77ED1A9BC3FD58E2C74C406799E5,9642CF254002E7080C817616EC8B3FFE
SRR6018662,2017-09-07 20:16:14,2017-09-07 20:14:25,14303,5006050,14303,350,3,,https://sra-downloadb.be-md.ncbi.nlm.nih.gov/sos5/sra-pub-zq-14/SRR006/018/SRR6018662.sralite.1,SRX3170106,UMB22_04,AMPLICON,PCR,METAGENOMIC,PAIRED,0,0,ILLUMINA,Illumina MiSeq,SRP117119,PRJNA400628,,400628,SRS2500116,SAMN07584031,simple,408170,human gut metagenome,UMB22_04,,,,,,,no,,,,,BI,SRA604863,,public,2047ED5DA28B5C81C495CB47BF46C70F,2714E1236B4E411D88AB41C4AA17AB18
SRR6018665,2017-09-07 20:16:15,2017-09-07 20:14:24,42699,14944650,42699,350,9,,https://sra-downloadb.be-md.ncbi.nlm.nih.gov/sos5/sra-pub-zq-14/SRR006/018/SRR6018665.sralite.1,SRX3170109,UMB23_02,AMPLICON,PCR,METAGENOMIC,PAIRED,0,0,ILLUMINA,Illumina MiSeq,SRP117119,PRJNA400628,,400628,SRS2500119,SAMN07584042,simple,408170,human gut metagenome,UMB23_02,,,,,,,no,,,,,BI,SRA604865,,public,697B18D6A599693EE39E289AD42CE1D3,79674C929574FCDA9B4664C3C11E8DCC
SRR6018664,2017-09-07 20:16:15,2017-09-07 20:14:26,73281,25648350,73281,350,15,,https://sra-downloadb.be-md.ncbi.nlm.nih.gov/sos5/sra-pub-zq-14/SRR006/018/SRR6018664.sralite.1,SRX3170108,UMB24_02,AMPLICON,PCR,METAGENOMIC,PAIRED,0,0,ILLUMINA,Illumina MiSeq,SRP117119,PRJNA400628,,400628,SRS2500118,SAMN07584058,simple,408170,human gut metagenome,UMB24_02,,,,,,,no,,,,,BI,SRA604884,,public,D457EC100140268A5228974B111C2FDF,BDB5646BF9D0DFC3E59B6EACB3FADE6D
SRR6018661,2017-09-07 20:16:14,2017-09-07 20:14:23,48348,16921800,48348,350,10,,https://sra-downloadb.be-md.ncbi.nlm.nih.gov/sos5/sra-pub-zq-14/SRR006/018/SRR6018661.sralite.1,SRX3170105,UMB25_01,AMPLICON,PCR,METAGENOMIC,PAIRED,0,0,ILLUMINA,Illumina MiSeq,SRP117119,PRJNA400628,,400628,SRS2500115,SAMN07584072,simple,408170,human gut metagenome,UMB25_01,,,,,,,no,,,,,BI,SRA604887,,public,21097AA8BEFE256D43285C751E496406,D35CA46A69795EBBC12148D034D63DEE
SRR6018656,2017-09-07 20:16:14,2017-09-07 20:14:32,259051,90667850,259051,350,55,,https://sra-downloadb.be-md.ncbi.nlm.nih.gov/sos5/sra-pub-zq-14/SRR006/018/SRR6018656.sralite.1,SRX3170100,UMB20_02,AMPLICON,PCR,METAGENOMIC,PAIRED,0,0,ILLUMINA,Illumina MiSeq,SRP117119,PRJNA400628,,400628,SRS2500110,SAMN07583999,simple,408170,human gut metagenome,UMB20_02,,,,,,,no,,,,,BI,SRA604847,,public,1629DF41809BCB53A47C752AFCCC3695,4D73D6AE3AA8AD199902CB6F1FE4AE0E
SRR6018659,2017-09-07 20:18:10,2017-09-07 20:14:55,695690,243491500,695690,350,148,,https://sra-downloadb.be-md.ncbi.nlm.nih.gov/sos5/sra-pub-zq-14/SRR006/018/SRR6018659.sralite.1,SRX3170103,UMB22_07,AMPLICON,PCR,METAGENOMIC,PAIRED,0,0,ILLUMINA,Illumina MiSeq,SRP117119,PRJNA400628,,400628,SRS2500113,SAMN07584034,simple,408170,human gut metagenome,UMB22_07,,,,,,,no,,,,,BI,SRA604870,,public,B9957B38A09FA13A16CF5A701D69BEC7,22D56BD1349F0D21C578635B264D80C5
SRR6018658,2017-09-07 20:16:14,2017-09-07 20:14:27,79513,27829550,79513,350,16,,https://sra-downloadb.be-md.ncbi.nlm.nih.gov/sos5/sra-pub-zq-14/SRR006/018/SRR6018658.sralite.1,SRX3170102,UMB23_01.2,AMPLICON,PCR,METAGENOMIC,PAIRED,0,0,ILLUMINA,Illumina MiSeq,SRP117119,PRJNA400628,,400628,SRS2500112,SAMN07584041,simple,408170,human gut metagenome,UMB23_01.2,,,,,,,no,,,,,BI,SRA604868,,public,918EE1133112EA53EF8FCB4A94F98CB1,C9FA345BB693F7668E0D3D3ABA738264
SRR6018660,2017-09-07 20:16:14,2017-09-07 20:14:48,469161,164206350,469161,350,102,,https://sra-downloadb.be-md.ncbi.nlm.nih.gov/sos5/sra-pub-zq-14/SRR006/018/SRR6018660.sralite.1,SRX3170104,UMB23_05,AMPLICON,PCR,METAGENOMIC,PAIRED,0,0,ILLUMINA,Illumina MiSeq,SRP117119,PRJNA400628,,400628,SRS2500114,SAMN07584046,simple,408170,human gut metagenome,UMB23_05,,,,,,,no,,,,,BI,SRA604875,,public,E69477F3D78545C41CF4709F0110316A,D70A746BCEFB73FF0134B10F9578843E
SRR6018657,2017-09-07 20:16:14,2017-09-07 20:14:40,310744,108760400,310744,350,67,,https://sra-downloadb.be-md.ncbi.nlm.nih.gov/sos5/sra-pub-zq-14/SRR006/018/SRR6018657.sralite.1,SRX3170101,UMB23_06.1,AMPLICON,PCR,METAGENOMIC,PAIRED,0,0,ILLUMINA,Illumina MiSeq,SRP117119,PRJNA400628,,400628,SRS2500111,SAMN07584049,simple,408170,human gut metagenome,UMB23_06.1,,,,,,,no,,,,,BI,SRA604874,,public,A29DECC7FA34CD0B01F95709981C7C49,69CCA4DD3730CB17AC76BCEB071001D1
SRR6018652,2017-09-07 20:16:14,2017-09-07 20:14:34,287410,100593500,287410,350,62,,https://sra-downloadb.be-md.ncbi.nlm.nih.gov/sos5/sra-pub-zq-14/SRR006/018/SRR6018652.sralite.1,SRX3170096,UMB19_06,AMPLICON,PCR,METAGENOMIC,PAIRED,0,0,ILLUMINA,Illumina MiSeq,SRP117119,PRJNA400628,,400628,SRS2500106,SAMN07583988,simple,408170,human gut metagenome,UMB19_06,,,,,,,no,,,,,BI,SRA604833,,public,C803E294DEA9933A8B02CB9F3C77AB1D,E7D34DA70EB252FD70F59B6992061216
SRR6018655,2017-09-07 20:16:14,2017-09-07 20:14:24,22520,7882000,22520,350,4,,https://sra-downloadb.be-md.ncbi.nlm.nih.gov/sos5/sra-pub-zq-14/SRR006/018/SRR6018655.sralite.1,SRX3170099,UMB20_03,AMPLICON,PCR,METAGENOMIC,PAIRED,0,0,ILLUMINA,Illumina MiSeq,SRP117119,PRJNA400628,,400628,SRS2500109,SAMN07584002,simple,408170,human gut metagenome,UMB20_03,,,,,,,no,,,,,BI,SRA604836,,public,5FCF11DAEC6A4B3728A1CD4EF3B7F69F,C43DDEB80D0738ADC262DF0B1E42AC1B
SRR6018653,2017-09-07 20:16:14,2017-09-07 20:14:24,30869,10804150,30869,350,6,,https://sra-downloadb.be-md.ncbi.nlm.nih.gov/sos5/sra-pub-zq-14/SRR006/018/SRR6018653.sralite.1,SRX3170097,UMB21_08,AMPLICON,PCR,METAGENOMIC,PAIRED,0,0,ILLUMINA,Illumina MiSeq,SRP117119,PRJNA400628,,400628,SRS2500107,SAMN07584023,simple,408170,human gut metagenome,UMB21_08,,,,,,,no,,,,,BI,SRA604856,,public,95A978C4A8EADA83A1466BFBDC713343,16FD98284A9F7386B1EA92614EC2E349
SRR6018654,2017-09-07 20:16:14,2017-09-07 20:14:28,4394,1537900,4394,350,1,,https://sra-downloadb.be-md.ncbi.nlm.nih.gov/sos5/sra-pub-zq-14/SRR006/018/SRR6018654.sralite.1,SRX3170098,UMB24_03,AMPLICON,PCR,METAGENOMIC,PAIRED,0,0,ILLUMINA,Illumina MiSeq,SRP117119,PRJNA400628,,400628,SRS2500108,SAMN07584059,simple,408170,human gut metagenome,UMB24_03,,,,,,,no,,,,,BI,SRA604881,,public,46C50C96C30CD254AFF83EAE6A95432B,4B2BE341D24105D2A9831A536B02AC94
SRR6018651,2017-09-07 20:16:14,2017-09-07 20:14:22,31685,11089750,31685,350,6,,https://sra-downloadb.be-md.ncbi.nlm.nih.gov/sos5/sra-pub-zq-14/SRR006/018/SRR6018651.sralite.1,SRX3170095,UMB24_04,AMPLICON,PCR,METAGENOMIC,PAIRED,0,0,ILLUMINA,Illumina MiSeq,SRP117119,PRJNA400628,,400628,SRS2500105,SAMN07584060,simple,408170,human gut metagenome,UMB24_04,,,,,,,no,,,,,BI,SRA604886,,public,23FEBB54A074A17DF9237157637221CA,AD91129708E4CEA71B67402C926469AD
SRR6018646,2017-09-07 20:13:17,2017-09-07 20:11:18,146648,51326800,146648,350,31,,https://sra-downloadb.be-md.ncbi.nlm.nih.gov/sos5/sra-pub-zq-14/SRR006/018/SRR6018646.sralite.1,SRX3170090,UMB15_10,AMPLICON,PCR,METAGENOMIC,PAIRED,0,0,ILLUMINA,Illumina MiSeq,SRP117119,PRJNA400628,,400628,SRS2500100,SAMN07583947,simple,408170,human gut metagenome,UMB15_10,,,,,,,no,,,,,BI,SRA604808,,public,226A33BCB8D72D98EA7ABE3A08E47632,7C4DD4D7BF1CCD568050CF384656FAEC
SRR6018647,2017-09-07 20:13:17,2017-09-07 20:11:19,127165,44507750,127165,350,27,,https://sra-downloadb.be-md.ncbi.nlm.nih.gov/sos5/sra-pub-zq-14/SRR006/018/SRR6018647.sralite.1,SRX3170091,UMB13_08,AMPLICON,PCR,METAGENOMIC,PAIRED,0,0,ILLUMINA,Illumina MiSeq,SRP117119,PRJNA400628,,400628,SRS2500101,SAMN07583929,simple,408170,human gut metagenome,UMB13_08,,,,,,,no,,,,,BI,SRA604780,,public,579C063501EEA4F314DE1D14B4BB8CBE,C1F6367E493FECAD1E9E978BFB56DAD7
SRR6018648,2017-09-07 20:13:17,2017-09-07 20:11:34,195666,68483100,195666,350,42,,https://sra-downloadb.be-md.ncbi.nlm.nih.gov/sos5/sra-pub-zq-14/SRR006/018/SRR6018648.sralite.1,SRX3170092,UMB17_10,AMPLICON,PCR,METAGENOMIC,PAIRED,0,0,ILLUMINA,Illumina MiSeq,SRP117119,PRJNA400628,,400628,SRS2500102,SAMN07583962,simple,408170,human gut metagenome,UMB17_10,,,,,,,no,,,,,BI,SRA604812,,public,51C019F881169872C227C0656442A904,8E0AFE9073A43B89F0EAAEDBDD8CF2D7
SRR6018649,2017-09-07 20:16:14,2017-09-07 20:14:29,576585,201804750,576585,350,123,,https://sra-downloadb.be-md.ncbi.nlm.nih.gov/sos5/sra-pub-zq-14/SRR006/018/SRR6018649.sralite.1,SRX3170093,UMB23_01,AMPLICON,PCR,METAGENOMIC,PAIRED,0,0,ILLUMINA,Illumina MiSeq,SRP117119,PRJNA400628,,400628,SRS2500103,SAMN07584040,simple,408170,human gut metagenome,UMB23_01,,,,,,,no,,,,,BI,SRA604867,,public,D4519573D400533B7A3CFBB1AEDD9B8C,67E50DB0B01101184E77F7C53047D124
SRR6018650,2017-09-07 20:16:14,2017-09-07 20:14:29,192686,67440100,192686,350,41,,https://sra-downloadb.be-md.ncbi.nlm.nih.gov/sos5/sra-pub-zq-14/SRR006/018/SRR6018650.sralite.1,SRX3170094,UMB20_07,AMPLICON,PCR,METAGENOMIC,PAIRED,0,0,ILLUMINA,Illumina MiSeq,SRP117119,PRJNA400628,,400628,SRS2500104,SAMN07584009,simple,408170,human gut metagenome,UMB20_07,,,,,,,no,,,,,BI,SRA604834,,public,0557D663B36CF4D36AEAFD95FEAB1FB9,DE59F7800A3D9C335EB104A411510D12
SRR6018641,2017-09-07 20:13:17,2017-09-07 20:11:12,80516,28180600,80516,350,17,,https://sra-downloadb.be-md.ncbi.nlm.nih.gov/sos5/sra-pub-zq-14/SRR006/018/SRR6018641.sralite.1,SRX3170085,UMB15_08,AMPLICON,PCR,METAGENOMIC,PAIRED,0,0,ILLUMINA,Illumina MiSeq,SRP117119,PRJNA400628,,400628,SRS2500095,SAMN07583945,simple,408170,human gut metagenome,UMB15_08,,,,,,,no,,,,,BI,SRA604801,,public,EE5ACC66214DA1520672DCD536DB7D0C,53D92E70262024A358002DD2E9B7E14C
SRR6018642,2017-09-07 20:13:17,2017-09-07 20:11:09,78191,27366850,78191,350,16,,https://sra-downloadb.be-md.ncbi.nlm.nih.gov/sos5/sra-pub-zq-14/SRR006/018/SRR6018642.sralite.1,SRX3170086,UMB18_00,AMPLICON,PCR,METAGENOMIC,PAIRED,0,0,ILLUMINA,Illumina MiSeq,SRP117119,PRJNA400628,,400628,SRS2500096,SAMN07583965,simple,408170,human gut metagenome,UMB18_00,,,,,,,no,,,,,BI,SRA604817,,public,E2FAA7B69397BC76CB54CE244B224BF5,24CF9A4314C95E31CCC10A1AB5461CA8
SRR6018643,2017-09-07 20:13:17,2017-09-07 20:11:10,71174,24910900,71174,350,12,,https://sra-downloadb.be-md.ncbi.nlm.nih.gov/sos5/sra-pub-zq-14/SRR006/018/SRR6018643.sralite.1,SRX3170087,UMB17_04,AMPLICON,PCR,METAGENOMIC,PAIRED,0,0,ILLUMINA,Illumina MiSeq,SRP117119,PRJNA400628,,400628,SRS2500097,SAMN07583956,simple,408170,human gut metagenome,UMB17_04,,,,,,,no,,,,,BI,SRA604793,,public,4C0DBD6FC3FB14F8A3940591B8D2F5A1,1792D2BC34443E359A4BD4EB82BAF83D
SRR6018644,2017-09-07 20:13:17,2017-09-07 20:11:20,346289,121201150,346289,350,71,,https://sra-downloadb.be-md.ncbi.nlm.nih.gov/sos5/sra-pub-zq-14/SRR006/018/SRR6018644.sralite.1,SRX3170088,UMB17_07,AMPLICON,PCR,METAGENOMIC,PAIRED,0,0,ILLUMINA,Illumina MiSeq,SRP117119,PRJNA400628,,400628,SRS2500098,SAMN07583959,simple,408170,human gut metagenome,UMB17_07,,,,,,,no,,,,,BI,SRA604816,,public,52BAA70BB65E9264C6294C47B33C4614,AFA6C21898F55018D14CE9B3FC9AA2FF
SRR6018645,2017-09-07 20:13:17,2017-09-07 20:11:20,157779,55222650,157779,350,34,,https://sra-downloadb.be-md.ncbi.nlm.nih.gov/sos5/sra-pub-zq-14/SRR006/018/SRR6018645.sralite.1,SRX3170089,UMB18_07,AMPLICON,PCR,METAGENOMIC,PAIRED,0,0,ILLUMINA,Illumina MiSeq,SRP117119,PRJNA400628,,400628,SRS2500099,SAMN07583975,simple,408170,human gut metagenome,UMB18_07,,,,,,,no,,,,,BI,SRA604826,,public,A80750EE09DB0CE201906649BF09157B,AF631A710CBFC7E5B0508B0334C48D42
SRR6018637,2017-09-07 20:13:17,2017-09-07 20:11:08,88689,31041150,88689,350,16,,https://sra-downloadb.be-md.ncbi.nlm.nih.gov/sos5/sra-pub-zq-14/SRR006/018/SRR6018637.sralite.1,SRX3170081,UMB11_02,AMPLICON,PCR,METAGENOMIC,PAIRED,0,0,ILLUMINA,Illumina MiSeq,SRP117119,PRJNA400628,,400628,SRS2500091,SAMN07583894,simple,408170,human gut metagenome,UMB11_02,,,,,,,no,,,,,BI,SRA604644,,public,A577939296734514E5CD6091383CD825,8334F1E3F01511FC945D0B48C65FB277
SRR6018638,2017-09-07 20:13:17,2017-09-07 20:11:08,64177,22461950,64177,350,14,,https://sra-downloadb.be-md.ncbi.nlm.nih.gov/sos5/sra-pub-zq-14/SRR006/018/SRR6018638.sralite.1,SRX3170082,UMB14_00,AMPLICON,PCR,METAGENOMIC,PAIRED,0,0,ILLUMINA,Illumina MiSeq,SRP117119,PRJNA400628,,400628,SRS2500092,SAMN07583934,simple,408170,human gut metagenome,UMB14_00,,,,,,,no,,,,,BI,SRA604786,,public,5E44CDBD4580ED646A701B6C0A372D4B,D9736D5264FA4178F52721767428BA33
SRR6018636,2017-09-07 20:13:17,2017-09-07 20:11:08,61842,21644700,61842,350,12,,https://sra-downloadb.be-md.ncbi.nlm.nih.gov/sos5/sra-pub-zq-14/SRR006/018/SRR6018636.sralite.1,SRX3170080,UMB17_06,AMPLICON,PCR,METAGENOMIC,PAIRED,0,0,ILLUMINA,Illumina MiSeq,SRP117119,PRJNA400628,,400628,SRS2500090,SAMN07583958,simple,408170,human gut metagenome,UMB17_06,,,,,,,no,,,,,BI,SRA604809,,public,FCB25A44F98B898481B39D2BF02886CB,16BA2E164E954E48136405D0CF787038
SRR6018640,2017-09-07 20:13:17,2017-09-07 20:11:15,151075,52876250,151075,350,32,,https://sra-downloadb.be-md.ncbi.nlm.nih.gov/sos5/sra-pub-zq-14/SRR006/018/SRR6018640.sralite.1,SRX3170084,UMB17_11,AMPLICON,PCR,METAGENOMIC,PAIRED,0,0,ILLUMINA,Illumina MiSeq,SRP117119,PRJNA400628,,400628,SRS2500094,SAMN07583963,simple,408170,human gut metagenome,UMB17_11,,,,,,,no,,,,,BI,SRA604810,,public,400404562DE604D6D6CD3D358012C5EC,9EC144157C8B593583B1DB78979AF14F
SRR6018639,2017-09-07 20:13:17,2017-09-07 20:11:17,593104,207586400,593104,350,126,,https://sra-downloadb.be-md.ncbi.nlm.nih.gov/sos5/sra-pub-zq-14/SRR006/018/SRR6018639.sralite.1,SRX3170083,UMB18_01.1,AMPLICON,PCR,METAGENOMIC,PAIRED,0,0,ILLUMINA,Illumina MiSeq,SRP117119,PRJNA400628,,400628,SRS2500093,SAMN07583968,simple,408170,human gut metagenome,UMB18_01.1,,,,,,,no,,,,,BI,SRA604819,,public,010C079D15F8EE9B783084E19E6BA6A2,7F5641DC7ECBB2056431728C068DC545
SRR6018631,2017-09-07 20:13:17,2017-09-07 20:11:04,29639,10373650,29639,350,6,,https://sra-downloadb.be-md.ncbi.nlm.nih.gov/sos5/sra-pub-zq-14/SRR006/018/SRR6018631.sralite.1,SRX3170075,UMB18_02,AMPLICON,PCR,METAGENOMIC,PAIRED,0,0,ILLUMINA,Illumina MiSeq,SRP117119,PRJNA400628,,400628,SRS2500085,SAMN07583969,simple,408170,human gut metagenome,UMB18_02,,,,,,,no,,,,,BI,SRA604818,,public,7921D3D133B8C27808E8FB9271B2DE01,142E4385E7F49CF2A305F6332F6A1AB3
SRR6018632,2017-09-07 20:13:17,2017-09-07 20:11:05,86744,30360400,86744,350,15,,https://sra-downloadb.be-md.ncbi.nlm.nih.gov/sos5/sra-pub-zq-14/SRR006/018/SRR6018632.sralite.1,SRX3170076,UMB12_03,AMPLICON,PCR,METAGENOMIC,PAIRED,0,0,ILLUMINA,Illumina MiSeq,SRP117119,PRJNA400628,,400628,SRS2500086,SAMN07583911,simple,408170,human gut metagenome,UMB12_03,,,,,,,no,,,,,BI,SRA604768,,public,5C34E83477ABBBF05E12B017D64463EE,FA4692CCEF99FF6AB724C6921F012F35
SRR6018633,2017-09-07 20:13:17,2017-09-07 20:11:35,617512,216129200,617512,350,134,,https://sra-downloadb.be-md.ncbi.nlm.nih.gov/sos5/sra-pub-zq-14/SRR006/018/SRR6018633.sralite.1,SRX3170077,UMB12_11,AMPLICON,PCR,METAGENOMIC,PAIRED,0,0,ILLUMINA,Illumina MiSeq,SRP117119,PRJNA400628,,400628,SRS2500087,SAMN07583919,simple,408170,human gut metagenome,UMB12_11,,,,,,,no,,,,,BI,SRA604773,,public,5BE136E254993266EC49F8AA8D644EC7,517EA1109E8C6FEE95F97F263854F501
SRR6018634,2017-09-07 20:13:17,2017-09-07 20:11:07,30252,10588200,30252,350,6,,https://sra-downloadb.be-md.ncbi.nlm.nih.gov/sos5/sra-pub-zq-14/SRR006/018/SRR6018634.sralite.1,SRX3170078,UMB12_05,AMPLICON,PCR,METAGENOMIC,PAIRED,0,0,ILLUMINA,Illumina MiSeq,SRP117119,PRJNA400628,,400628,SRS2500088,SAMN07583913,simple,408170,human gut metagenome,UMB12_05,,,,,,,no,,,,,BI,SRA604769,,public,3B5C8122FD8BA7BD361F251A1A562FA4,3B29FE7B37902773C9411E6C8428D4DB
SRR6018635,2017-09-07 20:13:17,2017-09-07 20:11:17,218393,76437550,218393,350,47,,https://sra-downloadb.be-md.ncbi.nlm.nih.gov/sos5/sra-pub-zq-14/SRR006/018/SRR6018635.sralite.1,SRX3170079,UMB18_08,AMPLICON,PCR,METAGENOMIC,PAIRED,0,0,ILLUMINA,Illumina MiSeq,SRP117119,PRJNA400628,,400628,SRS2500089,SAMN07583976,simple,408170,human gut metagenome,UMB18_08,,,,,,,no,,,,,BI,SRA604825,,public,37DE298471E0D47766348237FB6A657C,BA04866B2FB2187939CF7F44150BCE2C
SRR6018626,2017-09-07 20:13:16,2017-09-07 20:11:03,147969,51789150,147969,350,27,,https://sra-downloadb.be-md.ncbi.nlm.nih.gov/sos5/sra-pub-zq-14/SRR006/018/SRR6018626.sralite.1,SRX3170070,UMB13_03,AMPLICON,PCR,METAGENOMIC,PAIRED,0,0,ILLUMINA,Illumina MiSeq,SRP117119,PRJNA400628,,400628,SRS2500080,SAMN07583924,simple,408170,human gut metagenome,UMB13_03,,,,,,,no,,,,,BI,SRA604778,,public,EBB6A68F90E612256B937568674C9F3C,28F2B2B5EEB80C3805B90B520C2E7C6B
SRR6018627,2017-09-07 20:13:17,2017-09-07 20:11:00,38707,13547450,38707,350,8,,https://sra-downloadb.be-md.ncbi.nlm.nih.gov/sos5/sra-pub-zq-14/SRR006/018/SRR6018627.sralite.1,SRX3170071,UMB10_05,AMPLICON,PCR,METAGENOMIC,PAIRED,0,0,ILLUMINA,Illumina MiSeq,SRP117119,PRJNA400628,,400628,SRS2500081,SAMN07583885,simple,408170,human gut metagenome,UMB10_05,,,,,,,no,,,,,BI,SRA604631,,public,4984EEB82821E2EEE28461E453FD643C,94AA2279DB3753BAC33318ED3E365AAB
SRR6018628,2017-09-07 20:13:17,2017-09-07 20:11:04,12506,4377100,12506,350,2,,https://sra-downloadb.be-md.ncbi.nlm.nih.gov/sos5/sra-pub-zq-14/SRR006/018/SRR6018628.sralite.1,SRX3170072,UMB15_05,AMPLICON,PCR,METAGENOMIC,PAIRED,0,0,ILLUMINA,Illumina MiSeq,SRP117119,PRJNA400628,,400628,SRS2500082,SAMN07583942,simple,408170,human gut metagenome,UMB15_05,,,,,,,no,,,,,BI,SRA604797,,public,ADD5D6375CCD8006A2283EB1443E4C97,2A32796D2BC36C05BBFEE72A00D6E6FB
SRR6018629,2017-09-07 20:13:17,2017-09-07 20:11:00,39387,13785450,39387,350,8,,https://sra-downloadb.be-md.ncbi.nlm.nih.gov/sos5/sra-pub-zq-14/SRR006/018/SRR6018629.sralite.1,SRX3170073,UMB15_06,AMPLICON,PCR,METAGENOMIC,PAIRED,0,0,ILLUMINA,Illumina MiSeq,SRP117119,PRJNA400628,,400628,SRS2500083,SAMN07583943,simple,408170,human gut metagenome,UMB15_06,,,,,,,no,,,,,BI,SRA604802,,public,F3A4C0AC2339ECBCB503B38E241099F4,822A6BDF97492CC66DAB5A78B44284AC
SRR6018630,2017-09-07 20:13:17,2017-09-07 20:11:00,47901,16765350,47901,350,8,,https://sra-downloadb.be-md.ncbi.nlm.nih.gov/sos5/sra-pub-zq-14/SRR006/018/SRR6018630.sralite.1,SRX3170074,UMB15_04,AMPLICON,PCR,METAGENOMIC,PAIRED,0,0,ILLUMINA,Illumina MiSeq,SRP117119,PRJNA400628,,400628,SRS2500084,SAMN07583941,simple,408170,human gut metagenome,UMB15_04,,,,,,,no,,,,,BI,SRA604806,,public,6023EEAA2EFFFBECB7A76106D147C5EC,5E6BEB04510C428E471F2093FE3370C6
SRR6018621,2017-09-07 20:13:16,2017-09-07 20:10:56,83253,29138550,0,350,15,,https://sra-downloadb.be-md.ncbi.nlm.nih.gov/sos5/sra-pub-zq-14/SRR006/018/SRR6018621.sralite.1,SRX3170065,UMB11_01,AMPLICON,PCR,METAGENOMIC,PAIRED,0,0,ILLUMINA,Illumina MiSeq,SRP117119,PRJNA400628,,400628,SRS2500075,SAMN07583893,simple,408170,human gut metagenome,UMB11_01,,,,,,,no,,,,,BI,SRA604637,,public,,
SRR6018622,2017-09-07 20:13:16,2017-09-07 20:10:55,2350,822500,2350,350,0,,https://sra-downloadb.be-md.ncbi.nlm.nih.gov/sos5/sra-pub-zq-14/SRR006/018/SRR6018622.sralite.1,SRX3170066,UMB13_07,AMPLICON,PCR,METAGENOMIC,PAIRED,0,0,ILLUMINA,Illumina MiSeq,SRP117119,PRJNA400628,,400628,SRS2500076,SAMN07583928,simple,408170,human gut metagenome,UMB13_07,,,,,,,no,,,,,BI,SRA604781,,public,070839645238A31A39D7C4F203FF219C,E1FAF81408B5837163A90B7975A3AAA3
SRR6018624,2017-09-07 20:13:16,2017-09-07 20:11:04,185067,64773450,185067,350,40,,https://sra-downloadb.be-md.ncbi.nlm.nih.gov/sos5/sra-pub-zq-14/SRR006/018/SRR6018624.sralite.1,SRX3170068,UMB15_09,AMPLICON,PCR,METAGENOMIC,PAIRED,0,0,ILLUMINA,Illumina MiSeq,SRP117119,PRJNA400628,,400628,SRS2500077,SAMN07583946,simple,408170,human gut metagenome,UMB15_09,,,,,,,no,,,,,BI,SRA604800,,public,F5FFDE808F842CB2BFAD5A96BB40D518,9AFBBA6DC774151EDFFE96C864B9556F
SRR6018623,2017-09-07 20:13:16,2017-09-07 20:11:12,329550,115342500,329550,350,71,,https://sra-downloadb.be-md.ncbi.nlm.nih.gov/sos5/sra-pub-zq-14/SRR006/018/SRR6018623.sralite.1,SRX3170067,UMB10_08,AMPLICON,PCR,METAGENOMIC,PAIRED,0,0,ILLUMINA,Illumina MiSeq,SRP117119,PRJNA400628,,400628,SRS2500078,SAMN07583888,simple,408170,human gut metagenome,UMB10_08,,,,,,,no,,,,,BI,SRA604639,,public,F1C9237717C9A9D6DF3F82A3F8B7EEEF,DE760673FE7290CA0F67EC3822DE10CF
SRR6018625,2017-09-07 20:13:16,2017-09-07 20:10:58,70157,24554950,70157,350,12,,https://sra-downloadb.be-md.ncbi.nlm.nih.gov/sos5/sra-pub-zq-14/SRR006/018/SRR6018625.sralite.1,SRX3170069,UMB13_02,AMPLICON,PCR,METAGENOMIC,PAIRED,0,0,ILLUMINA,Illumina MiSeq,SRP117119,PRJNA400628,,400628,SRS2500079,SAMN07583923,simple,408170,human gut metagenome,UMB13_02,,,,,,,no,,,,,BI,SRA604776,,public,73D739953DAC8FBE5946BC0F54BCC6B0,EE3D1F0091F92953AAD3A861B49067C4
SRR6018619,2017-09-07 20:13:16,2017-09-07 20:10:56,26143,9150050,26143,350,5,,https://sra-downloadb.be-md.ncbi.nlm.nih.gov/sos5/sra-pub-zq-14/SRR006/018/SRR6018619.sralite.1,SRX3170063,UMB10_06,AMPLICON,PCR,METAGENOMIC,PAIRED,0,0,ILLUMINA,Illumina MiSeq,SRP117119,PRJNA400628,,400628,SRS2500073,SAMN07583886,simple,408170,human gut metagenome,UMB10_06,,,,,,,no,,,,,BI,SRA604620,,public,7D3DE181CC01FB2B7B84B56FDA04A110,858FF5BCD83133C53FFE8534F8E3F3F8
SRR6018618,2017-09-07 20:13:16,2017-09-07 20:10:55,43980,15393000,43980,350,7,,https://sra-downloadb.be-md.ncbi.nlm.nih.gov/sos5/sra-pub-zq-14/SRR006/018/SRR6018618.sralite.1,SRX3170062,UMB17_03,AMPLICON,PCR,METAGENOMIC,PAIRED,0,0,ILLUMINA,Illumina MiSeq,SRP117119,PRJNA400628,,400628,SRS2500072,SAMN07583955,simple,408170,human gut metagenome,UMB17_03,,,,,,,no,,,,,BI,SRA604805,,public,4F3921677A41A7D7F68AA60D8DC5B5B9,0D3DBD750E92700618E3B9F8140D559E
SRR6018620,2017-09-07 20:13:16,2017-09-07 20:11:16,436244,152685400,436244,350,95,,https://sra-downloadb.be-md.ncbi.nlm.nih.gov/sos5/sra-pub-zq-14/SRR006/018/SRR6018620.sralite.1,SRX3170064,UMB17_09,AMPLICON,PCR,METAGENOMIC,PAIRED,0,0,ILLUMINA,Illumina MiSeq,SRP117119,PRJNA400628,,400628,SRS2500074,SAMN07583961,simple,408170,human gut metagenome,UMB17_09,,,,,,,no,,,,,BI,SRA604814,,public,0EEE09BA0272503F325C191A393B8B99,26A6794978CA65F86359570FF66A9197
SRR6018617,2017-09-07 20:13:16,2017-09-07 20:10:59,389987,136495450,389987,350,84,,https://sra-downloadb.be-md.ncbi.nlm.nih.gov/sos5/sra-pub-zq-14/SRR006/018/SRR6018617.sralite.1,SRX3170061,UMB18_04,AMPLICON,PCR,METAGENOMIC,PAIRED,0,0,ILLUMINA,Illumina MiSeq,SRP117119,PRJNA400628,,400628,SRS2500071,SAMN07583972,simple,408170,human gut metagenome,UMB18_04,,,,,,,no,,,,,BI,SRA604821,,public,EB6BA41D11B699BE418C0C746A24276D,29A7A8216D7CF7DB3285640712AC7DB7
SRR6018616,2017-09-07 20:13:16,2017-09-07 20:11:22,243787,85325450,243787,350,53,,https://sra-downloadb.be-md.ncbi.nlm.nih.gov/sos5/sra-pub-zq-14/SRR006/018/SRR6018616.sralite.1,SRX3170060,UMB19_07,AMPLICON,PCR,METAGENOMIC,PAIRED,0,0,ILLUMINA,Illumina MiSeq,SRP117119,PRJNA400628,,400628,SRS2500070,SAMN07583989,simple,408170,human gut metagenome,UMB19_07,,,,,,,no,,,,,BI,SRA604837,,public,135479F9878107BC44F1C4FC046DC61B,E2C122FF1D232DDFB4A2971929F631E5
SRR6018612,2017-09-07 20:13:16,2017-09-07 20:10:49,71402,24990700,71402,350,13,,https://sra-downloadb.be-md.ncbi.nlm.nih.gov/sos5/sra-pub-zq-14/SRR006/018/SRR6018612.sralite.1,SRX3170056,UMB11_04,AMPLICON,PCR,METAGENOMIC,PAIRED,0,0,ILLUMINA,Illumina MiSeq,SRP117119,PRJNA400628,,400628,SRS2500065,SAMN07583897,simple,408170,human gut metagenome,UMB11_04,,,,,,,no,,,,,BI,SRA604641,,public,F165C375965383CFD001EB2C9399314B,6B99C06EA40C80C4BCB51240DB3B7280
SRR6018611,2017-09-07 20:13:16,2017-09-07 20:10:47,62514,21879900,62514,350,11,,https://sra-downloadb.be-md.ncbi.nlm.nih.gov/sos5/sra-pub-zq-14/SRR006/018/SRR6018611.sralite.1,SRX3170055,UMB15_02,AMPLICON,PCR,METAGENOMIC,PAIRED,0,0,ILLUMINA,Illumina MiSeq,SRP117119,PRJNA400628,,400628,SRS2500066,SAMN07583938,simple,408170,human gut metagenome,UMB15_02,,,,,,,no,,,,,BI,SRA604792,,public,92E451A7150F6FA28C6189819C55C679,90AF4698E0CF52044BF32124853D0EA3
SRR6018613,2017-09-07 20:13:16,2017-09-07 20:10:48,26920,9422000,26920,350,5,,https://sra-downloadb.be-md.ncbi.nlm.nih.gov/sos5/sra-pub-zq-14/SRR006/018/SRR6018613.sralite.1,SRX3170057,UMB16_06,AMPLICON,PCR,METAGENOMIC,PAIRED,0,0,ILLUMINA,Illumina MiSeq,SRP117119,PRJNA400628,,400628,SRS2500067,SAMN07583952,simple,408170,human gut metagenome,UMB16_06,,,,,,,no,,,,,BI,SRA604794,,public,977E890808F9EAF504BA092712F0C7DC,ED5A7214BC6B81FFC01CBB48C131F9BC
SRR6018614,2017-09-07 20:13:16,2017-09-07 20:10:51,76121,26642350,76121,350,14,,https://sra-downloadb.be-md.ncbi.nlm.nih.gov/sos5/sra-pub-zq-14/SRR006/018/SRR6018614.sralite.1,SRX3170058,UMB19_01,AMPLICON,PCR,METAGENOMIC,PAIRED,0,0,ILLUMINA,Illumina MiSeq,SRP117119,PRJNA400628,,400628,SRS2500068,SAMN07583983,simple,408170,human gut metagenome,UMB19_01,,,,,,,no,,,,,BI,SRA604829,,public,CF7AA99DAE63A513B446331D17FF8249,7DCD131B1E0C00850F82400C77D0871A
SRR6018615,2017-09-07 20:13:16,2017-09-07 20:10:51,1563,547050,1563,350,0,,https://sra-downloadb.be-md.ncbi.nlm.nih.gov/sos5/sra-pub-zq-14/SRR006/018/SRR6018615.sralite.1,SRX3170059,UMB17_01,AMPLICON,PCR,METAGENOMIC,PAIRED,0,0,ILLUMINA,Illumina MiSeq,SRP117119,PRJNA400628,,400628,SRS2500069,SAMN07583953,simple,408170,human gut metagenome,UMB17_01,,,,,,,no,,,,,BI,SRA604796,,public,B261BA0E3CDC9E5337CEDA0D582E26FC,72E11997FFEAF61C2ECE6A8F6D477FDA
SRR6018606,2017-09-07 20:13:16,2017-09-07 20:10:50,102362,35826700,102362,350,19,,https://sra-downloadb.be-md.ncbi.nlm.nih.gov/sos5/sra-pub-zq-14/SRR006/018/SRR6018606.sralite.1,SRX3170050,UMB13_00,AMPLICON,PCR,METAGENOMIC,PAIRED,0,0,ILLUMINA,Illumina MiSeq,SRP117119,PRJNA400628,,400628,SRS2500060,SAMN07583921,simple,408170,human gut metagenome,UMB13_00,,,,,,,no,,,,,BI,SRA604774,,public,6D683157362F0F797CA94DD445B94AC9,44F4460221364CC04D65E75940D6E14E
SRR6018607,2017-09-07 20:13:16,2017-09-07 20:10:45,123926,43374100,123926,350,22,,https://sra-downloadb.be-md.ncbi.nlm.nih.gov/sos5/sra-pub-zq-14/SRR006/018/SRR6018607.sralite.1,SRX3170051,UMB18_01,AMPLICON,PCR,METAGENOMIC,PAIRED,0,0,ILLUMINA,Illumina MiSeq,SRP117119,PRJNA400628,,400628,SRS2500061,SAMN07583967,simple,408170,human gut metagenome,UMB18_01,,,,,,,no,,,,,BI,SRA604815,,public,1D838C6E6B1F877C1C6F81E249A6E2B4,3318601B09C583590AB5ECFBFCADA772
SRR6018608,2017-09-07 20:13:16,2017-09-07 20:10:46,65618,22966300,65618,350,12,,https://sra-downloadb.be-md.ncbi.nlm.nih.gov/sos5/sra-pub-zq-14/SRR006/018/SRR6018608.sralite.1,SRX3170052,UMB13_01,AMPLICON,PCR,METAGENOMIC,PAIRED,0,0,ILLUMINA,Illumina MiSeq,SRP117119,PRJNA400628,,400628,SRS2500062,SAMN07583922,simple,408170,human gut metagenome,UMB13_01,,,,,,,no,,,,,BI,SRA604777,,public,230FD71AF0C98B588E9BDCDE40A52852,863ECBBB5240AAF6A3227C6EDF427283
SRR6018609,2017-09-07 20:13:16,2017-09-07 20:10:47,75809,26533150,75809,350,13,,https://sra-downloadb.be-md.ncbi.nlm.nih.gov/sos5/sra-pub-zq-14/SRR006/018/SRR6018609.sralite.1,SRX3170053,UMB17_02,AMPLICON,PCR,METAGENOMIC,PAIRED,0,0,ILLUMINA,Illumina MiSeq,SRP117119,PRJNA400628,,400628,SRS2500063,SAMN07583954,simple,408170,human gut metagenome,UMB17_02,,,,,,,no,,,,,BI,SRA604795,,public,60E1ABA6AA45DA2551B00CFA7DAFD6C9,9958179202C590F1238395286553CF8F
SRR6018610,2017-09-07 20:13:16,2017-09-07 20:10:51,92903,32516050,92903,350,20,,https://sra-downloadb.be-md.ncbi.nlm.nih.gov/sos5/sra-pub-zq-14/SRR006/018/SRR6018610.sralite.1,SRX3170054,UMB13_09,AMPLICON,PCR,METAGENOMIC,PAIRED,0,0,ILLUMINA,Illumina MiSeq,SRP117119,PRJNA400628,,400628,SRS2500064,SAMN07583930,simple,408170,human gut metagenome,UMB13_09,,,,,,,no,,,,,BI,SRA604783,,public,F8F669B4201C4E54D0D8B7883257113B,161C4DD62E43542F93533978144C1835
SRR6018600,2017-09-07 20:13:16,2017-09-07 20:10:33,22583,7904050,22583,350,4,,https://sra-downloadb.be-md.ncbi.nlm.nih.gov/sos5/sra-pub-zq-14/SRR006/018/SRR6018600.sralite.1,SRX3170044,UMB10_07,AMPLICON,PCR,METAGENOMIC,PAIRED,0,0,ILLUMINA,Illumina MiSeq,SRP117119,PRJNA400628,,400628,SRS2500053,SAMN07583887,simple,408170,human gut metagenome,UMB10_07,,,,,,,no,,,,,BI,SRA604638,,public,2B50ACD72615D0BDFE90B61689932465,84675AFE60B7AF0205F77586992A5326
SRR6018603,2017-09-07 20:13:16,2017-09-07 20:10:46,475207,166322450,475207,350,100,,https://sra-downloadb.be-md.ncbi.nlm.nih.gov/sos5/sra-pub-zq-14/SRR006/018/SRR6018603.sralite.1,SRX3170047,UMB11_04.1,AMPLICON,PCR,METAGENOMIC,PAIRED,0,0,ILLUMINA,Illumina MiSeq,SRP117119,PRJNA400628,,400628,SRS2500056,SAMN07583898,simple,408170,human gut metagenome,UMB11_04.1,,,,,,,no,,,,,BI,SRA604648,,public,F2EFCAF7F8F5FA75938B8D6FADC59DA6,1C07462442ABCED689F7793B65FE058E
SRR6018602,2017-09-07 20:13:16,2017-09-07 20:10:45,662584,231904400,662584,350,141,,https://sra-downloadb.be-md.ncbi.nlm.nih.gov/sos5/sra-pub-zq-14/SRR006/018/SRR6018602.sralite.1,SRX3170046,UMB11_07,AMPLICON,PCR,METAGENOMIC,PAIRED,0,0,ILLUMINA,Illumina MiSeq,SRP117119,PRJNA400628,,400628,SRS2500057,SAMN07583901,simple,408170,human gut metagenome,UMB11_07,,,,,,,no,,,,,BI,SRA604651,,public,BEA9A3D28A5FD7813BD613D086302998,0938D07C2D3A19583A0E8F6D4ED714BA
SRR6018601,2017-09-07 20:13:16,2017-09-07 20:10:38,119339,41768650,119339,350,22,,https://sra-downloadb.be-md.ncbi.nlm.nih.gov/sos5/sra-pub-zq-14/SRR006/018/SRR6018601.sralite.1,SRX3170045,UMB12_02,AMPLICON,PCR,METAGENOMIC,PAIRED,0,0,ILLUMINA,Illumina MiSeq,SRP117119,PRJNA400628,,400628,SRS2500055,SAMN07583910,simple,408170,human gut metagenome,UMB12_02,,,,,,,no,,,,,BI,SRA604771,,public,5D4C0950E9E24AD9EB103CE319AAE8F8,CC505D7A8B275C8BD7E744489B1B8F9B
SRR6018604,2017-09-07 20:13:16,2017-09-07 20:10:36,26739,9358650,26739,350,4,,https://sra-downloadb.be-md.ncbi.nlm.nih.gov/sos5/sra-pub-zq-14/SRR006/018/SRR6018604.sralite.1,SRX3170048,UMB15_01,AMPLICON,PCR,METAGENOMIC,PAIRED,0,0,ILLUMINA,Illumina MiSeq,SRP117119,PRJNA400628,,400628,SRS2500058,SAMN07583936,simple,408170,human gut metagenome,UMB15_01,,,,,,,no,,,,,BI,SRA604791,,public,CB464CCD5DC6F75CDE17E1493A7993B8,98FB39BA63CCC76AB20F872B0E68F6AC
SRR6018596,2017-09-07 20:13:16,2017-09-07 20:10:30,12272,4295200,12272,350,2,,https://sra-downloadb.be-md.ncbi.nlm.nih.gov/sos5/sra-pub-zq-14/SRR006/018/SRR6018596.sralite.1,SRX3170040,UMB15_07,AMPLICON,PCR,METAGENOMIC,PAIRED,0,0,ILLUMINA,Illumina MiSeq,SRP117119,PRJNA400628,,400628,SRS2500050,SAMN07583944,simple,408170,human gut metagenome,UMB15_07,,,,,,,no,,,,,BI,SRA604798,,public,64763F8E70C51CEF032843C68C09F2BA,6274202E93F4B011979366F05E0FD6C0
SRR6018598,2017-09-07 20:13:16,2017-09-07 20:10:33,19928,6974800,19928,350,4,,https://sra-downloadb.be-md.ncbi.nlm.nih.gov/sos5/sra-pub-zq-14/SRR006/018/SRR6018598.sralite.1,SRX3170042,UMB18_02.1,AMPLICON,PCR,METAGENOMIC,PAIRED,0,0,ILLUMINA,Illumina MiSeq,SRP117119,PRJNA400628,,400628,SRS2500052,SAMN07583970,simple,408170,human gut metagenome,UMB18_02.1,,,,,,,no,,,,,BI,SRA604820,,public,A4851DFAF00F02B3D17EFFE2237ACFAC,FBF44F70646585752C5847B5F4C2E556
SRR6018597,2017-09-07 20:13:16,2017-09-07 20:10:57,827577,289651950,827577,350,179,,https://sra-downloadb.be-md.ncbi.nlm.nih.gov/sos5/sra-pub-zq-14/SRR006/018/SRR6018597.sralite.1,SRX3170041,UMB18_03,AMPLICON,PCR,METAGENOMIC,PAIRED,0,0,ILLUMINA,Illumina MiSeq,SRP117119,PRJNA400628,,400628,SRS2500051,SAMN07583971,simple,408170,human gut metagenome,UMB18_03,,,,,,,no,,,,,BI,SRA604822,,public,015F6E026CB3E27B004B65CF35FAA87F,40D847CC8F28029C54AB965748E8F5EF
SRR6018599,2017-09-07 20:13:16,2017-09-07 20:10:49,340446,119156100,340446,350,74,,https://sra-downloadb.be-md.ncbi.nlm.nih.gov/sos5/sra-pub-zq-14/SRR006/018/SRR6018599.sralite.1,SRX3170043,UMB18_06,AMPLICON,PCR,METAGENOMIC,PAIRED,0,0,ILLUMINA,Illumina MiSeq,SRP117119,PRJNA400628,,400628,SRS2500054,SAMN07583974,simple,408170,human gut metagenome,UMB18_06,,,,,,,no,,,,,BI,SRA604827,,public,7DEC8B57B316EBF2DB0B70FC1A094AFE,D9854165B9718CF4011771BB9302BA52
SRR6018595,2017-09-07 20:13:16,2017-09-07 20:10:30,74112,25939200,74112,350,15,,https://sra-downloadb.be-md.ncbi.nlm.nih.gov/sos5/sra-pub-zq-14/SRR006/018/SRR6018595.sralite.1,SRX3170039,UMB19_03,AMPLICON,PCR,METAGENOMIC,PAIRED,0,0,ILLUMINA,Illumina MiSeq,SRP117119,PRJNA400628,,400628,SRS2500049,SAMN07583985,simple,408170,human gut metagenome,UMB19_03,,,,,,,no,,,,,BI,SRA604830,,public,CC6418CFF6BC559F35686FC278F1CF91,38E7229DE474F2DF0C13749AEF482403
SRR6018592,2017-09-07 20:13:16,2017-09-07 20:10:28,90176,31561600,90176,350,15,,https://sra-downloadb.be-md.ncbi.nlm.nih.gov/sos5/sra-pub-zq-14/SRR006/018/SRR6018592.sralite.1,SRX3170036,UMB12_01,AMPLICON,PCR,METAGENOMIC,PAIRED,0,0,ILLUMINA,Illumina MiSeq,SRP117119,PRJNA400628,,400628,SRS2500046,SAMN07583907,simple,408170,human gut metagenome,UMB12_01,,,,,,,no,,,,,BI,SRA604655,,public,D2EFC7624AEFA8D911D2ABA51142B55C,31D87A3DD985AB9E198E4275F0EB1571
SRR6018591,2017-09-07 20:13:16,2017-09-07 20:10:34,473111,165588850,473111,350,99,,https://sra-downloadb.be-md.ncbi.nlm.nih.gov/sos5/sra-pub-zq-14/SRR006/018/SRR6018591.sralite.1,SRX3170035,UMB12_07,AMPLICON,PCR,METAGENOMIC,PAIRED,0,0,ILLUMINA,Illumina MiSeq,SRP117119,PRJNA400628,,400628,SRS2500045,SAMN07583915,simple,408170,human gut metagenome,UMB12_07,,,,,,,no,,,,,BI,SRA604772,,public,1F3A6C81B0C0165CFFBADD98FA514F11,2F7CA5706ECBF90BEFCA04670C6A17B3
SRR6018593,2017-09-07 20:13:16,2017-09-07 20:10:36,192432,67351200,192432,350,41,,https://sra-downloadb.be-md.ncbi.nlm.nih.gov/sos5/sra-pub-zq-14/SRR006/018/SRR6018593.sralite.1,SRX3170037,UMB13_11,AMPLICON,PCR,METAGENOMIC,PAIRED,0,0,ILLUMINA,Illumina MiSeq,SRP117119,PRJNA400628,,400628,SRS2500047,SAMN07583932,simple,408170,human gut metagenome,UMB13_11,,,,,,,no,,,,,BI,SRA604784,,public,A1CA05F395B08FAA3BE7B14E2EAC210A,33ED5FCBC6D42C9539B2A442983E5AD7
SRR6018590,2017-09-07 20:13:16,2017-09-07 20:10:28,72070,25224500,72070,350,13,,https://sra-downloadb.be-md.ncbi.nlm.nih.gov/sos5/sra-pub-zq-14/SRR006/018/SRR6018590.sralite.1,SRX3170034,UMB14_01,AMPLICON,PCR,METAGENOMIC,PAIRED,0,0,ILLUMINA,Illumina MiSeq,SRP117119,PRJNA400628,,400628,SRS2500044,SAMN07583935,simple,408170,human gut metagenome,UMB14_01,,,,,,,no,,,,,BI,SRA604789,,public,CDC5BD343DC990944252F48CD8E400CD,627FA8C8E875DE2CAF7CB58ACA3CC496
SRR6018594,2017-09-07 20:13:16,2017-09-07 20:10:31,107089,37481150,107089,350,20,,https://sra-downloadb.be-md.ncbi.nlm.nih.gov/sos5/sra-pub-zq-14/SRR006/018/SRR6018594.sralite.1,SRX3170038,UMB16_01,AMPLICON,PCR,METAGENOMIC,PAIRED,0,0,ILLUMINA,Illumina MiSeq,SRP117119,PRJNA400628,,400628,SRS2500048,SAMN07583950,simple,408170,human gut metagenome,UMB16_01,,,,,,,no,,,,,BI,SRA604803,,public,424DBC97EA7C85FB1477B80565F16FD4,DC476E33EC0D76F6A55EB033AC5845F1
SRR6018584,2017-09-07 20:13:16,2017-09-07 20:10:30,214690,75141500,214690,350,46,,https://sra-downloadb.be-md.ncbi.nlm.nih.gov/sos5/sra-pub-zq-14/SRR006/018/SRR6018584.sralite.1,SRX3170028,UMB17_08,AMPLICON,PCR,METAGENOMIC,PAIRED,0,0,ILLUMINA,Illumina MiSeq,SRP117119,PRJNA400628,,400628,SRS2500038,SAMN07583960,simple,408170,human gut metagenome,UMB17_08,,,,,,,no,,,,,BI,SRA604813,,public,0558DE6B5E055EA3BB5EC0FC3E64D548,EC492F641EC83B411447C8FE8DDEDCDE
SRR6018585,2017-09-07 20:13:16,2017-09-07 20:10:21,103847,36346450,103847,350,18,,https://sra-downloadb.be-md.ncbi.nlm.nih.gov/sos5/sra-pub-zq-14/SRR006/018/SRR6018585.sralite.1,SRX3170029,UMB15_02.1,AMPLICON,PCR,METAGENOMIC,PAIRED,0,0,ILLUMINA,Illumina MiSeq,SRP117119,PRJNA400628,,400628,SRS2500039,SAMN07583939,simple,408170,human gut metagenome,UMB15_02.1,,,,,,,no,,,,,BI,SRA604790,,public,7605E8FBD8D29F94F15D1AD10936CB9F,860F3AB11CB1426B9464FCA182E0FEC8
SRR6018587,2017-09-07 20:13:16,2017-09-07 20:10:38,114355,40024250,114355,350,21,,https://sra-downloadb.be-md.ncbi.nlm.nih.gov/sos5/sra-pub-zq-14/SRR006/018/SRR6018587.sralite.1,SRX3170031,UMB12_04,AMPLICON,PCR,METAGENOMIC,PAIRED,0,0,ILLUMINA,Illumina MiSeq,SRP117119,PRJNA400628,,400628,SRS2500041,SAMN07583912,simple,408170,human gut metagenome,UMB12_04,,,,,,,no,,,,,BI,SRA604767,,public,AB064F7543E8E06E01BB9AED1F56AE7C,2043E133A934A61A8F229BE67D10EE3F
SRR6018588,2017-09-07 20:13:16,2017-09-07 20:10:28,71111,24888850,71111,350,13,,https://sra-downloadb.be-md.ncbi.nlm.nih.gov/sos5/sra-pub-zq-14/SRR006/018/SRR6018588.sralite.1,SRX3170032,UMB16_03,AMPLICON,PCR,METAGENOMIC,PAIRED,0,0,ILLUMINA,Illumina MiSeq,SRP117119,PRJNA400628,,400628,SRS2500042,SAMN07583951,simple,408170,human gut metagenome,UMB16_03,,,,,,,no,,,,,BI,SRA604804,,public,B4CF91A5F470F8CF2D24D191D262372F,39E1986A10C38DC55BBFF367DD77602C
SRR6018589,2017-09-07 20:13:16,2017-09-07 20:10:39,712996,249548600,712996,350,154,,https://sra-downloadb.be-md.ncbi.nlm.nih.gov/sos5/sra-pub-zq-14/SRR006/018/SRR6018589.sralite.1,SRX3170033,UMB13_06,AMPLICON,PCR,METAGENOMIC,PAIRED,0,0,ILLUMINA,Illumina MiSeq,SRP117119,PRJNA400628,,400628,SRS2500043,SAMN07583927,simple,408170,human gut metagenome,UMB13_06,,,,,,,no,,,,,BI,SRA604782,,public,E40C494CFB54109BAD1AF48967D2C414,BD93EDA8993D5B55B62667E6298C9FAE
SRR6018583,2017-09-07 20:13:16,2017-09-07 20:10:19,1925,673750,1925,350,0,,https://sra-downloadb.be-md.ncbi.nlm.nih.gov/sos5/sra-pub-zq-14/SRR006/018/SRR6018583.sralite.1,SRX3170027,UMB10_04,AMPLICON,PCR,METAGENOMIC,PAIRED,0,0,ILLUMINA,Illumina MiSeq,SRP117119,PRJNA400628,,400628,SRS2500037,SAMN07583884,simple,408170,human gut metagenome,UMB10_04,,,,,,,no,,,,,BI,SRA604643,,public,AA964EC1D2674C3F99807270AAF025B6,BF0D57ADE31A4D4FAE4A67329F61FA41
SRR6018582,2017-09-07 20:13:16,2017-09-07 20:10:26,123495,43223250,123495,350,26,,https://sra-downloadb.be-md.ncbi.nlm.nih.gov/sos5/sra-pub-zq-14/SRR006/018/SRR6018582.sralite.1,SRX3170026,UMB10_11,AMPLICON,PCR,METAGENOMIC,PAIRED,0,0,ILLUMINA,Illumina MiSeq,SRP117119,PRJNA400628,,400628,SRS2500036,SAMN07583891,simple,408170,human gut metagenome,UMB10_11,,,,,,,no,,,,,BI,SRA604645,,public,105C823F92B608C7AADAEC79495818F9,5958B0CD2505AB43B44A875E8663EF17
SRR6018579,2017-09-07 20:13:16,2017-09-07 20:10:22,70733,24756550,70733,350,13,,https://sra-downloadb.be-md.ncbi.nlm.nih.gov/sos5/sra-pub-zq-14/SRR006/018/SRR6018579.sralite.1,SRX3170023,UMB13_04,AMPLICON,PCR,METAGENOMIC,PAIRED,0,0,ILLUMINA,Illumina MiSeq,SRP117119,PRJNA400628,,400628,SRS2500033,SAMN07583925,simple,408170,human gut metagenome,UMB13_04,,,,,,,no,,,,,BI,SRA604775,,public,255107D52F3649B7449DFE35A5178A26,DFC0E3EE7B1112A1102D7E2E73542012
SRR6018581,2017-09-07 20:13:16,2017-09-07 20:10:55,488196,170868600,488196,350,106,,https://sra-downloadb.be-md.ncbi.nlm.nih.gov/sos5/sra-pub-zq-14/SRR006/018/SRR6018581.sralite.1,SRX3170025,UMB13_10,AMPLICON,PCR,METAGENOMIC,PAIRED,0,0,ILLUMINA,Illumina MiSeq,SRP117119,PRJNA400628,,400628,SRS2500035,SAMN07583931,simple,408170,human gut metagenome,UMB13_10,,,,,,,no,,,,,BI,SRA604787,,public,D21A734CE91F17A554A154A5880B9DF5,38B2FD2B13B958BFCD9ABA9A5FE80FD6
SRR6018580,2017-09-07 20:13:16,2017-09-07 20:10:23,44445,15555750,44445,350,8,,https://sra-downloadb.be-md.ncbi.nlm.nih.gov/sos5/sra-pub-zq-14/SRR006/018/SRR6018580.sralite.1,SRX3170024,UMB15_03,AMPLICON,PCR,METAGENOMIC,PAIRED,0,0,ILLUMINA,Illumina MiSeq,SRP117119,PRJNA400628,,400628,SRS2500034,SAMN07583940,simple,408170,human gut metagenome,UMB15_03,,,,,,,no,,,,,BI,SRA604799,,public,31BF622618263DBA0C6F1EC0602FF871,4202FDD4B7983AE65DEF2521551D6AF8
SRR6018574,2017-09-07 20:13:16,2017-09-07 20:10:27,180680,63238000,180680,350,39,,https://sra-downloadb.be-md.ncbi.nlm.nih.gov/sos5/sra-pub-zq-14/SRR006/018/SRR6018574.sralite.1,SRX3170018,UMB10_09,AMPLICON,PCR,METAGENOMIC,PAIRED,0,0,ILLUMINA,Illumina MiSeq,SRP117119,PRJNA400628,,400628,SRS2500028,SAMN07583889,simple,408170,human gut metagenome,UMB10_09,,,,,,,no,,,,,BI,SRA604640,,public,AEABF61842954F480E25D04BEEC3CD18,EC465EB9248EBF9CB837682AC71DA8C7
SRR6018577,2017-09-07 20:13:16,2017-09-07 20:10:26,477246,167036100,477246,350,99,,https://sra-downloadb.be-md.ncbi.nlm.nih.gov/sos5/sra-pub-zq-14/SRR006/018/SRR6018577.sralite.1,SRX3170021,UMB17_05,AMPLICON,PCR,METAGENOMIC,PAIRED,0,0,ILLUMINA,Illumina MiSeq,SRP117119,PRJNA400628,,400628,SRS2500031,SAMN07583957,simple,408170,human gut metagenome,UMB17_05,,,,,,,no,,,,,BI,SRA604807,,public,B84B6CD1275D9AF538E4C31743CCD1F1,1FCE0C8EB39E9198EDD82AC0E540D41D
SRR6018576,2017-09-07 20:13:16,2017-09-07 20:10:21,116454,40758900,116454,350,21,,https://sra-downloadb.be-md.ncbi.nlm.nih.gov/sos5/sra-pub-zq-14/SRR006/018/SRR6018576.sralite.1,SRX3170020,UMB18_00.1,AMPLICON,PCR,METAGENOMIC,PAIRED,0,0,ILLUMINA,Illumina MiSeq,SRP117119,PRJNA400628,,400628,SRS2500030,SAMN07583966,simple,408170,human gut metagenome,UMB18_00.1,,,,,,,no,,,,,BI,SRA604811,,public,A3ED3D4114C957889A5D04347C6AFD04,F43F9B01B5CD51A07EA7D24FADCBCDC9
SRR6018578,2017-09-07 20:13:16,2017-09-07 20:10:29,199222,69727700,199222,350,43,,https://sra-downloadb.be-md.ncbi.nlm.nih.gov/sos5/sra-pub-zq-14/SRR006/018/SRR6018578.sralite.1,SRX3170022,UMB18_05,AMPLICON,PCR,METAGENOMIC,PAIRED,0,0,ILLUMINA,Illumina MiSeq,SRP117119,PRJNA400628,,400628,SRS2500032,SAMN07583973,simple,408170,human gut metagenome,UMB18_05,,,,,,,no,,,,,BI,SRA604824,,public,ACECE1A1D92FF935333CA0BD03844EC6,E68B289336E048788F4ED218F2FB365E
SRR6018575,2017-09-07 20:13:16,2017-09-07 20:10:20,49005,17151750,49005,350,9,,https://sra-downloadb.be-md.ncbi.nlm.nih.gov/sos5/sra-pub-zq-14/SRR006/018/SRR6018575.sralite.1,SRX3170019,UMB20_00.1,AMPLICON,PCR,METAGENOMIC,PAIRED,0,0,ILLUMINA,Illumina MiSeq,SRP117119,PRJNA400628,,400628,SRS2500029,SAMN07583995,simple,408170,human gut metagenome,UMB20_00.1,,,,,,,no,,,,,BI,SRA604844,,public,A87D1F5513ADE590BFA27CF8D34C755B,FF969E37060EF7ACE56D1342ACF945FF
SRR6018570,2017-09-07 20:13:16,2017-09-07 20:10:19,78693,27542550,78693,350,14,,https://sra-downloadb.be-md.ncbi.nlm.nih.gov/sos5/sra-pub-zq-14/SRR006/018/SRR6018570.sralite.1,SRX3170014,UMB10_03,AMPLICON,PCR,METAGENOMIC,PAIRED,0,0,ILLUMINA,Illumina MiSeq,SRP117119,PRJNA400628,,400628,SRS2500024,SAMN07583883,simple,408170,human gut metagenome,UMB10_03,,,,,,,no,,,,,BI,SRA604611,,public,9E440DB932C8A5B0FD81A6E2DB4724D5,35A4A01F79B310F663278041B246F134
SRR6018572,2017-09-07 20:13:16,2017-09-07 20:10:23,113910,39868500,113910,350,24,,https://sra-downloadb.be-md.ncbi.nlm.nih.gov/sos5/sra-pub-zq-14/SRR006/018/SRR6018572.sralite.1,SRX3170016,UMB10_10,AMPLICON,PCR,METAGENOMIC,PAIRED,0,0,ILLUMINA,Illumina MiSeq,SRP117119,PRJNA400628,,400628,SRS2500026,SAMN07583890,simple,408170,human gut metagenome,UMB10_10,,,,,,,no,,,,,BI,SRA604642,,public,C4EE9CAC95D9E90655963230BDDDCD62,0CF2222AC8FC9B34A3C7E3A9F946A335
SRR6018571,2017-09-07 20:13:16,2017-09-07 20:10:17,1224,428400,1224,350,0,,https://sra-downloadb.be-md.ncbi.nlm.nih.gov/sos5/sra-pub-zq-14/SRR006/018/SRR6018571.sralite.1,SRX3170015,UMB11_03,AMPLICON,PCR,METAGENOMIC,PAIRED,0,0,ILLUMINA,Illumina MiSeq,SRP117119,PRJNA400628,,400628,SRS2500025,SAMN07583895,simple,408170,human gut metagenome,UMB11_03,,,,,,,no,,,,,BI,SRA604636,,public,29BC47DF5B21AEBF6673E52F07041922,186965A08E2592A7D7589A5D14F6EBA4
SRR6018569,2017-09-07 20:13:16,2017-09-07 20:10:20,53462,18711700,53462,350,9,,https://sra-downloadb.be-md.ncbi.nlm.nih.gov/sos5/sra-pub-zq-14/SRR006/018/SRR6018569.sralite.1,SRX3170013,UMB11_03.1,AMPLICON,PCR,METAGENOMIC,PAIRED,0,0,ILLUMINA,Illumina MiSeq,SRP117119,PRJNA400628,,400628,SRS2500023,SAMN07583896,simple,408170,human gut metagenome,UMB11_03.1,,,,,,,no,,,,,BI,SRA604635,,public,2A558FC037FA37DF27AAE7CC09F1CDC6,3D86F31B4C9ED900B7C581C6E5FA8B96
SRR6018573,2017-09-07 20:13:16,2017-09-07 20:10:18,35074,12275900,35074,350,7,,https://sra-downloadb.be-md.ncbi.nlm.nih.gov/sos5/sra-pub-zq-14/SRR006/018/SRR6018573.sralite.1,SRX3170017,UMB11_06,AMPLICON,PCR,METAGENOMIC,PAIRED,0,0,ILLUMINA,Illumina MiSeq,SRP117119,PRJNA400628,,400628,SRS2500027,SAMN07583900,simple,408170,human gut metagenome,UMB11_06,,,,,,,no,,,,,BI,SRA604649,,public,9487FC617C35ADCCF86BFCAF785CEFDB,EC9F93C5A061F1EFFF28D905BEE65971
SRR6018564,2017-09-07 20:02:11,2017-09-07 19:59:26,150581,52703350,150581,350,32,,https://sra-downloadb.be-md.ncbi.nlm.nih.gov/sos5/sra-pub-zq-14/SRR006/018/SRR6018564.sralite.1,SRX3170008,UMB09_10,AMPLICON,PCR,METAGENOMIC,PAIRED,0,0,ILLUMINA,Illumina MiSeq,SRP117119,PRJNA400628,,400628,SRS2500018,SAMN07583878,simple,408170,human gut metagenome,UMB09_10,,,,,,,no,,,,,BI,SRA604617,,public,490411E6270571419D2B25E7D46EF31E,0923720309BE5C61D153B45D57731FB9
SRR6018565,2017-09-07 20:02:11,2017-09-07 20:00:01,642051,224717850,642051,350,138,,https://sra-downloadb.be-md.ncbi.nlm.nih.gov/sos5/sra-pub-zq-14/SRR006/018/SRR6018565.sralite.1,SRX3170009,UMB09_11,AMPLICON,PCR,METAGENOMIC,PAIRED,0,0,ILLUMINA,Illumina MiSeq,SRP117119,PRJNA400628,,400628,SRS2500019,SAMN07583879,simple,408170,human gut metagenome,UMB09_11,,,,,,,no,,,,,BI,SRA604619,,public,EA2D06FB04DE4E4B38C094897606AA20,898DEF021D27415AF463247EB0ABD1C8
SRR6018567,2017-09-07 20:06:11,2017-09-07 20:04:35,105427,36899450,105427,350,19,,https://sra-downloadb.be-md.ncbi.nlm.nih.gov/sos5/sra-pub-zq-14/SRR006/018/SRR6018567.sralite.1,SRX3170011,UMB10_01,AMPLICON,PCR,METAGENOMIC,PAIRED,0,0,ILLUMINA,Illumina MiSeq,SRP117119,PRJNA400628,,400628,SRS2500021,SAMN07583881,simple,408170,human gut metagenome,UMB10_01,,,,,,,no,,,,,BI,SRA604609,,public,D2296FD09B57ABE71C89A2BDB33CDF7B,4DF4BEF0151C41F93AEBB0A6CC557382
SRR6018566,2017-09-07 20:06:11,2017-09-07 20:04:19,1518,531300,1518,350,0,,https://sra-downloadb.be-md.ncbi.nlm.nih.gov/sos5/sra-pub-zq-14/SRR006/018/SRR6018566.sralite.1,SRX3170010,UMB10_02,AMPLICON,PCR,METAGENOMIC,PAIRED,0,0,ILLUMINA,Illumina MiSeq,SRP117119,PRJNA400628,,400628,SRS2500020,SAMN07583882,simple,408170,human gut metagenome,UMB10_02,,,,,,,no,,,,,BI,SRA604613,,public,2251A5362C08432CAB7AF280986BD797,A1A41D0DDBC4BA055AEBA9EDAA48CD0F
SRR6018568,2017-09-07 20:13:16,2017-09-07 20:10:18,21552,7543200,21552,350,4,,https://sra-downloadb.be-md.ncbi.nlm.nih.gov/sos5/sra-pub-zq-14/SRR006/018/SRR6018568.sralite.1,SRX3170012,UMB12_06,AMPLICON,PCR,METAGENOMIC,PAIRED,0,0,ILLUMINA,Illumina MiSeq,SRP117119,PRJNA400628,,400628,SRS2500022,SAMN07583914,simple,408170,human gut metagenome,UMB12_06,,,,,,,no,,,,,BI,SRA604770,,public,D30F7A6230A7838F0D725720CE738377,1B986A0377ABF81BCB79F414C9F61C4E
SRR6018559,2017-09-07 19:46:11,2017-09-07 19:43:50,146326,51214100,146326,350,31,,https://sra-downloadb.be-md.ncbi.nlm.nih.gov/sos5/sra-pub-zq-14/SRR006/018/SRR6018559.sralite.1,SRX3170003,UMB08_10,AMPLICON,PCR,METAGENOMIC,PAIRED,0,0,ILLUMINA,Illumina MiSeq,SRP117119,PRJNA400628,,400628,SRS2500013,SAMN07583869,simple,408170,human gut metagenome,UMB08_10,,,,,,,no,,,,,BI,SRA604633,,public,1A5E82B795A96E05B4ABC620008B89ED,E398AFE8C8811A599103E4BA392B3C37
SRR6018560,2017-09-07 19:46:11,2017-09-07 19:43:51,140568,49198800,140568,350,30,,https://sra-downloadb.be-md.ncbi.nlm.nih.gov/sos5/sra-pub-zq-14/SRR006/018/SRR6018560.sralite.1,SRX3170004,UMB08_11,AMPLICON,PCR,METAGENOMIC,PAIRED,0,0,ILLUMINA,Illumina MiSeq,SRP117119,PRJNA400628,,400628,SRS2500014,SAMN07583870,simple,408170,human gut metagenome,UMB08_11,,,,,,,no,,,,,BI,SRA604612,,public,0ADA70A58C2C9C13488B4EBD4E6530A6,F42CD19B5D263BCF3DF59AF369B33B2F
SRR6018561,2017-09-07 19:56:18,2017-09-07 19:54:36,381111,133388850,381111,350,82,,https://sra-downloadb.be-md.ncbi.nlm.nih.gov/sos5/sra-pub-zq-14/SRR006/018/SRR6018561.sralite.1,SRX3170005,UMB09_09,AMPLICON,PCR,METAGENOMIC,PAIRED,0,0,ILLUMINA,Illumina MiSeq,SRP117119,PRJNA400628,,400628,SRS2500015,SAMN07583877,simple,408170,human gut metagenome,UMB09_09,,,,,,,no,,,,,BI,SRA604610,,public,B61EC7DAB06DFCFB3916B04F374E9A7D,A62819521D153D64BC36441D64B11A80
SRR6018563,2017-09-07 19:56:18,2017-09-07 19:54:16,39410,13793500,39410,350,8,,https://sra-downloadb.be-md.ncbi.nlm.nih.gov/sos5/sra-pub-zq-14/SRR006/018/SRR6018563.sralite.1,SRX3170007,UMB09_08,AMPLICON,PCR,METAGENOMIC,PAIRED,0,0,ILLUMINA,Illumina MiSeq,SRP117119,PRJNA400628,,400628,SRS2500016,SAMN07583876,simple,408170,human gut metagenome,UMB09_08,,,,,,,no,,,,,BI,SRA604627,,public,D389F66FAA77309FF09E8993120AA121,76A4A51B806C7BC6F2D508536DC8EF6F
SRR6018562,2017-09-07 19:56:18,2017-09-07 19:54:16,45029,15760150,45029,350,9,,https://sra-downloadb.be-md.ncbi.nlm.nih.gov/sos5/sra-pub-zq-14/SRR006/018/SRR6018562.sralite.1,SRX3170006,UMB09_07,AMPLICON,PCR,METAGENOMIC,PAIRED,0,0,ILLUMINA,Illumina MiSeq,SRP117119,PRJNA400628,,400628,SRS2500017,SAMN07583875,simple,408170,human gut metagenome,UMB09_07,,,,,,,no,,,,,BI,SRA604628,,public,C402ED59A8DE24AD8B37EE5AFC2DC6F0,9597CD460497C84DCBF5B1AF8E5F9F84
SRR6018553,2017-09-07 19:40:10,2017-09-07 19:38:21,43390,15186500,43390,350,9,,https://sra-downloadb.be-md.ncbi.nlm.nih.gov/sos5/sra-pub-zq-14/SRR006/018/SRR6018553.sralite.1,SRX3169997,UMB08_07,AMPLICON,PCR,METAGENOMIC,PAIRED,0,0,ILLUMINA,Illumina MiSeq,SRP117119,PRJNA400628,,400628,SRS2500007,SAMN07583866,simple,408170,human gut metagenome,UMB08_07,,,,,,,no,,,,,BI,SRA604624,,public,3CCBD11AB7AEF27E0E243128121DF942,288A7C47E2ED38D2FEA8168A38D79FFF
SRR6018554,2017-09-07 19:40:10,2017-09-07 19:38:37,276005,96601750,276005,350,60,,https://sra-downloadb.be-md.ncbi.nlm.nih.gov/sos5/sra-pub-zq-14/SRR006/018/SRR6018554.sralite.1,SRX3169998,UMB08_09,AMPLICON,PCR,METAGENOMIC,PAIRED,0,0,ILLUMINA,Illumina MiSeq,SRP117119,PRJNA400628,,400628,SRS2500008,SAMN07583868,simple,408170,human gut metagenome,UMB08_09,,,,,,,no,,,,,BI,SRA604632,,public,763A0FACCB9EBB614CE3E1B61AA317BB,A158061261F6A4757FC99C5D94576776
SRR6018555,2017-09-07 19:40:10,2017-09-07 19:38:23,103161,36106350,103161,350,21,,https://sra-downloadb.be-md.ncbi.nlm.nih.gov/sos5/sra-pub-zq-14/SRR006/018/SRR6018555.sralite.1,SRX3169999,UMB08_08,AMPLICON,PCR,METAGENOMIC,PAIRED,0,0,ILLUMINA,Illumina MiSeq,SRP117119,PRJNA400628,,400628,SRS2500009,SAMN07583867,simple,408170,human gut metagenome,UMB08_08,,,,,,,no,,,,,BI,SRA604614,,public,C6C7B2B900B553DC44257520321DDED0,14D10A5670D6610C2289696D76E4523C
SRR6018557,2017-09-07 19:46:11,2017-09-07 19:43:26,162148,56751800,162148,350,35,,https://sra-downloadb.be-md.ncbi.nlm.nih.gov/sos5/sra-pub-zq-14/SRR006/018/SRR6018557.sralite.1,SRX3170001,UMB08_12,AMPLICON,PCR,METAGENOMIC,PAIRED,0,0,ILLUMINA,Illumina MiSeq,SRP117119,PRJNA400628,,400628,SRS2500011,SAMN07583871,simple,408170,human gut metagenome,UMB08_12,,,,,,,no,,,,,BI,SRA604630,,public,BFAC45104E932633F6703BE2AED10074,2716CE372C93706044F287AC21B89EAC
SRR6018558,2017-09-07 19:46:11,2017-09-07 19:43:35,3821,1337350,3821,350,0,,https://sra-downloadb.be-md.ncbi.nlm.nih.gov/sos5/sra-pub-zq-14/SRR006/018/SRR6018558.sralite.1,SRX3170002,UMB09_01,AMPLICON,PCR,METAGENOMIC,PAIRED,0,0,ILLUMINA,Illumina MiSeq,SRP117119,PRJNA400628,,400628,SRS2500012,SAMN07583872,simple,408170,human gut metagenome,UMB09_01,,,,,,,no,,,,,BI,SRA604616,,public,74B1E6F479A99B9CEDABD207D53C0B0A,210BFA258A227B947584585834A53040
SRR6018548,2017-09-07 19:34:11,2017-09-07 19:31:18,8205,2871750,8205,350,1,,https://sra-downloadb.be-md.ncbi.nlm.nih.gov/sos5/sra-pub-zq-14/SRR006/018/SRR6018548.sralite.1,SRX3169992,UMB07_11,AMPLICON,PCR,METAGENOMIC,PAIRED,0,0,ILLUMINA,Illumina MiSeq,SRP117119,PRJNA400628,,400628,SRS2500002,SAMN07583856,simple,408170,human gut metagenome,UMB07_11,,,,,,,no,,,,,BI,SRA604622,,public,FCEB55D7B1474ECFE36EBC051BF5FB83,3643BBFB55D79CAEC9D18D74D562383B
SRR6018549,2017-09-07 19:34:11,2017-09-07 19:31:36,993511,347728850,993511,350,215,,https://sra-downloadb.be-md.ncbi.nlm.nih.gov/sos5/sra-pub-zq-14/SRR006/018/SRR6018549.sralite.1,SRX3169993,UMB07_06,AMPLICON,PCR,METAGENOMIC,PAIRED,0,0,ILLUMINA,Illumina MiSeq,SRP117119,PRJNA400628,,400628,SRS2500003,SAMN07583851,simple,408170,human gut metagenome,UMB07_06,,,,,,,no,,,,,BI,SRA604604,,public,1E0E4A5831357F31AC7E8F3F9B82A80C,3DA7F4C685DBAF12804A549CEA28395C
SRR6018550,2017-09-07 19:35:10,2017-09-07 19:31:51,566904,198416400,566904,350,123,,https://sra-downloadb.be-md.ncbi.nlm.nih.gov/sos5/sra-pub-zq-14/SRR006/018/SRR6018550.sralite.1,SRX3169994,UMB07_07,AMPLICON,PCR,METAGENOMIC,PAIRED,0,0,ILLUMINA,Illumina MiSeq,SRP117119,PRJNA400628,,400628,SRS2500004,SAMN07583852,simple,408170,human gut metagenome,UMB07_07,,,,,,,no,,,,,BI,SRA604606,,public,FCD074ED2337374072527D48EE74D64A,8894D58280C8464D5760F48E1089BBD1
SRR6018551,2017-09-07 19:37:11,2017-09-07 19:35:23,89061,31171350,89061,350,18,,https://sra-downloadb.be-md.ncbi.nlm.nih.gov/sos5/sra-pub-zq-14/SRR006/018/SRR6018551.sralite.1,SRX3169995,UMB08_06,AMPLICON,PCR,METAGENOMIC,PAIRED,0,0,ILLUMINA,Illumina MiSeq,SRP117119,PRJNA400628,,400628,SRS2500005,SAMN07583865,simple,408170,human gut metagenome,UMB08_06,,,,,,,no,,,,,BI,SRA604621,,public,70068662EC25CAF3620E2B9D367B9CF4,1721944A377AAF3AA6FDFDA767AFD4E9
SRR6018552,2017-09-07 19:37:11,2017-09-07 19:35:24,39550,13842500,39550,350,6,,https://sra-downloadb.be-md.ncbi.nlm.nih.gov/sos5/sra-pub-zq-14/SRR006/018/SRR6018552.sralite.1,SRX3169996,UMB08_05,AMPLICON,PCR,METAGENOMIC,PAIRED,0,0,ILLUMINA,Illumina MiSeq,SRP117119,PRJNA400628,,400628,SRS2500006,SAMN07583864,simple,408170,human gut metagenome,UMB08_05,,,,,,,no,,,,,BI,SRA604625,,public,E5CFE09BC4B7CDA063D510A767F549EB,BCC6096A67659D2259858FA3109FC990
SRR6018546,2017-09-07 19:34:11,2017-09-07 19:31:30,284791,99676850,284791,350,61,,https://sra-downloadb.be-md.ncbi.nlm.nih.gov/sos5/sra-pub-zq-14/SRR006/018/SRR6018546.sralite.1,SRX3169990,UMB07_09,AMPLICON,PCR,METAGENOMIC,PAIRED,0,0,ILLUMINA,Illumina MiSeq,SRP117119,PRJNA400628,,400628,SRS2500000,SAMN07583854,simple,408170,human gut metagenome,UMB07_09,,,,,,,no,,,,,BI,SRA604607,,public,08C777D2324DD48D8C96578341041D9E,EA0310A204AA2DF3CEE98C45E5F31876
SRR6018547,2017-09-07 19:34:11,2017-09-07 19:31:52,644834,225691900,644834,350,139,,https://sra-downloadb.be-md.ncbi.nlm.nih.gov/sos5/sra-pub-zq-14/SRR006/018/SRR6018547.sralite.1,SRX3169991,UMB07_12,AMPLICON,PCR,METAGENOMIC,PAIRED,0,0,ILLUMINA,Illumina MiSeq,SRP117119,PRJNA400628,,400628,SRS2500001,SAMN07583857,simple,408170,human gut metagenome,UMB07_12,,,,,,,no,,,,,BI,SRA604608,,public,35D44341A897C1F4E4A058CB02D29869,4251738605C1BD64C2FBF4D000299B7F
SRR6018545,2017-09-07 19:34:11,2017-09-07 19:31:19,653,228550,653,350,0,,https://sra-downloadb.be-md.ncbi.nlm.nih.gov/sos5/sra-pub-zq-14/SRR006/018/SRR6018545.sralite.1,SRX3169989,UMB08_01,AMPLICON,PCR,METAGENOMIC,PAIRED,0,0,ILLUMINA,Illumina MiSeq,SRP117119,PRJNA400628,,400628,SRS2499999,SAMN07583858,simple,408170,human gut metagenome,UMB08_01,,,,,,,no,,,,,BI,SRA604623,,public,61CEA248A4A1F3119295A220F82BFD21,8B70C5FA5507660ED4CF6D53754F342C
SRR6018543,2017-09-07 19:34:11,2017-09-07 19:31:18,1209,423150,1209,350,0,,https://sra-downloadb.be-md.ncbi.nlm.nih.gov/sos5/sra-pub-zq-14/SRR006/018/SRR6018543.sralite.1,SRX3169987,UMB08_03,AMPLICON,PCR,METAGENOMIC,PAIRED,0,0,ILLUMINA,Illumina MiSeq,SRP117119,PRJNA400628,,400628,SRS2499997,SAMN07583862,simple,408170,human gut metagenome,UMB08_03,,,,,,,no,,,,,BI,SRA604615,,public,B7E8D2B65F4809EB34EE12ED29516A69,47C29A406E778624CA2BA33CF3ADBBBA
SRR6018544,2017-09-07 19:34:11,2017-09-07 19:31:17,23,8050,23,350,0,,https://sra-downloadb.be-md.ncbi.nlm.nih.gov/sos5/sra-pub-zq-14/SRR006/018/SRR6018544.sralite.1,SRX3169988,UMB08_04,AMPLICON,PCR,METAGENOMIC,PAIRED,0,0,ILLUMINA,Illumina MiSeq,SRP117119,PRJNA400628,,400628,SRS2499998,SAMN07583863,simple,408170,human gut metagenome,UMB08_04,,,,,,,no,,,,,BI,SRA604634,,public,C3A6EDB79314B0E068FDF0C60C6D8EB0,B2101047878CD10D05A64CC66835FF4F
SRR6018538,2017-09-07 19:27:11,2017-09-07 19:24:15,59948,20981800,59948,350,11,,https://sra-downloadb.be-md.ncbi.nlm.nih.gov/sos5/sra-pub-zq-14/SRR006/018/SRR6018538.sralite.1,SRX3169982,UMB07_01,AMPLICON,PCR,METAGENOMIC,PAIRED,0,0,ILLUMINA,Illumina MiSeq,SRP117119,PRJNA400628,,400628,SRS2499992,SAMN07583846,simple,408170,human gut metagenome,UMB07_01,,,,,,,no,,,,,BI,SRA604588,,public,69E6E903034E1A6667B1B5EF8FCC124B,5D99D04A3A927D3A8C5F5DFDC9410B35
SRR6018539,2017-09-07 19:27:11,2017-09-07 19:24:16,73643,25775050,73643,350,13,,https://sra-downloadb.be-md.ncbi.nlm.nih.gov/sos5/sra-pub-zq-14/SRR006/018/SRR6018539.sralite.1,SRX3169983,UMB07_04,AMPLICON,PCR,METAGENOMIC,PAIRED,0,0,ILLUMINA,Illumina MiSeq,SRP117119,PRJNA400628,,400628,SRS2499993,SAMN07583849,simple,408170,human gut metagenome,UMB07_04,,,,,,,no,,,,,BI,SRA604602,,public,390E64DBE190F02EAF16B481682CCD74,0D83F7B2B0B379165583930DD474B3A7
SRR6018540,2017-09-07 19:31:10,2017-09-07 19:28:22,89315,31260250,89315,350,19,,https://sra-downloadb.be-md.ncbi.nlm.nih.gov/sos5/sra-pub-zq-14/SRR006/018/SRR6018540.sralite.1,SRX3169984,UMB07_08,AMPLICON,PCR,METAGENOMIC,PAIRED,0,0,ILLUMINA,Illumina MiSeq,SRP117119,PRJNA400628,,400628,SRS2499994,SAMN07583853,simple,408170,human gut metagenome,UMB07_08,,,,,,,no,,,,,BI,SRA604605,,public,653B9F789A50DD7D6369D90F4634ABF3,40F62FC7A77FA4614541CFA4A86C8A6B
SRR6018541,2017-09-07 19:31:10,2017-09-07 19:28:18,48561,16996350,48561,350,8,,https://sra-downloadb.be-md.ncbi.nlm.nih.gov/sos5/sra-pub-zq-14/SRR006/018/SRR6018541.sralite.1,SRX3169985,UMB08_02,AMPLICON,PCR,METAGENOMIC,PAIRED,0,0,ILLUMINA,Illumina MiSeq,SRP117119,PRJNA400628,,400628,SRS2499995,SAMN07583860,simple,408170,human gut metagenome,UMB08_02,,,,,,,no,,,,,BI,SRA604629,,public,71BF7BBD828B67A0B8342F41C1C5B64F,701B5390A9048EE5E95904304D22DAA3
SRR6018542,2017-09-07 19:31:10,2017-09-07 19:28:22,48486,16970100,48486,350,10,,https://sra-downloadb.be-md.ncbi.nlm.nih.gov/sos5/sra-pub-zq-14/SRR006/018/SRR6018542.sralite.1,SRX3169986,UMB07_10,AMPLICON,PCR,METAGENOMIC,PAIRED,0,0,ILLUMINA,Illumina MiSeq,SRP117119,PRJNA400628,,400628,SRS2499996,SAMN07583855,simple,408170,human gut metagenome,UMB07_10,,,,,,,no,,,,,BI,SRA604626,,public,4C2C99004A623A6C9B47A119E5259FCE,F806E8939F93C80269843525B95152F7
SRR6018453,2017-09-07 19:22:11,2017-09-07 19:20:26,82125,28743750,82125,350,15,,https://sra-downloadb.be-md.ncbi.nlm.nih.gov/sos5/sra-pub-zq-14/SRR006/018/SRR6018453.sralite.1,SRX3169968,UMB06_01,AMPLICON,PCR,METAGENOMIC,PAIRED,0,0,ILLUMINA,Illumina MiSeq,SRP117119,PRJNA400628,,400628,SRS2499978,SAMN07583835,simple,408170,human gut metagenome,UMB06_01,,,,,,,no,,,,,BI,SRA604598,,public,E08C7C7FA8B5D282DB5566B4B7A06B7B,D8A9C2E8C63DD79433FEB89516EBF155
SRR6018454,2017-09-07 19:22:11,2017-09-07 19:20:23,25370,8879500,25370,350,4,,https://sra-downloadb.be-md.ncbi.nlm.nih.gov/sos5/sra-pub-zq-14/SRR006/018/SRR6018454.sralite.1,SRX3169969,UMB07_00,AMPLICON,PCR,METAGENOMIC,PAIRED,0,0,ILLUMINA,Illumina MiSeq,SRP117119,PRJNA400628,,400628,SRS2499979,SAMN07583845,simple,408170,human gut metagenome,UMB07_00,,,,,,,no,,,,,BI,SRA604594,,public,CBCF576CF464E91FC14B9DF747F0B45E,7A2DCCD96538B040C0133CC72CCAECB0
SRR6018535,2017-09-07 19:27:11,2017-09-07 19:24:14,1260,441000,1260,350,0,,https://sra-downloadb.be-md.ncbi.nlm.nih.gov/sos5/sra-pub-zq-14/SRR006/018/SRR6018535.sralite.1,SRX3169979,UMB07_05,AMPLICON,PCR,METAGENOMIC,PAIRED,0,0,ILLUMINA,Illumina MiSeq,SRP117119,PRJNA400628,,400628,SRS2499989,SAMN07583850,simple,408170,human gut metagenome,UMB07_05,,,,,,,no,,,,,BI,SRA604583,,public,F86F72DAA4F31EBEB8DC8C9629FEB898,DE5ACCD0DD8B589B52F5E1269094FA69
SRR6018536,2017-09-07 19:27:11,2017-09-07 19:24:14,1337,467950,1337,350,0,,https://sra-downloadb.be-md.ncbi.nlm.nih.gov/sos5/sra-pub-zq-14/SRR006/018/SRR6018536.sralite.1,SRX3169980,UMB07_03,AMPLICON,PCR,METAGENOMIC,PAIRED,0,0,ILLUMINA,Illumina MiSeq,SRP117119,PRJNA400628,,400628,SRS2499990,SAMN07583848,simple,408170,human gut metagenome,UMB07_03,,,,,,,no,,,,,BI,SRA604590,,public,4000577F686EA2CE580D2370283C99EC,F1BE4485D805746F24C02A03353890EE
SRR6018537,2017-09-07 19:27:11,2017-09-07 19:24:15,17076,5976600,17076,350,3,,https://sra-downloadb.be-md.ncbi.nlm.nih.gov/sos5/sra-pub-zq-14/SRR006/018/SRR6018537.sralite.1,SRX3169981,UMB07_02,AMPLICON,PCR,METAGENOMIC,PAIRED,0,0,ILLUMINA,Illumina MiSeq,SRP117119,PRJNA400628,,400628,SRS2499991,SAMN07583847,simple,408170,human gut metagenome,UMB07_02,,,,,,,no,,,,,BI,SRA604597,,public,F20D8D947E6A1C2D23FD0EE5E00D3940,958F55877E415E6A14670FD1959A87EC
SRR6018448,2017-09-07 19:22:11,2017-09-07 19:20:22,111367,38978450,111367,350,20,,https://sra-downloadb.be-md.ncbi.nlm.nih.gov/sos5/sra-pub-zq-14/SRR006/018/SRR6018448.sralite.1,SRX3169963,UMB06_03,AMPLICON,PCR,METAGENOMIC,PAIRED,0,0,ILLUMINA,Illumina MiSeq,SRP117119,PRJNA400628,,400628,SRS2499973,SAMN07583837,simple,408170,human gut metagenome,UMB06_03,,,,,,,no,,,,,BI,SRA604593,,public,A1B8ED13E74BCF764FD177339979D4DE,93129C5683C4E6FCA945B01D8B09A064
SRR6018452,2017-09-07 19:22:11,2017-09-07 19:20:25,108629,38020150,108629,350,23,,https://sra-downloadb.be-md.ncbi.nlm.nih.gov/sos5/sra-pub-zq-14/SRR006/018/SRR6018452.sralite.1,SRX3169967,UMB06_07,AMPLICON,PCR,METAGENOMIC,PAIRED,0,0,ILLUMINA,Illumina MiSeq,SRP117119,PRJNA400628,,400628,SRS2499977,SAMN07583839,simple,408170,human gut metagenome,UMB06_07,,,,,,,no,,,,,BI,SRA604581,,public,B73B4309172CF74C9371FA5C472C3960,A594E1528EC502D59C5919ED883C46EC
SRR6018451,2017-09-07 19:22:11,2017-09-07 19:20:24,133384,46684400,133384,350,28,,https://sra-downloadb.be-md.ncbi.nlm.nih.gov/sos5/sra-pub-zq-14/SRR006/018/SRR6018451.sralite.1,SRX3169966,UMB06_08,AMPLICON,PCR,METAGENOMIC,PAIRED,0,0,ILLUMINA,Illumina MiSeq,SRP117119,PRJNA400628,,400628,SRS2499975,SAMN07583840,simple,408170,human gut metagenome,UMB06_08,,,,,,,no,,,,,BI,SRA604585,,public,1E9D626EB1EE305FFCF8787B20C8E098,D29F3324FD75EF66FA2C86D01F573DA7
SRR6018449,2017-09-07 19:22:11,2017-09-07 19:20:21,46,16100,46,350,0,,https://sra-downloadb.be-md.ncbi.nlm.nih.gov/sos5/sra-pub-zq-14/SRR006/018/SRR6018449.sralite.1,SRX3169964,UMB06_11,AMPLICON,PCR,METAGENOMIC,PAIRED,0,0,ILLUMINA,Illumina MiSeq,SRP117119,PRJNA400628,,400628,SRS2499974,SAMN07583843,simple,408170,human gut metagenome,UMB06_11,,,,,,,no,,,,,BI,SRA604603,,public,A5B28F324552E581281AE851568BE25D,123A76B62F30121AA7610BA7457FE22D
SRR6018450,2017-09-07 19:22:11,2017-09-07 19:20:25,97809,34233150,97809,350,21,,https://sra-downloadb.be-md.ncbi.nlm.nih.gov/sos5/sra-pub-zq-14/SRR006/018/SRR6018450.sralite.1,SRX3169965,UMB06_12,AMPLICON,PCR,METAGENOMIC,PAIRED,0,0,ILLUMINA,Illumina MiSeq,SRP117119,PRJNA400628,,400628,SRS2499976,SAMN07583844,simple,408170,human gut metagenome,UMB06_12,,,,,,,no,,,,,BI,SRA604589,,public,510A85B3AD51DB0871FF5F6F61DCE917,B96CE6C41F085E1F0081C0728F0322FB
SRR6018443,2017-09-07 19:17:10,2017-09-07 19:14:34,61360,21476000,61360,350,13,,https://sra-downloadb.be-md.ncbi.nlm.nih.gov/sos5/sra-pub-zq-14/SRR006/018/SRR6018443.sralite.1,SRX3169958,UMB05_09.1,AMPLICON,PCR,METAGENOMIC,PAIRED,0,0,ILLUMINA,Illumina MiSeq,SRP117119,PRJNA400628,,400628,SRS2499968,SAMN07583828,simple,408170,human gut metagenome,UMB05_09.1,,,,,,,no,,,,,BI,SRA604578,,public,4756A52893CFFD0DAC851CA3DF29B713,66FB64589F3A90016959AB69D8A50A24
SRR6018444,2017-09-07 19:22:11,2017-09-07 19:20:22,92905,32516750,92905,350,17,,https://sra-downloadb.be-md.ncbi.nlm.nih.gov/sos5/sra-pub-zq-14/SRR006/018/SRR6018444.sralite.1,SRX3169959,UMB06_05,AMPLICON,PCR,METAGENOMIC,PAIRED,0,0,ILLUMINA,Illumina MiSeq,SRP117119,PRJNA400628,,400628,SRS2499969,SAMN07583838,simple,408170,human gut metagenome,UMB06_05,,,,,,,no,,,,,BI,SRA604591,,public,4C70E56788B9EC50E4A1D7677C8D7502,41217A520246B47C6FE0735A36367D0B
SRR6018446,2017-09-07 19:22:11,2017-09-07 19:20:22,84109,29438150,84109,350,15,,https://sra-downloadb.be-md.ncbi.nlm.nih.gov/sos5/sra-pub-zq-14/SRR006/018/SRR6018446.sralite.1,SRX3169961,UMB06_02,AMPLICON,PCR,METAGENOMIC,PAIRED,0,0,ILLUMINA,Illumina MiSeq,SRP117119,PRJNA400628,,400628,SRS2499970,SAMN07583836,simple,408170,human gut metagenome,UMB06_02,,,,,,,no,,,,,BI,SRA604601,,public,C11FAD65B6FDA8DEC3C13A8D5FF83596,B6151A0AFD2ADE0A1FF7502750DC971A
SRR6018445,2017-09-07 19:22:11,2017-09-07 19:20:35,247414,86594900,247414,350,53,,https://sra-downloadb.be-md.ncbi.nlm.nih.gov/sos5/sra-pub-zq-14/SRR006/018/SRR6018445.sralite.1,SRX3169960,UMB06_09,AMPLICON,PCR,METAGENOMIC,PAIRED,0,0,ILLUMINA,Illumina MiSeq,SRP117119,PRJNA400628,,400628,SRS2499971,SAMN07583841,simple,408170,human gut metagenome,UMB06_09,,,,,,,no,,,,,BI,SRA604586,,public,C046EFCA3D4FBCEB45D5FC96657275FD,3FE0470633000DDA4B47F646A999A2FF
SRR6018447,2017-09-07 19:23:12,2017-09-07 19:20:57,721035,252362250,721035,350,156,,https://sra-downloadb.be-md.ncbi.nlm.nih.gov/sos5/sra-pub-zq-14/SRR006/018/SRR6018447.sralite.1,SRX3169962,UMB06_10,AMPLICON,PCR,METAGENOMIC,PAIRED,0,0,ILLUMINA,Illumina MiSeq,SRP117119,PRJNA400628,,400628,SRS2499972,SAMN07583842,simple,408170,human gut metagenome,UMB06_10,,,,,,,no,,,,,BI,SRA604595,,public,42542E6BF10606658AFC9A4FC318C2D2,6AE4261DB27FADF875774C98A5C7A613
SRR6018439,2017-09-07 19:17:10,2017-09-07 19:14:37,726461,254261350,726461,350,158,,https://sra-downloadb.be-md.ncbi.nlm.nih.gov/sos5/sra-pub-zq-14/SRR006/018/SRR6018439.sralite.1,SRX3169954,UMB05_05.1,AMPLICON,PCR,METAGENOMIC,PAIRED,0,0,ILLUMINA,Illumina MiSeq,SRP117119,PRJNA400628,,400628,SRS2499964,SAMN07583822,simple,408170,human gut metagenome,UMB05_05.1,,,,,,,no,,,,,BI,SRA604550,,public,71F28E0246E37FCF089A7E88827AC228,096F4636B81D3AE12F39B1E01009BCB9
SRR6018438,2017-09-07 19:17:10,2017-09-07 19:14:30,448202,156870700,448202,350,95,,https://sra-downloadb.be-md.ncbi.nlm.nih.gov/sos5/sra-pub-zq-14/SRR006/018/SRR6018438.sralite.1,SRX3169953,UMB05_06.1,AMPLICON,PCR,METAGENOMIC,PAIRED,0,0,ILLUMINA,Illumina MiSeq,SRP117119,PRJNA400628,,400628,SRS2499963,SAMN07583824,simple,408170,human gut metagenome,UMB05_06.1,,,,,,,no,,,,,BI,SRA604555,,public,3626FAA1C1CD6361E4ED2D2E75FBE731,711F60D4AC519D1707D435E8C31DFE6A
SRR6018440,2017-09-07 19:17:10,2017-09-07 19:14:31,112549,39392150,112549,350,24,,https://sra-downloadb.be-md.ncbi.nlm.nih.gov/sos5/sra-pub-zq-14/SRR006/018/SRR6018440.sralite.1,SRX3169955,UMB05_07,AMPLICON,PCR,METAGENOMIC,PAIRED,0,0,ILLUMINA,Illumina MiSeq,SRP117119,PRJNA400628,,400628,SRS2499965,SAMN07583825,simple,408170,human gut metagenome,UMB05_07,,,,,,,no,,,,,BI,SRA604569,,public,70FAFAC00EB802DF437835EC6BD355A1,FC36EA3A7AC950A4F78B50C2DCC39B36
SRR6018442,2017-09-07 19:17:10,2017-09-07 19:14:31,6632,2321200,6632,350,1,,https://sra-downloadb.be-md.ncbi.nlm.nih.gov/sos5/sra-pub-zq-14/SRR006/018/SRR6018442.sralite.1,SRX3169957,UMB05_09,AMPLICON,PCR,METAGENOMIC,PAIRED,0,0,ILLUMINA,Illumina MiSeq,SRP117119,PRJNA400628,,400628,SRS2499967,SAMN07583827,simple,408170,human gut metagenome,UMB05_09,,,,,,,no,,,,,BI,SRA604572,,public,D794AA8ED31F1662CF639CD927051AFB,C0071D9FDD9FEC930EACCE79734420A4
SRR6018441,2017-09-07 19:17:10,2017-09-07 19:14:53,448525,156983750,448525,350,98,,https://sra-downloadb.be-md.ncbi.nlm.nih.gov/sos5/sra-pub-zq-14/SRR006/018/SRR6018441.sralite.1,SRX3169956,UMB05_10,AMPLICON,PCR,METAGENOMIC,PAIRED,0,0,ILLUMINA,Illumina MiSeq,SRP117119,PRJNA400628,,400628,SRS2499966,SAMN07583830,simple,408170,human gut metagenome,UMB05_10,,,,,,,no,,,,,BI,SRA604584,,public,CAE2DB480DCBB07C4EAEAF9703413D9D,FB594960AA462A86F56BFFC567186F9C
SRR6018435,2017-09-07 19:17:10,2017-09-07 19:14:48,2250,787500,2250,350,0,,https://sra-downloadb.be-md.ncbi.nlm.nih.gov/sos5/sra-pub-zq-14/SRR006/018/SRR6018435.sralite.1,SRX3169950,UMB04_03,AMPLICON,PCR,METAGENOMIC,PAIRED,0,0,ILLUMINA,Illumina MiSeq,SRP117119,PRJNA400628,,400628,SRS2499960,SAMN07583806,simple,408170,human gut metagenome,UMB04_03,,,,,,,no,,,,,BI,SRA606315,,public,B23AFAE65BB50BCF8E1178F064EE3DD8,CF52F0078BEA667273546E35B0FD50D7
SRR6018434,2017-09-07 19:17:10,2017-09-07 19:14:33,722360,252826000,722360,350,155,,https://sra-downloadb.be-md.ncbi.nlm.nih.gov/sos5/sra-pub-zq-14/SRR006/018/SRR6018434.sralite.1,SRX3169949,UMB04_07,AMPLICON,PCR,METAGENOMIC,PAIRED,0,0,ILLUMINA,Illumina MiSeq,SRP117119,PRJNA400628,,400628,SRS2499959,SAMN07583810,simple,408170,human gut metagenome,UMB04_07,,,,,,,no,,,,,BI,SRA604561,,public,493908170602DAA786B7237E68A39B8D,18FA6D3BA68DD9905EEC2149DF8369BD
SRR6018432,2017-09-07 19:17:10,2017-09-07 19:14:23,111954,39183900,111954,350,20,,https://sra-downloadb.be-md.ncbi.nlm.nih.gov/sos5/sra-pub-zq-14/SRR006/018/SRR6018432.sralite.1,SRX3169947,UMB05_01,AMPLICON,PCR,METAGENOMIC,PAIRED,0,0,ILLUMINA,Illumina MiSeq,SRP117119,PRJNA400628,,400628,SRS2499957,SAMN07583817,simple,408170,human gut metagenome,UMB05_01,,,,,,,no,,,,,BI,SRA604563,,public,62E8EEEDB9EEFEE9EC3FA84ADBC4ACF2,CCA4829E9978F6458ECDB7B9854EDB6B
SRR6018433,2017-09-07 19:17:10,2017-09-07 19:14:23,39102,13685700,39102,350,6,,https://sra-downloadb.be-md.ncbi.nlm.nih.gov/sos5/sra-pub-zq-14/SRR006/018/SRR6018433.sralite.1,SRX3169948,UMB05_05,AMPLICON,PCR,METAGENOMIC,PAIRED,0,0,ILLUMINA,Illumina MiSeq,SRP117119,PRJNA400628,,400628,SRS2499958,SAMN07583821,simple,408170,human gut metagenome,UMB05_05,,,,,,,no,,,,,BI,SRA604558,,public,5B9305B0E89618CACC81AE8F1F9EBB78,B3BDA446B4025A12C8982B5238235499
SRR6018437,2017-09-07 19:17:10,2017-09-07 19:14:28,135704,47496400,135704,350,29,,https://sra-downloadb.be-md.ncbi.nlm.nih.gov/sos5/sra-pub-zq-14/SRR006/018/SRR6018437.sralite.1,SRX3169952,UMB05_09.2,AMPLICON,PCR,METAGENOMIC,PAIRED,0,0,ILLUMINA,Illumina MiSeq,SRP117119,PRJNA400628,,400628,SRS2499961,SAMN07583829,simple,408170,human gut metagenome,UMB05_09.2,,,,,,,no,,,,,BI,SRA604575,,public,9E2F1961D8241A228BA1D56FAFA1C28B,D7804ACEF76CFAB77A5998DEAF655D1F
SRR6018427,2017-09-07 19:17:10,2017-09-07 19:14:29,548505,191976750,548505,350,116,,https://sra-downloadb.be-md.ncbi.nlm.nih.gov/sos5/sra-pub-zq-14/SRR006/018/SRR6018427.sralite.1,SRX3169942,UMB04_09,AMPLICON,PCR,METAGENOMIC,PAIRED,0,0,ILLUMINA,Illumina MiSeq,SRP117119,PRJNA400628,,400628,SRS2499952,SAMN07583812,simple,408170,human gut metagenome,UMB04_09,,,,,,,no,,,,,BI,SRA604574,,public,80535902BB38B548F67D5C99200A424D,5677EADF68FE84CC5F79647BAEAC7ED6
SRR6018428,2017-09-07 19:17:10,2017-09-07 19:14:23,75134,26296900,75134,350,13,,https://sra-downloadb.be-md.ncbi.nlm.nih.gov/sos5/sra-pub-zq-14/SRR006/018/SRR6018428.sralite.1,SRX3169943,UMB04_05,AMPLICON,PCR,METAGENOMIC,PAIRED,0,0,ILLUMINA,Illumina MiSeq,SRP117119,PRJNA400628,,400628,SRS2499953,SAMN07583808,simple,408170,human gut metagenome,UMB04_05,,,,,,,no,,,,,BI,SRA606313,,public,E7F03CD8EB53FA79BE3C679B6DB21ED2,99557140241895E1D6DED877B4586592
SRR6018429,2017-09-07 19:17:10,2017-09-07 19:14:31,223630,78270500,223630,350,48,,https://sra-downloadb.be-md.ncbi.nlm.nih.gov/sos5/sra-pub-zq-14/SRR006/018/SRR6018429.sralite.1,SRX3169944,UMB05_11,AMPLICON,PCR,METAGENOMIC,PAIRED,0,0,ILLUMINA,Illumina MiSeq,SRP117119,PRJNA400628,,400628,SRS2499954,SAMN07583832,simple,408170,human gut metagenome,UMB05_11,,,,,,,no,,,,,BI,SRA604596,,public,562633A8C3B3ED22C0A2E256F8CF4B55,8D899F8DAA49575D3EA1E20047E66E80
SRR6018430,2017-09-07 19:17:10,2017-09-07 19:14:25,72264,25292400,72264,350,13,,https://sra-downloadb.be-md.ncbi.nlm.nih.gov/sos5/sra-pub-zq-14/SRR006/018/SRR6018430.sralite.1,SRX3169945,UMB06_00,AMPLICON,PCR,METAGENOMIC,PAIRED,0,0,ILLUMINA,Illumina MiSeq,SRP117119,PRJNA400628,,400628,SRS2499955,SAMN07583834,simple,408170,human gut metagenome,UMB06_00,,,,,,,no,,,,,BI,SRA604592,,public,A31C1D2D7CCAF7755DB8F51E1C4FA317,DBDEF36E7149EDE1BEC5AF668DA607B4
SRR6018431,2017-09-07 19:17:10,2017-09-07 19:14:32,765770,268019500,765770,350,166,,https://sra-downloadb.be-md.ncbi.nlm.nih.gov/sos5/sra-pub-zq-14/SRR006/018/SRR6018431.sralite.1,SRX3169946,UMB03_07,AMPLICON,PCR,METAGENOMIC,PAIRED,0,0,ILLUMINA,Illumina MiSeq,SRP117119,PRJNA400628,,400628,SRS2499956,SAMN07583797,simple,408170,human gut metagenome,UMB03_07,,,,,,,no,,,,,BI,SRA604554,,public,92570A025F1ADCCAAA57C034A303CD3A,0D8D413CD6749EC0DCF764C69FEB7B04
SRR6018422,2017-09-07 19:17:10,2017-09-07 19:14:20,21807,7632450,21807,350,4,,https://sra-downloadb.be-md.ncbi.nlm.nih.gov/sos5/sra-pub-zq-14/SRR006/018/SRR6018422.sralite.1,SRX3169937,UMB05_08,AMPLICON,PCR,METAGENOMIC,PAIRED,0,0,ILLUMINA,Illumina MiSeq,SRP117119,PRJNA400628,,400628,SRS2499947,SAMN07583826,simple,408170,human gut metagenome,UMB05_08,,,,,,,no,,,,,BI,SRA606317,,public,101CCA6589CB8338B91B14A03D1F69A6,34BD51C7E89A440DE12D01F0A76A33BE
SRR6018423,2017-09-07 19:17:10,2017-09-07 19:14:52,723321,253162350,723321,350,157,,https://sra-downloadb.be-md.ncbi.nlm.nih.gov/sos5/sra-pub-zq-14/SRR006/018/SRR6018423.sralite.1,SRX3169938,UMB05_12,AMPLICON,PCR,METAGENOMIC,PAIRED,0,0,ILLUMINA,Illumina MiSeq,SRP117119,PRJNA400628,,400628,SRS2499948,SAMN07583833,simple,408170,human gut metagenome,UMB05_12,,,,,,,no,,,,,BI,SRA604582,,public,9197990588B363248F8B5ED8066F8BD4,E583CD830CEAC4AEB9040AEC733FBA70
SRR6018424,2017-09-07 19:17:10,2017-09-07 19:14:27,380986,133345100,380986,350,81,,https://sra-downloadb.be-md.ncbi.nlm.nih.gov/sos5/sra-pub-zq-14/SRR006/018/SRR6018424.sralite.1,SRX3169939,UMB05_06,AMPLICON,PCR,METAGENOMIC,PAIRED,0,0,ILLUMINA,Illumina MiSeq,SRP117119,PRJNA400628,,400628,SRS2499949,SAMN07583823,simple,408170,human gut metagenome,UMB05_06,,,,,,,no,,,,,BI,SRA604553,,public,A4398CBC9A3920156EFD1ABFDB6115F3,91240FBDF1A65FBBED6E512BE522B580
SRR6018425,2017-09-07 19:17:10,2017-09-07 19:14:22,55684,19489400,55684,350,10,,https://sra-downloadb.be-md.ncbi.nlm.nih.gov/sos5/sra-pub-zq-14/SRR006/018/SRR6018425.sralite.1,SRX3169940,UMB05_00,AMPLICON,PCR,METAGENOMIC,PAIRED,0,0,ILLUMINA,Illumina MiSeq,SRP117119,PRJNA400628,,400628,SRS2499950,SAMN07583816,simple,408170,human gut metagenome,UMB05_00,,,,,,,no,,,,,BI,SRA604570,,public,7CF027D3275876D226EFE92F3CDF5021,98EF250AB8DF06701888D3B90A169553
SRR6018426,2017-09-07 19:17:10,2017-09-07 19:14:24,72002,25200700,72002,350,13,,https://sra-downloadb.be-md.ncbi.nlm.nih.gov/sos5/sra-pub-zq-14/SRR006/018/SRR6018426.sralite.1,SRX3169941,UMB05_02,AMPLICON,PCR,METAGENOMIC,PAIRED,0,0,ILLUMINA,Illumina MiSeq,SRP117119,PRJNA400628,,400628,SRS2499951,SAMN07583818,simple,408170,human gut metagenome,UMB05_02,,,,,,,no,,,,,BI,SRA606316,,public,AA174E08771D4A703190C8261FB97E30,0ED62DC0BD3538E685BE6A7DB6CE8FD3
SRR6018417,2017-09-07 19:12:11,2017-09-07 19:09:29,90170,31559500,90170,350,17,,https://sra-downloadb.be-md.ncbi.nlm.nih.gov/sos5/sra-pub-zq-14/SRR006/018/SRR6018417.sralite.1,SRX3169932,UMB03_01,AMPLICON,PCR,METAGENOMIC,PAIRED,0,0,ILLUMINA,Illumina MiSeq,SRP117119,PRJNA400628,,400628,SRS2499942,SAMN07583791,simple,408170,human gut metagenome,UMB03_01,,,,,,,no,,,,,BI,SRA604552,,public,6B5C743A852B2907DCBA7983A5F8CDA8,295F2753A59AF2665ACF3C4B6A82F8E7
SRR6018418,2017-09-07 19:14:13,2017-09-07 19:13:01,74042,25914700,74042,350,13,,https://sra-downloadb.be-md.ncbi.nlm.nih.gov/sos5/sra-pub-zq-14/SRR006/018/SRR6018418.sralite.1,SRX3169933,UMB04_06,AMPLICON,PCR,METAGENOMIC,PAIRED,0,0,ILLUMINA,Illumina MiSeq,SRP117119,PRJNA400628,,400628,SRS2499943,SAMN07583809,simple,408170,human gut metagenome,UMB04_06,,,,,,,no,,,,,BI,SRA604560,,public,1A5E29325F356AA375E5A50F4122DC8B,3DDB809E21E5EB426A11D67DCACD781D
SRR6018419,2017-09-07 19:14:13,2017-09-07 19:13:00,886,310100,886,350,0,,https://sra-downloadb.be-md.ncbi.nlm.nih.gov/sos5/sra-pub-zq-14/SRR006/018/SRR6018419.sralite.1,SRX3169934,UMB05_03,AMPLICON,PCR,METAGENOMIC,PAIRED,0,0,ILLUMINA,Illumina MiSeq,SRP117119,PRJNA400628,,400628,SRS2499944,SAMN07583819,simple,408170,human gut metagenome,UMB05_03,,,,,,,no,,,,,BI,SRA606312,,public,B4757D2662C83D0C9AE6DE654AB68DDD,16418C85100490852483C1E16E428EDC
SRR6018420,2017-09-07 19:17:10,2017-09-07 19:14:42,284248,99486800,284248,350,60,,https://sra-downloadb.be-md.ncbi.nlm.nih.gov/sos5/sra-pub-zq-14/SRR006/018/SRR6018420.sralite.1,SRX3169935,UMB04_08,AMPLICON,PCR,METAGENOMIC,PAIRED,0,0,ILLUMINA,Illumina MiSeq,SRP117119,PRJNA400628,,400628,SRS2499945,SAMN07583811,simple,408170,human gut metagenome,UMB04_08,,,,,,,no,,,,,BI,SRA606318,,public,01264DD5C9324AF71E44A76FCACD9F96,25A62E1F442A5A0DDFECAF1C95BFB206
SRR6018421,2017-09-07 19:17:10,2017-09-07 19:14:32,227385,79584750,227385,350,49,,https://sra-downloadb.be-md.ncbi.nlm.nih.gov/sos5/sra-pub-zq-14/SRR006/018/SRR6018421.sralite.1,SRX3169936,UMB05_10.1,AMPLICON,PCR,METAGENOMIC,PAIRED,0,0,ILLUMINA,Illumina MiSeq,SRP117119,PRJNA400628,,400628,SRS2499946,SAMN07583831,simple,408170,human gut metagenome,UMB05_10.1,,,,,,,no,,,,,BI,SRA604587,,public,FBC559443CD4C0584B8E3002EBA94AD7,93B67C9E31275B3E75EF70BCE035416E
SRR6018412,2017-09-07 19:12:10,2017-09-07 19:09:25,40149,14052150,40149,350,8,,https://sra-downloadb.be-md.ncbi.nlm.nih.gov/sos5/sra-pub-zq-14/SRR006/018/SRR6018412.sralite.1,SRX3169927,UMB03_08,AMPLICON,PCR,METAGENOMIC,PAIRED,0,0,ILLUMINA,Illumina MiSeq,SRP117119,PRJNA400628,,400628,SRS2499937,SAMN07583798,simple,408170,human gut metagenome,UMB03_08,,,,,,,no,,,,,BI,SRA604557,,public,F917C8EB39B902E02F1933B6B6225788,0CB5DC1038DCA45E97A12A52E4A27A4C
SRR6018413,2017-09-07 19:12:10,2017-09-07 19:09:32,171225,59928750,171225,350,36,,https://sra-downloadb.be-md.ncbi.nlm.nih.gov/sos5/sra-pub-zq-14/SRR006/018/SRR6018413.sralite.1,SRX3169928,UMB03_11,AMPLICON,PCR,METAGENOMIC,PAIRED,0,0,ILLUMINA,Illumina MiSeq,SRP117119,PRJNA400628,,400628,SRS2499938,SAMN07583801,simple,408170,human gut metagenome,UMB03_11,,,,,,,no,,,,,BI,SRA604556,,public,E3CBEA1BE66366D7738B1D1476FD884A,B4E4A6EF338C2443C5486343A3A89CDE
SRR6018415,2017-09-07 19:12:11,2017-09-07 19:09:27,52379,18332650,52379,350,9,,https://sra-downloadb.be-md.ncbi.nlm.nih.gov/sos5/sra-pub-zq-14/SRR006/018/SRR6018415.sralite.1,SRX3169930,UMB02_06,AMPLICON,PCR,METAGENOMIC,PAIRED,0,0,ILLUMINA,Illumina MiSeq,SRP117119,PRJNA400628,,400628,SRS2499939,SAMN07583783,simple,408170,human gut metagenome,UMB02_06,,,,,,,no,,,,,BI,SRA604580,,public,2FA55962AC85CC00158AF697FC671946,DBEABA86FCF842D51ABC42D115BA47FF
SRR6018414,2017-09-07 19:12:11,2017-09-07 19:09:24,2407,842450,2407,350,0,,https://sra-downloadb.be-md.ncbi.nlm.nih.gov/sos5/sra-pub-zq-14/SRR006/018/SRR6018414.sralite.1,SRX3169929,UMB02_03,AMPLICON,PCR,METAGENOMIC,PAIRED,0,0,ILLUMINA,Illumina MiSeq,SRP117119,PRJNA400628,,400628,SRS2499940,SAMN07583780,simple,408170,human gut metagenome,UMB02_03,,,,,,,no,,,,,BI,SRA604573,,public,4AD9CA9E87099D8B6D5AB80E303D8751,826BD57F82574A2C24BF71C5F93C89AE
SRR6018416,2017-09-07 19:12:11,2017-09-07 19:09:27,194300,68005000,194300,350,35,,https://sra-downloadb.be-md.ncbi.nlm.nih.gov/sos5/sra-pub-zq-14/SRR006/018/SRR6018416.sralite.1,SRX3169931,UMB04_00,AMPLICON,PCR,METAGENOMIC,PAIRED,0,0,ILLUMINA,Illumina MiSeq,SRP117119,PRJNA400628,,400628,SRS2499941,SAMN07583803,simple,408170,human gut metagenome,UMB04_00,,,,,,,no,,,,,BI,SRA604568,,public,F20E55147525011B9EA9EB3446B9F27D,10D7B8419604A895ADDAE60BECD74258
SRR6018407,2017-09-07 19:12:10,2017-09-07 19:09:24,153523,53733050,153523,350,33,,https://sra-downloadb.be-md.ncbi.nlm.nih.gov/sos5/sra-pub-zq-14/SRR006/018/SRR6018407.sralite.1,SRX3169922,UMB03_10,AMPLICON,PCR,METAGENOMIC,PAIRED,0,0,ILLUMINA,Illumina MiSeq,SRP117119,PRJNA400628,,400628,SRS2499932,SAMN07583800,simple,408170,human gut metagenome,UMB03_10,,,,,,,no,,,,,BI,SRA606309,,public,8EAAEDF461FAE0FB1ABD2A1A42877F1F,0C8FF8C6BDB3814A3E30521092AB1225
SRR6018408,2017-09-07 19:12:10,2017-09-07 19:09:16,2,700,2,350,0,,https://sra-downloadb.be-md.ncbi.nlm.nih.gov/sos5/sra-pub-zq-14/SRR006/018/SRR6018408.sralite.1,SRX3169923,UMB04_01,AMPLICON,PCR,METAGENOMIC,PAIRED,0,0,ILLUMINA,Illumina MiSeq,SRP117119,PRJNA400628,,400628,SRS2499933,SAMN07583804,simple,408170,human gut metagenome,UMB04_01,,,,,,,no,,,,,BI,SRA604571,,public,BB8692B46B7F24BABD43EAE1A81B5C54,AE5AC8577678C850D0BF3192D640DEDA
SRR6018409,2017-09-07 19:12:10,2017-09-07 19:09:19,99409,34793150,99409,350,18,,https://sra-downloadb.be-md.ncbi.nlm.nih.gov/sos5/sra-pub-zq-14/SRR006/018/SRR6018409.sralite.1,SRX3169924,UMB03_02,AMPLICON,PCR,METAGENOMIC,PAIRED,0,0,ILLUMINA,Illumina MiSeq,SRP117119,PRJNA400628,,400628,SRS2499934,SAMN07583792,simple,408170,human gut metagenome,UMB03_02,,,,,,,no,,,,,BI,SRA604546,,public,B2A470886F11244823D51C6402998BE4,15EC32FF9E415EFB4BF76338AC696D47
SRR6018410,2017-09-07 19:12:10,2017-09-07 19:09:23,2397,838950,2397,350,0,,https://sra-downloadb.be-md.ncbi.nlm.nih.gov/sos5/sra-pub-zq-14/SRR006/018/SRR6018410.sralite.1,SRX3169925,UMB04_02,AMPLICON,PCR,METAGENOMIC,PAIRED,0,0,ILLUMINA,Illumina MiSeq,SRP117119,PRJNA400628,,400628,SRS2499935,SAMN07583805,simple,408170,human gut metagenome,UMB04_02,,,,,,,no,,,,,BI,SRA604566,,public,D49897BF9288B3E495C10836B18A6E1F,439E3174C87EEB46FD2ECFF55148CD82
SRR6018411,2017-09-07 19:12:10,2017-09-07 19:09:26,161264,56442400,161264,350,30,,https://sra-downloadb.be-md.ncbi.nlm.nih.gov/sos5/sra-pub-zq-14/SRR006/018/SRR6018411.sralite.1,SRX3169926,UMB03_00,AMPLICON,PCR,METAGENOMIC,PAIRED,0,0,ILLUMINA,Illumina MiSeq,SRP117119,PRJNA400628,,400628,SRS2499936,SAMN07583790,simple,408170,human gut metagenome,UMB03_00,,,,,,,no,,,,,BI,SRA604562,,public,9F5866668FACF2E89DCA3293EBEFDE11,A13BDC30E267872B2D89A4960C0E47B6
SRR6018402,2017-09-07 19:05:11,2017-09-07 19:03:19,98007,34302450,98007,350,18,,https://sra-downloadb.be-md.ncbi.nlm.nih.gov/sos5/sra-pub-zq-14/SRR006/018/SRR6018402.sralite.1,SRX3169917,UMB02_02,AMPLICON,PCR,METAGENOMIC,PAIRED,0,0,ILLUMINA,Illumina MiSeq,SRP117119,PRJNA400628,,400628,SRS2499927,SAMN07583779,simple,408170,human gut metagenome,UMB02_02,,,,,,,no,,,,,BI,SRA604543,,public,61C03EEB276DFB0189FB914DD31C9025,EE33D0380CE0FF57EB64847EF3908DAF
SRR6018404,2017-09-07 19:12:10,2017-09-07 19:09:33,356959,124935650,356959,350,77,,https://sra-downloadb.be-md.ncbi.nlm.nih.gov/sos5/sra-pub-zq-14/SRR006/018/SRR6018404.sralite.1,SRX3169919,UMB02_10,AMPLICON,PCR,METAGENOMIC,PAIRED,0,0,ILLUMINA,Illumina MiSeq,SRP117119,PRJNA400628,,400628,SRS2499930,SAMN07583787,simple,408170,human gut metagenome,UMB02_10,,,,,,,no,,,,,BI,SRA604577,,public,401C152825E6198E50F29F26C5D1149A,CB0A7782551DFE5A14135ADEE03C6FE7
SRR6018403,2017-09-07 19:12:10,2017-09-07 19:09:18,93753,32813550,93753,350,17,,https://sra-downloadb.be-md.ncbi.nlm.nih.gov/sos5/sra-pub-zq-14/SRR006/018/SRR6018403.sralite.1,SRX3169918,UMB03_04,AMPLICON,PCR,METAGENOMIC,PAIRED,0,0,ILLUMINA,Illumina MiSeq,SRP117119,PRJNA400628,,400628,SRS2499928,SAMN07583794,simple,408170,human gut metagenome,UMB03_04,,,,,,,no,,,,,BI,SRA606310,,public,F9B20308E5AD34CA22CAB5445E0A3B18,1CFF20F10ED063A2DEA2DEAAA292D49F
SRR6018405,2017-09-07 19:12:10,2017-09-07 19:09:17,31488,11020800,31488,350,6,,https://sra-downloadb.be-md.ncbi.nlm.nih.gov/sos5/sra-pub-zq-14/SRR006/018/SRR6018405.sralite.1,SRX3169920,UMB03_09,AMPLICON,PCR,METAGENOMIC,PAIRED,0,0,ILLUMINA,Illumina MiSeq,SRP117119,PRJNA400628,,400628,SRS2499929,SAMN07583799,simple,408170,human gut metagenome,UMB03_09,,,,,,,no,,,,,BI,SRA606311,,public,FBAFB5F49B5DAEB68A046D8C3287228B,18EDD37D19A2BBBDE2FA15CE44F8DE9E
SRR6018406,2017-09-07 19:12:10,2017-09-07 19:09:18,92580,32403000,92580,350,16,,https://sra-downloadb.be-md.ncbi.nlm.nih.gov/sos5/sra-pub-zq-14/SRR006/018/SRR6018406.sralite.1,SRX3169921,UMB04_04,AMPLICON,PCR,METAGENOMIC,PAIRED,0,0,ILLUMINA,Illumina MiSeq,SRP117119,PRJNA400628,,400628,SRS2499931,SAMN07583807,simple,408170,human gut metagenome,UMB04_04,,,,,,,no,,,,,BI,SRA604544,,public,E2F1025B4EC62DCD1E69FDF5ED370C01,0AAA4311EF26A9E0DDED3E71E913825E
SRR6018396,2017-09-07 19:02:13,2017-09-07 18:59:37,73200,25620000,73200,350,13,,https://sra-downloadb.be-md.ncbi.nlm.nih.gov/sos5/sra-pub-zq-14/SRR006/018/SRR6018396.sralite.1,SRX3169911,UMB01_02,AMPLICON,PCR,METAGENOMIC,PAIRED,0,0,ILLUMINA,Illumina MiSeq,SRP117119,PRJNA400628,,400628,SRS2499920,SAMN07583766,simple,408170,human gut metagenome,UMB01_02,,,,,,,no,,,,,BI,SRA606305,,public,436E20FB3F6AEC631171B9EEBA59E216,79857B846F9BDAA9DBADC73DDE96F3DC
SRR6018398,2017-09-07 19:02:13,2017-09-07 18:59:41,1698,594300,1698,350,0,,https://sra-downloadb.be-md.ncbi.nlm.nih.gov/sos5/sra-pub-zq-14/SRR006/018/SRR6018398.sralite.1,SRX3169913,UMB01_04,AMPLICON,PCR,METAGENOMIC,PAIRED,0,0,ILLUMINA,Illumina MiSeq,SRP117119,PRJNA400628,,400628,SRS2499922,SAMN07583768,simple,408170,human gut metagenome,UMB01_04,,,,,,,no,,,,,BI,SRA604551,,public,47D50334033F2B9B42D3446BE7441441,1168A3E440F510C98E2E608DFDAB3225
SRR6018399,2017-09-07 19:05:11,2017-09-07 19:03:15,95204,33321400,95204,350,17,,https://sra-downloadb.be-md.ncbi.nlm.nih.gov/sos5/sra-pub-zq-14/SRR006/018/SRR6018399.sralite.1,SRX3169914,UMB02_01,AMPLICON,PCR,METAGENOMIC,PAIRED,0,0,ILLUMINA,Illumina MiSeq,SRP117119,PRJNA400628,,400628,SRS2499924,SAMN07583778,simple,408170,human gut metagenome,UMB02_01,,,,,,,no,,,,,BI,SRA606308,,public,655C4F39FF463B91A47B2CB444252363,4917407E8B2F43221E2929A9EE20F239
SRR6018400,2017-09-07 19:05:11,2017-09-07 19:03:19,245984,86094400,245984,350,45,,https://sra-downloadb.be-md.ncbi.nlm.nih.gov/sos5/sra-pub-zq-14/SRR006/018/SRR6018400.sralite.1,SRX3169915,UMB02_00,AMPLICON,PCR,METAGENOMIC,PAIRED,0,0,ILLUMINA,Illumina MiSeq,SRP117119,PRJNA400628,,400628,SRS2499925,SAMN07583777,simple,408170,human gut metagenome,UMB02_00,,,,,,,no,,,,,BI,SRA604545,,public,3E754C862DC8902F533FFF82930B3F5C,AAF76E804C342D6C42BA2548C1AA924D
SRR6018401,2017-09-07 19:05:11,2017-09-07 19:03:45,522709,182948150,522709,350,113,,https://sra-downloadb.be-md.ncbi.nlm.nih.gov/sos5/sra-pub-zq-14/SRR006/018/SRR6018401.sralite.1,SRX3169916,UMB01_12,AMPLICON,PCR,METAGENOMIC,PAIRED,0,0,ILLUMINA,Illumina MiSeq,SRP117119,PRJNA400628,,400628,SRS2499926,SAMN07583776,simple,408170,human gut metagenome,UMB01_12,,,,,,,no,,,,,BI,SRA606307,,public,7FF13D6388BE2D98DEAFA089098D3F8A,3B58D8EBA24063139FAB65AB95B08C54
SRR6018391,2017-09-07 19:02:13,2017-09-07 18:59:23,119109,41688150,119109,350,24,,https://sra-downloadb.be-md.ncbi.nlm.nih.gov/sos5/sra-pub-zq-14/SRR006/018/SRR6018391.sralite.1,SRX3169906,UMB01_08,AMPLICON,PCR,METAGENOMIC,PAIRED,0,0,ILLUMINA,Illumina MiSeq,SRP117119,PRJNA400628,,400628,SRS2499916,SAMN07583772,simple,408170,human gut metagenome,UMB01_08,,,,,,,no,,,,,BI,SRA604564,,public,2202BD6D8324A068E9C4334B83AFD89D,98136AA4AF58DF43E7E41EBC03E3A849
SRR6018392,2017-09-07 19:02:13,2017-09-07 18:59:35,279032,97661200,279032,350,60,,https://sra-downloadb.be-md.ncbi.nlm.nih.gov/sos5/sra-pub-zq-14/SRR006/018/SRR6018392.sralite.1,SRX3169907,UMB01_11,AMPLICON,PCR,METAGENOMIC,PAIRED,0,0,ILLUMINA,Illumina MiSeq,SRP117119,PRJNA400628,,400628,SRS2499917,SAMN07583775,simple,408170,human gut metagenome,UMB01_11,,,,,,,no,,,,,BI,SRA604576,,public,4857815C56CC4A1A4527FCDF8E66933B,DD356C57C3B946A2DCABA0412F51983D
SRR6018393,2017-09-07 19:02:13,2017-09-07 18:59:26,61775,21621250,61775,350,11,,https://sra-downloadb.be-md.ncbi.nlm.nih.gov/sos5/sra-pub-zq-14/SRR006/018/SRR6018393.sralite.1,SRX3169908,UMB01_03,AMPLICON,PCR,METAGENOMIC,PAIRED,0,0,ILLUMINA,Illumina MiSeq,SRP117119,PRJNA400628,,400628,SRS2499918,SAMN07583767,simple,408170,human gut metagenome,UMB01_03,,,,,,,no,,,,,BI,SRA606302,,public,33887D5C1314ED9B68943F74CF950BA7,AC7AF025E5A5BB8A93EEB348486EEFFE
SRR6018394,2017-09-07 19:02:13,2017-09-07 18:59:48,796757,278864950,0,350,169,,https://sra-downloadb.be-md.ncbi.nlm.nih.gov/sos5/sra-pub-zq-14/SRR006/018/SRR6018394.sralite.1,SRX3169909,UMB01_07,AMPLICON,PCR,METAGENOMIC,PAIRED,0,0,ILLUMINA,Illumina MiSeq,SRP117119,PRJNA400628,,400628,SRS2499919,SAMN07583771,simple,408170,human gut metagenome,UMB01_07,,,,,,,no,,,,,BI,SRA606306,,public,,
SRR6018395,2017-09-07 19:02:13,2017-09-07 18:59:33,51330,17965500,51330,350,9,,https://sra-downloadb.be-md.ncbi.nlm.nih.gov/sos5/sra-pub-zq-14/SRR006/018/SRR6018395.sralite.1,SRX3169910,UMB01_05,AMPLICON,PCR,METAGENOMIC,PAIRED,0,0,ILLUMINA,Illumina MiSeq,SRP117119,PRJNA400628,,400628,SRS2499921,SAMN07583769,simple,408170,human gut metagenome,UMB01_05,,,,,,,no,,,,,BI,SRA604579,,public,57AF59B46CC716081FDB577E224970EC,BBBC08DFC05134F76FF968F9DEFC3425
SRR6018388,2017-09-07 19:02:13,2017-09-07 18:59:44,487408,170592800,487408,350,105,,https://sra-downloadb.be-md.ncbi.nlm.nih.gov/sos5/sra-pub-zq-14/SRR006/018/SRR6018388.sralite.1,SRX3169903,UMB01_10,AMPLICON,PCR,METAGENOMIC,PAIRED,0,0,ILLUMINA,Illumina MiSeq,SRP117119,PRJNA400628,,400628,SRS2499913,SAMN07583774,simple,408170,human gut metagenome,UMB01_10,,,,,,,no,,,,,BI,SRA606301,,public,E5A66C6F4572E3AB0FE120E8958DC7C0,D04938DE8C6D99763F8BA7493991422B
SRR6018389,2017-09-07 19:02:13,2017-09-07 18:59:30,169613,59364550,169613,350,36,,https://sra-downloadb.be-md.ncbi.nlm.nih.gov/sos5/sra-pub-zq-14/SRR006/018/SRR6018389.sralite.1,SRX3169904,UMB01_09,AMPLICON,PCR,METAGENOMIC,PAIRED,0,0,ILLUMINA,Illumina MiSeq,SRP117119,PRJNA400628,,400628,SRS2499914,SAMN07583773,simple,408170,human gut metagenome,UMB01_09,,,,,,,no,,,,,BI,SRA604565,,public,386374B337010F68529B8299CEE66271,61E242999CA2BAA035E8FB7D138374A9
SRR6018390,2017-09-07 19:02:13,2017-09-07 18:59:22,3036,1062600,3036,350,0,,https://sra-downloadb.be-md.ncbi.nlm.nih.gov/sos5/sra-pub-zq-14/SRR006/018/SRR6018390.sralite.1,SRX3169905,UMB01_01,AMPLICON,PCR,METAGENOMIC,PAIRED,0,0,ILLUMINA,Illumina MiSeq,SRP117119,PRJNA400628,,400628,SRS2499915,SAMN07583765,simple,408170,human gut metagenome,UMB01_01,,,,,,,no,,,,,BI,SRA606303,,public,A7BF80EEDA34CB35252F5E7EBD1D28E9,59D1D46F0318A8DBA32048EF6E8A4696
